// ImgUI Shaders

//////////////////////////////////////////////////////////////////////////////////////////////////////////////////////
// Build of vertex shader from vs_imgui.sc to vs_imgui with options: NOSTEREO
static const uint8_t vs_imgui_mtl[1125] =
{
	0x56, 0x53, 0x48, 0x0c, 0x00, 0x00, 0x00, 0x00, 0x4f, 0x45, 0x98, 0x49, 0x00, 0x00, 0x00, 0x00, // VSH.....OE.I....
	0x00, 0x00, 0x00, 0x00, 0x02, 0x00, 0x0c, 0x6d, 0x61, 0x74, 0x57, 0x6f, 0x72, 0x6c, 0x64, 0x56, // .......matWorldV
	0x69, 0x65, 0x77, 0x04, 0x01, 0x00, 0x00, 0x04, 0x00, 0x00, 0x00, 0x00, 0x00, 0x11, 0x73, 0x74, // iew...........st
	0x61, 0x74, 0x69, 0x63, 0x43, 0x6f, 0x6c, 0x6f, 0x72, 0x5f, 0x41, 0x6c, 0x70, 0x68, 0x61, 0x02, // aticColor_Alpha.
	0x01, 0x40, 0x00, 0x01, 0x00, 0x00, 0x00, 0x00, 0x00, 0x0e, 0x04, 0x00, 0x00, 0x23, 0x69, 0x6e, // .@...........#in
	0x63, 0x6c, 0x75, 0x64, 0x65, 0x20, 0x3c, 0x6d, 0x65, 0x74, 0x61, 0x6c, 0x5f, 0x73, 0x74, 0x64, // clude <metal_std
	0x6c, 0x69, 0x62, 0x3e, 0x0a, 0x23, 0x69, 0x6e, 0x63, 0x6c, 0x75, 0x64, 0x65, 0x20, 0x3c, 0x73, // lib>.#include <s
	0x69, 0x6d, 0x64, 0x2f, 0x73, 0x69, 0x6d, 0x64, 0x2e, 0x68, 0x3e, 0x0a, 0x0a, 0x75, 0x73, 0x69, // imd/simd.h>..usi
	0x6e, 0x67, 0x20, 0x6e, 0x61, 0x6d, 0x65, 0x73, 0x70, 0x61, 0x63, 0x65, 0x20, 0x6d, 0x65, 0x74, // ng namespace met
	0x61, 0x6c, 0x3b, 0x0a, 0x0a, 0x73, 0x74, 0x72, 0x75, 0x63, 0x74, 0x20, 0x5f, 0x47, 0x6c, 0x6f, // al;..struct _Glo
	0x62, 0x61, 0x6c, 0x0a, 0x7b, 0x0a, 0x20, 0x20, 0x20, 0x20, 0x66, 0x6c, 0x6f, 0x61, 0x74, 0x34, // bal.{.    float4
	0x78, 0x34, 0x20, 0x6d, 0x61, 0x74, 0x57, 0x6f, 0x72, 0x6c, 0x64, 0x56, 0x69, 0x65, 0x77, 0x3b, // x4 matWorldView;
	0x0a, 0x20, 0x20, 0x20, 0x20, 0x66, 0x6c, 0x6f, 0x61, 0x74, 0x34, 0x20, 0x73, 0x74, 0x61, 0x74, // .    float4 stat
	0x69, 0x63, 0x43, 0x6f, 0x6c, 0x6f, 0x72, 0x5f, 0x41, 0x6c, 0x70, 0x68, 0x61, 0x3b, 0x0a, 0x7d, // icColor_Alpha;.}
	0x3b, 0x0a, 0x0a, 0x73, 0x74, 0x72, 0x75, 0x63, 0x74, 0x20, 0x78, 0x6c, 0x61, 0x74, 0x4d, 0x74, // ;..struct xlatMt
	0x6c, 0x4d, 0x61, 0x69, 0x6e, 0x5f, 0x6f, 0x75, 0x74, 0x0a, 0x7b, 0x0a, 0x20, 0x20, 0x20, 0x20, // lMain_out.{.    
	0x66, 0x6c, 0x6f, 0x61, 0x74, 0x34, 0x20, 0x5f, 0x65, 0x6e, 0x74, 0x72, 0x79, 0x50, 0x6f, 0x69, // float4 _entryPoi
	0x6e, 0x74, 0x4f, 0x75, 0x74, 0x70, 0x75, 0x74, 0x5f, 0x76, 0x5f, 0x63, 0x6f, 0x6c, 0x6f, 0x72, // ntOutput_v_color
	0x30, 0x20, 0x5b, 0x5b, 0x75, 0x73, 0x65, 0x72, 0x28, 0x6c, 0x6f, 0x63, 0x6e, 0x30, 0x29, 0x5d, // 0 [[user(locn0)]
	0x5d, 0x3b, 0x0a, 0x20, 0x20, 0x20, 0x20, 0x66, 0x6c, 0x6f, 0x61, 0x74, 0x32, 0x20, 0x5f, 0x65, // ];.    float2 _e
	0x6e, 0x74, 0x72, 0x79, 0x50, 0x6f, 0x69, 0x6e, 0x74, 0x4f, 0x75, 0x74, 0x70, 0x75, 0x74, 0x5f, // ntryPointOutput_
	0x76, 0x5f, 0x74, 0x65, 0x78, 0x63, 0x6f, 0x6f, 0x72, 0x64, 0x30, 0x20, 0x5b, 0x5b, 0x75, 0x73, // v_texcoord0 [[us
	0x65, 0x72, 0x28, 0x6c, 0x6f, 0x63, 0x6e, 0x31, 0x29, 0x5d, 0x5d, 0x3b, 0x0a, 0x20, 0x20, 0x20, // er(locn1)]];.   
	0x20, 0x66, 0x6c, 0x6f, 0x61, 0x74, 0x32, 0x20, 0x5f, 0x65, 0x6e, 0x74, 0x72, 0x79, 0x50, 0x6f, //  float2 _entryPo
	0x69, 0x6e, 0x74, 0x4f, 0x75, 0x74, 0x70, 0x75, 0x74, 0x5f, 0x76, 0x5f, 0x74, 0x65, 0x78, 0x63, // intOutput_v_texc
	0x6f, 0x6f, 0x72, 0x64, 0x31, 0x20, 0x5b, 0x5b, 0x75, 0x73, 0x65, 0x72, 0x28, 0x6c, 0x6f, 0x63, // oord1 [[user(loc
	0x6e, 0x32, 0x29, 0x5d, 0x5d, 0x3b, 0x0a, 0x20, 0x20, 0x20, 0x20, 0x66, 0x6c, 0x6f, 0x61, 0x74, // n2)]];.    float
	0x34, 0x20, 0x67, 0x6c, 0x5f, 0x50, 0x6f, 0x73, 0x69, 0x74, 0x69, 0x6f, 0x6e, 0x20, 0x5b, 0x5b, // 4 gl_Position [[
	0x70, 0x6f, 0x73, 0x69, 0x74, 0x69, 0x6f, 0x6e, 0x5d, 0x5d, 0x3b, 0x0a, 0x7d, 0x3b, 0x0a, 0x0a, // position]];.};..
	0x73, 0x74, 0x72, 0x75, 0x63, 0x74, 0x20, 0x78, 0x6c, 0x61, 0x74, 0x4d, 0x74, 0x6c, 0x4d, 0x61, // struct xlatMtlMa
	0x69, 0x6e, 0x5f, 0x69, 0x6e, 0x0a, 0x7b, 0x0a, 0x20, 0x20, 0x20, 0x20, 0x66, 0x6c, 0x6f, 0x61, // in_in.{.    floa
	0x74, 0x33, 0x20, 0x61, 0x5f, 0x6e, 0x6f, 0x72, 0x6d, 0x61, 0x6c, 0x20, 0x5b, 0x5b, 0x61, 0x74, // t3 a_normal [[at
	0x74, 0x72, 0x69, 0x62, 0x75, 0x74, 0x65, 0x28, 0x30, 0x29, 0x5d, 0x5d, 0x3b, 0x0a, 0x20, 0x20, // tribute(0)]];.  
	0x20, 0x20, 0x66, 0x6c, 0x6f, 0x61, 0x74, 0x33, 0x20, 0x61, 0x5f, 0x70, 0x6f, 0x73, 0x69, 0x74, //   float3 a_posit
	0x69, 0x6f, 0x6e, 0x20, 0x5b, 0x5b, 0x61, 0x74, 0x74, 0x72, 0x69, 0x62, 0x75, 0x74, 0x65, 0x28, // ion [[attribute(
	0x31, 0x29, 0x5d, 0x5d, 0x3b, 0x0a, 0x20, 0x20, 0x20, 0x20, 0x66, 0x6c, 0x6f, 0x61, 0x74, 0x32, // 1)]];.    float2
	0x20, 0x61, 0x5f, 0x74, 0x65, 0x78, 0x63, 0x6f, 0x6f, 0x72, 0x64, 0x30, 0x20, 0x5b, 0x5b, 0x61, //  a_texcoord0 [[a
	0x74, 0x74, 0x72, 0x69, 0x62, 0x75, 0x74, 0x65, 0x28, 0x32, 0x29, 0x5d, 0x5d, 0x3b, 0x0a, 0x7d, // ttribute(2)]];.}
	0x3b, 0x0a, 0x0a, 0x76, 0x65, 0x72, 0x74, 0x65, 0x78, 0x20, 0x78, 0x6c, 0x61, 0x74, 0x4d, 0x74, // ;..vertex xlatMt
	0x6c, 0x4d, 0x61, 0x69, 0x6e, 0x5f, 0x6f, 0x75, 0x74, 0x20, 0x78, 0x6c, 0x61, 0x74, 0x4d, 0x74, // lMain_out xlatMt
	0x6c, 0x4d, 0x61, 0x69, 0x6e, 0x28, 0x78, 0x6c, 0x61, 0x74, 0x4d, 0x74, 0x6c, 0x4d, 0x61, 0x69, // lMain(xlatMtlMai
	0x6e, 0x5f, 0x69, 0x6e, 0x20, 0x69, 0x6e, 0x20, 0x5b, 0x5b, 0x73, 0x74, 0x61, 0x67, 0x65, 0x5f, // n_in in [[stage_
	0x69, 0x6e, 0x5d, 0x5d, 0x2c, 0x20, 0x63, 0x6f, 0x6e, 0x73, 0x74, 0x61, 0x6e, 0x74, 0x20, 0x5f, // in]], constant _
	0x47, 0x6c, 0x6f, 0x62, 0x61, 0x6c, 0x26, 0x20, 0x5f, 0x6d, 0x74, 0x6c, 0x5f, 0x75, 0x20, 0x5b, // Global& _mtl_u [
	0x5b, 0x62, 0x75, 0x66, 0x66, 0x65, 0x72, 0x28, 0x30, 0x29, 0x5d, 0x5d, 0x29, 0x0a, 0x7b, 0x0a, // [buffer(0)]]).{.
	0x20, 0x20, 0x20, 0x20, 0x78, 0x6c, 0x61, 0x74, 0x4d, 0x74, 0x6c, 0x4d, 0x61, 0x69, 0x6e, 0x5f, //     xlatMtlMain_
	0x6f, 0x75, 0x74, 0x20, 0x6f, 0x75, 0x74, 0x20, 0x3d, 0x20, 0x7b, 0x7d, 0x3b, 0x0a, 0x20, 0x20, // out out = {};.  
	0x20, 0x20, 0x66, 0x6c, 0x6f, 0x61, 0x74, 0x34, 0x20, 0x5f, 0x31, 0x35, 0x33, 0x20, 0x3d, 0x20, //   float4 _153 = 
	0x5f, 0x6d, 0x74, 0x6c, 0x5f, 0x75, 0x2e, 0x6d, 0x61, 0x74, 0x57, 0x6f, 0x72, 0x6c, 0x64, 0x56, // _mtl_u.matWorldV
	0x69, 0x65, 0x77, 0x20, 0x2a, 0x20, 0x66, 0x6c, 0x6f, 0x61, 0x74, 0x34, 0x28, 0x69, 0x6e, 0x2e, // iew * float4(in.
	0x61, 0x5f, 0x70, 0x6f, 0x73, 0x69, 0x74, 0x69, 0x6f, 0x6e, 0x2e, 0x78, 0x79, 0x2c, 0x20, 0x30, // a_position.xy, 0
	0x2e, 0x30, 0x2c, 0x20, 0x31, 0x2e, 0x30, 0x29, 0x3b, 0x0a, 0x20, 0x20, 0x20, 0x20, 0x6f, 0x75, // .0, 1.0);.    ou
	0x74, 0x2e, 0x67, 0x6c, 0x5f, 0x50, 0x6f, 0x73, 0x69, 0x74, 0x69, 0x6f, 0x6e, 0x20, 0x3d, 0x20, // t.gl_Position = 
	0x66, 0x6c, 0x6f, 0x61, 0x74, 0x34, 0x28, 0x5f, 0x31, 0x35, 0x33, 0x2e, 0x78, 0x79, 0x2c, 0x20, // float4(_153.xy, 
	0x30, 0x2e, 0x30, 0x2c, 0x20, 0x5f, 0x31, 0x35, 0x33, 0x2e, 0x77, 0x29, 0x3b, 0x0a, 0x20, 0x20, // 0.0, _153.w);.  
	0x20, 0x20, 0x6f, 0x75, 0x74, 0x2e, 0x5f, 0x65, 0x6e, 0x74, 0x72, 0x79, 0x50, 0x6f, 0x69, 0x6e, //   out._entryPoin
	0x74, 0x4f, 0x75, 0x74, 0x70, 0x75, 0x74, 0x5f, 0x76, 0x5f, 0x63, 0x6f, 0x6c, 0x6f, 0x72, 0x30, // tOutput_v_color0
	0x20, 0x3d, 0x20, 0x66, 0x6c, 0x6f, 0x61, 0x74, 0x34, 0x28, 0x69, 0x6e, 0x2e, 0x61, 0x5f, 0x6e, //  = float4(in.a_n
	0x6f, 0x72, 0x6d, 0x61, 0x6c, 0x20, 0x2a, 0x20, 0x5f, 0x6d, 0x74, 0x6c, 0x5f, 0x75, 0x2e, 0x73, // ormal * _mtl_u.s
	0x74, 0x61, 0x74, 0x69, 0x63, 0x43, 0x6f, 0x6c, 0x6f, 0x72, 0x5f, 0x41, 0x6c, 0x70, 0x68, 0x61, // taticColor_Alpha
	0x2e, 0x77, 0x2c, 0x20, 0x69, 0x6e, 0x2e, 0x61, 0x5f, 0x70, 0x6f, 0x73, 0x69, 0x74, 0x69, 0x6f, // .w, in.a_positio
	0x6e, 0x2e, 0x7a, 0x29, 0x3b, 0x0a, 0x20, 0x20, 0x20, 0x20, 0x6f, 0x75, 0x74, 0x2e, 0x5f, 0x65, // n.z);.    out._e
	0x6e, 0x74, 0x72, 0x79, 0x50, 0x6f, 0x69, 0x6e, 0x74, 0x4f, 0x75, 0x74, 0x70, 0x75, 0x74, 0x5f, // ntryPointOutput_
	0x76, 0x5f, 0x74, 0x65, 0x78, 0x63, 0x6f, 0x6f, 0x72, 0x64, 0x30, 0x20, 0x3d, 0x20, 0x69, 0x6e, // v_texcoord0 = in
	0x2e, 0x61, 0x5f, 0x74, 0x65, 0x78, 0x63, 0x6f, 0x6f, 0x72, 0x64, 0x30, 0x3b, 0x0a, 0x20, 0x20, // .a_texcoord0;.  
	0x20, 0x20, 0x6f, 0x75, 0x74, 0x2e, 0x5f, 0x65, 0x6e, 0x74, 0x72, 0x79, 0x50, 0x6f, 0x69, 0x6e, //   out._entryPoin
	0x74, 0x4f, 0x75, 0x74, 0x70, 0x75, 0x74, 0x5f, 0x76, 0x5f, 0x74, 0x65, 0x78, 0x63, 0x6f, 0x6f, // tOutput_v_texcoo
	0x72, 0x64, 0x31, 0x20, 0x3d, 0x20, 0x69, 0x6e, 0x2e, 0x61, 0x5f, 0x70, 0x6f, 0x73, 0x69, 0x74, // rd1 = in.a_posit
	0x69, 0x6f, 0x6e, 0x2e, 0x78, 0x79, 0x3b, 0x0a, 0x20, 0x20, 0x20, 0x20, 0x72, 0x65, 0x74, 0x75, // ion.xy;.    retu
	0x72, 0x6e, 0x20, 0x6f, 0x75, 0x74, 0x3b, 0x0a, 0x7d, 0x0a, 0x0a, 0x00, 0x03, 0x02, 0x00, 0x01, // rn out;.}.......
	0x00, 0x10, 0x00, 0x50, 0x00,                                                                   // ...P.
};
static const uint8_t vs_imgui_essl[578] =
{
	0x56, 0x53, 0x48, 0x0c, 0x00, 0x00, 0x00, 0x00, 0x4f, 0x45, 0x98, 0x49, 0x00, 0x00, 0x00, 0x00, // VSH.....OE.I....
	0x00, 0x00, 0x00, 0x00, 0x02, 0x00, 0x0c, 0x6d, 0x61, 0x74, 0x57, 0x6f, 0x72, 0x6c, 0x64, 0x56, // .......matWorldV
	0x69, 0x65, 0x77, 0x04, 0x01, 0x00, 0x00, 0x04, 0x00, 0x00, 0x00, 0x00, 0x00, 0x11, 0x73, 0x74, // iew...........st
	0x61, 0x74, 0x69, 0x63, 0x43, 0x6f, 0x6c, 0x6f, 0x72, 0x5f, 0x41, 0x6c, 0x70, 0x68, 0x61, 0x02, // aticColor_Alpha.
	0x01, 0x00, 0x00, 0x01, 0x00, 0x00, 0x00, 0x00, 0x00, 0xf4, 0x01, 0x00, 0x00, 0x0a, 0x75, 0x6e, // ..............un
	0x69, 0x66, 0x6f, 0x72, 0x6d, 0x20, 0x6d, 0x61, 0x74, 0x34, 0x20, 0x6d, 0x61, 0x74, 0x57, 0x6f, // iform mat4 matWo
	0x72, 0x6c, 0x64, 0x56, 0x69, 0x65, 0x77, 0x3b, 0x0a, 0x75, 0x6e, 0x69, 0x66, 0x6f, 0x72, 0x6d, // rldView;.uniform
	0x20, 0x76, 0x65, 0x63, 0x34, 0x20, 0x73, 0x74, 0x61, 0x74, 0x69, 0x63, 0x43, 0x6f, 0x6c, 0x6f, //  vec4 staticColo
	0x72, 0x5f, 0x41, 0x6c, 0x70, 0x68, 0x61, 0x3b, 0x0a, 0x0a, 0x6f, 0x75, 0x74, 0x20, 0x76, 0x65, // r_Alpha;..out ve
	0x63, 0x32, 0x20, 0x76, 0x5f, 0x74, 0x65, 0x78, 0x63, 0x6f, 0x6f, 0x72, 0x64, 0x31, 0x3b, 0x0a, // c2 v_texcoord1;.
	0x6c, 0x61, 0x79, 0x6f, 0x75, 0x74, 0x28, 0x6c, 0x6f, 0x63, 0x61, 0x74, 0x69, 0x6f, 0x6e, 0x20, // layout(location 
	0x3d, 0x20, 0x31, 0x29, 0x20, 0x69, 0x6e, 0x20, 0x76, 0x65, 0x63, 0x33, 0x20, 0x61, 0x5f, 0x70, // = 1) in vec3 a_p
	0x6f, 0x73, 0x69, 0x74, 0x69, 0x6f, 0x6e, 0x3b, 0x0a, 0x6f, 0x75, 0x74, 0x20, 0x76, 0x65, 0x63, // osition;.out vec
	0x32, 0x20, 0x76, 0x5f, 0x74, 0x65, 0x78, 0x63, 0x6f, 0x6f, 0x72, 0x64, 0x30, 0x3b, 0x0a, 0x6c, // 2 v_texcoord0;.l
	0x61, 0x79, 0x6f, 0x75, 0x74, 0x28, 0x6c, 0x6f, 0x63, 0x61, 0x74, 0x69, 0x6f, 0x6e, 0x20, 0x3d, // ayout(location =
	0x20, 0x32, 0x29, 0x20, 0x69, 0x6e, 0x20, 0x76, 0x65, 0x63, 0x32, 0x20, 0x61, 0x5f, 0x74, 0x65, //  2) in vec2 a_te
	0x78, 0x63, 0x6f, 0x6f, 0x72, 0x64, 0x30, 0x3b, 0x0a, 0x6f, 0x75, 0x74, 0x20, 0x76, 0x65, 0x63, // xcoord0;.out vec
	0x34, 0x20, 0x76, 0x5f, 0x63, 0x6f, 0x6c, 0x6f, 0x72, 0x30, 0x3b, 0x0a, 0x6c, 0x61, 0x79, 0x6f, // 4 v_color0;.layo
	0x75, 0x74, 0x28, 0x6c, 0x6f, 0x63, 0x61, 0x74, 0x69, 0x6f, 0x6e, 0x20, 0x3d, 0x20, 0x30, 0x29, // ut(location = 0)
	0x20, 0x69, 0x6e, 0x20, 0x76, 0x65, 0x63, 0x33, 0x20, 0x61, 0x5f, 0x6e, 0x6f, 0x72, 0x6d, 0x61, //  in vec3 a_norma
	0x6c, 0x3b, 0x0a, 0x0a, 0x76, 0x6f, 0x69, 0x64, 0x20, 0x6d, 0x61, 0x69, 0x6e, 0x28, 0x29, 0x0a, // l;..void main().
	0x7b, 0x0a, 0x20, 0x20, 0x20, 0x20, 0x76, 0x5f, 0x74, 0x65, 0x78, 0x63, 0x6f, 0x6f, 0x72, 0x64, // {.    v_texcoord
	0x31, 0x20, 0x3d, 0x20, 0x61, 0x5f, 0x70, 0x6f, 0x73, 0x69, 0x74, 0x69, 0x6f, 0x6e, 0x2e, 0x78, // 1 = a_position.x
	0x79, 0x3b, 0x0a, 0x20, 0x20, 0x20, 0x20, 0x76, 0x65, 0x63, 0x34, 0x20, 0x5f, 0x33, 0x31, 0x20, // y;.    vec4 _31 
	0x3d, 0x20, 0x6d, 0x61, 0x74, 0x57, 0x6f, 0x72, 0x6c, 0x64, 0x56, 0x69, 0x65, 0x77, 0x20, 0x2a, // = matWorldView *
	0x20, 0x76, 0x65, 0x63, 0x34, 0x28, 0x61, 0x5f, 0x70, 0x6f, 0x73, 0x69, 0x74, 0x69, 0x6f, 0x6e, //  vec4(a_position
	0x2e, 0x78, 0x79, 0x2c, 0x20, 0x30, 0x2e, 0x30, 0x2c, 0x20, 0x31, 0x2e, 0x30, 0x29, 0x3b, 0x0a, // .xy, 0.0, 1.0);.
	0x20, 0x20, 0x20, 0x20, 0x67, 0x6c, 0x5f, 0x50, 0x6f, 0x73, 0x69, 0x74, 0x69, 0x6f, 0x6e, 0x20, //     gl_Position 
	0x3d, 0x20, 0x76, 0x65, 0x63, 0x34, 0x28, 0x5f, 0x33, 0x31, 0x2e, 0x78, 0x79, 0x2c, 0x20, 0x30, // = vec4(_31.xy, 0
	0x2e, 0x30, 0x2c, 0x20, 0x5f, 0x33, 0x31, 0x2e, 0x77, 0x29, 0x3b, 0x0a, 0x20, 0x20, 0x20, 0x20, // .0, _31.w);.    
	0x76, 0x5f, 0x74, 0x65, 0x78, 0x63, 0x6f, 0x6f, 0x72, 0x64, 0x30, 0x20, 0x3d, 0x20, 0x61, 0x5f, // v_texcoord0 = a_
	0x74, 0x65, 0x78, 0x63, 0x6f, 0x6f, 0x72, 0x64, 0x30, 0x3b, 0x0a, 0x20, 0x20, 0x20, 0x20, 0x76, // texcoord0;.    v
	0x5f, 0x63, 0x6f, 0x6c, 0x6f, 0x72, 0x30, 0x20, 0x3d, 0x20, 0x76, 0x65, 0x63, 0x34, 0x28, 0x61, // _color0 = vec4(a
	0x5f, 0x6e, 0x6f, 0x72, 0x6d, 0x61, 0x6c, 0x20, 0x2a, 0x20, 0x73, 0x74, 0x61, 0x74, 0x69, 0x63, // _normal * static
	0x43, 0x6f, 0x6c, 0x6f, 0x72, 0x5f, 0x41, 0x6c, 0x70, 0x68, 0x61, 0x2e, 0x77, 0x2c, 0x20, 0x61, // Color_Alpha.w, a
	0x5f, 0x70, 0x6f, 0x73, 0x69, 0x74, 0x69, 0x6f, 0x6e, 0x2e, 0x7a, 0x29, 0x3b, 0x0a, 0x7d, 0x0a, // _position.z);.}.
	0x0a, 0x00,                                                                                     // ..
};
static const uint8_t vs_imgui_glsl[578] =
{
	0x56, 0x53, 0x48, 0x0c, 0x00, 0x00, 0x00, 0x00, 0x4f, 0x45, 0x98, 0x49, 0x00, 0x00, 0x00, 0x00, // VSH.....OE.I....
	0x00, 0x00, 0x00, 0x00, 0x02, 0x00, 0x0c, 0x6d, 0x61, 0x74, 0x57, 0x6f, 0x72, 0x6c, 0x64, 0x56, // .......matWorldV
	0x69, 0x65, 0x77, 0x04, 0x01, 0x00, 0x00, 0x04, 0x00, 0x00, 0x00, 0x00, 0x00, 0x11, 0x73, 0x74, // iew...........st
	0x61, 0x74, 0x69, 0x63, 0x43, 0x6f, 0x6c, 0x6f, 0x72, 0x5f, 0x41, 0x6c, 0x70, 0x68, 0x61, 0x02, // aticColor_Alpha.
	0x01, 0x00, 0x00, 0x01, 0x00, 0x00, 0x00, 0x00, 0x00, 0xf4, 0x01, 0x00, 0x00, 0x0a, 0x75, 0x6e, // ..............un
	0x69, 0x66, 0x6f, 0x72, 0x6d, 0x20, 0x6d, 0x61, 0x74, 0x34, 0x20, 0x6d, 0x61, 0x74, 0x57, 0x6f, // iform mat4 matWo
	0x72, 0x6c, 0x64, 0x56, 0x69, 0x65, 0x77, 0x3b, 0x0a, 0x75, 0x6e, 0x69, 0x66, 0x6f, 0x72, 0x6d, // rldView;.uniform
	0x20, 0x76, 0x65, 0x63, 0x34, 0x20, 0x73, 0x74, 0x61, 0x74, 0x69, 0x63, 0x43, 0x6f, 0x6c, 0x6f, //  vec4 staticColo
	0x72, 0x5f, 0x41, 0x6c, 0x70, 0x68, 0x61, 0x3b, 0x0a, 0x0a, 0x6f, 0x75, 0x74, 0x20, 0x76, 0x65, // r_Alpha;..out ve
	0x63, 0x32, 0x20, 0x76, 0x5f, 0x74, 0x65, 0x78, 0x63, 0x6f, 0x6f, 0x72, 0x64, 0x31, 0x3b, 0x0a, // c2 v_texcoord1;.
	0x6c, 0x61, 0x79, 0x6f, 0x75, 0x74, 0x28, 0x6c, 0x6f, 0x63, 0x61, 0x74, 0x69, 0x6f, 0x6e, 0x20, // layout(location 
	0x3d, 0x20, 0x31, 0x29, 0x20, 0x69, 0x6e, 0x20, 0x76, 0x65, 0x63, 0x33, 0x20, 0x61, 0x5f, 0x70, // = 1) in vec3 a_p
	0x6f, 0x73, 0x69, 0x74, 0x69, 0x6f, 0x6e, 0x3b, 0x0a, 0x6f, 0x75, 0x74, 0x20, 0x76, 0x65, 0x63, // osition;.out vec
	0x32, 0x20, 0x76, 0x5f, 0x74, 0x65, 0x78, 0x63, 0x6f, 0x6f, 0x72, 0x64, 0x30, 0x3b, 0x0a, 0x6c, // 2 v_texcoord0;.l
	0x61, 0x79, 0x6f, 0x75, 0x74, 0x28, 0x6c, 0x6f, 0x63, 0x61, 0x74, 0x69, 0x6f, 0x6e, 0x20, 0x3d, // ayout(location =
	0x20, 0x32, 0x29, 0x20, 0x69, 0x6e, 0x20, 0x76, 0x65, 0x63, 0x32, 0x20, 0x61, 0x5f, 0x74, 0x65, //  2) in vec2 a_te
	0x78, 0x63, 0x6f, 0x6f, 0x72, 0x64, 0x30, 0x3b, 0x0a, 0x6f, 0x75, 0x74, 0x20, 0x76, 0x65, 0x63, // xcoord0;.out vec
	0x34, 0x20, 0x76, 0x5f, 0x63, 0x6f, 0x6c, 0x6f, 0x72, 0x30, 0x3b, 0x0a, 0x6c, 0x61, 0x79, 0x6f, // 4 v_color0;.layo
	0x75, 0x74, 0x28, 0x6c, 0x6f, 0x63, 0x61, 0x74, 0x69, 0x6f, 0x6e, 0x20, 0x3d, 0x20, 0x30, 0x29, // ut(location = 0)
	0x20, 0x69, 0x6e, 0x20, 0x76, 0x65, 0x63, 0x33, 0x20, 0x61, 0x5f, 0x6e, 0x6f, 0x72, 0x6d, 0x61, //  in vec3 a_norma
	0x6c, 0x3b, 0x0a, 0x0a, 0x76, 0x6f, 0x69, 0x64, 0x20, 0x6d, 0x61, 0x69, 0x6e, 0x28, 0x29, 0x0a, // l;..void main().
	0x7b, 0x0a, 0x20, 0x20, 0x20, 0x20, 0x76, 0x5f, 0x74, 0x65, 0x78, 0x63, 0x6f, 0x6f, 0x72, 0x64, // {.    v_texcoord
	0x31, 0x20, 0x3d, 0x20, 0x61, 0x5f, 0x70, 0x6f, 0x73, 0x69, 0x74, 0x69, 0x6f, 0x6e, 0x2e, 0x78, // 1 = a_position.x
	0x79, 0x3b, 0x0a, 0x20, 0x20, 0x20, 0x20, 0x76, 0x65, 0x63, 0x34, 0x20, 0x5f, 0x33, 0x31, 0x20, // y;.    vec4 _31 
	0x3d, 0x20, 0x6d, 0x61, 0x74, 0x57, 0x6f, 0x72, 0x6c, 0x64, 0x56, 0x69, 0x65, 0x77, 0x20, 0x2a, // = matWorldView *
	0x20, 0x76, 0x65, 0x63, 0x34, 0x28, 0x61, 0x5f, 0x70, 0x6f, 0x73, 0x69, 0x74, 0x69, 0x6f, 0x6e, //  vec4(a_position
	0x2e, 0x78, 0x79, 0x2c, 0x20, 0x30, 0x2e, 0x30, 0x2c, 0x20, 0x31, 0x2e, 0x30, 0x29, 0x3b, 0x0a, // .xy, 0.0, 1.0);.
	0x20, 0x20, 0x20, 0x20, 0x67, 0x6c, 0x5f, 0x50, 0x6f, 0x73, 0x69, 0x74, 0x69, 0x6f, 0x6e, 0x20, //     gl_Position 
	0x3d, 0x20, 0x76, 0x65, 0x63, 0x34, 0x28, 0x5f, 0x33, 0x31, 0x2e, 0x78, 0x79, 0x2c, 0x20, 0x30, // = vec4(_31.xy, 0
	0x2e, 0x30, 0x2c, 0x20, 0x5f, 0x33, 0x31, 0x2e, 0x77, 0x29, 0x3b, 0x0a, 0x20, 0x20, 0x20, 0x20, // .0, _31.w);.    
	0x76, 0x5f, 0x74, 0x65, 0x78, 0x63, 0x6f, 0x6f, 0x72, 0x64, 0x30, 0x20, 0x3d, 0x20, 0x61, 0x5f, // v_texcoord0 = a_
	0x74, 0x65, 0x78, 0x63, 0x6f, 0x6f, 0x72, 0x64, 0x30, 0x3b, 0x0a, 0x20, 0x20, 0x20, 0x20, 0x76, // texcoord0;.    v
	0x5f, 0x63, 0x6f, 0x6c, 0x6f, 0x72, 0x30, 0x20, 0x3d, 0x20, 0x76, 0x65, 0x63, 0x34, 0x28, 0x61, // _color0 = vec4(a
	0x5f, 0x6e, 0x6f, 0x72, 0x6d, 0x61, 0x6c, 0x20, 0x2a, 0x20, 0x73, 0x74, 0x61, 0x74, 0x69, 0x63, // _normal * static
	0x43, 0x6f, 0x6c, 0x6f, 0x72, 0x5f, 0x41, 0x6c, 0x70, 0x68, 0x61, 0x2e, 0x77, 0x2c, 0x20, 0x61, // Color_Alpha.w, a
	0x5f, 0x70, 0x6f, 0x73, 0x69, 0x74, 0x69, 0x6f, 0x6e, 0x2e, 0x7a, 0x29, 0x3b, 0x0a, 0x7d, 0x0a, // _position.z);.}.
	0x0a, 0x00,                                                                                     // ..
};
static const uint8_t vs_imgui_dxbc[739] =
{
	0x56, 0x53, 0x48, 0x0c, 0x00, 0x00, 0x00, 0x00, 0x4f, 0x45, 0x98, 0x49, 0x00, 0x00, 0x00, 0x00, // VSH.....OE.I....
	0x00, 0x00, 0x00, 0x00, 0x02, 0x00, 0x0c, 0x6d, 0x61, 0x74, 0x57, 0x6f, 0x72, 0x6c, 0x64, 0x56, // .......matWorldV
	0x69, 0x65, 0x77, 0x04, 0x00, 0x00, 0x00, 0x04, 0x00, 0x00, 0x00, 0x00, 0x00, 0x11, 0x73, 0x74, // iew...........st
	0x61, 0x74, 0x69, 0x63, 0x43, 0x6f, 0x6c, 0x6f, 0x72, 0x5f, 0x41, 0x6c, 0x70, 0x68, 0x61, 0x02, // aticColor_Alpha.
	0x00, 0x40, 0x00, 0x01, 0x00, 0x00, 0x00, 0x00, 0x00, 0x8c, 0x02, 0x00, 0x00, 0x44, 0x58, 0x42, // .@...........DXB
	0x43, 0x7e, 0x14, 0xee, 0x87, 0x04, 0x75, 0xdd, 0xcf, 0x93, 0x0f, 0xc4, 0x9d, 0x78, 0xa1, 0x42, // C~....u......x.B
	0xc3, 0x01, 0x00, 0x00, 0x00, 0x8c, 0x02, 0x00, 0x00, 0x03, 0x00, 0x00, 0x00, 0x2c, 0x00, 0x00, // .............,..
	0x00, 0xa0, 0x00, 0x00, 0x00, 0x2c, 0x01, 0x00, 0x00, 0x49, 0x53, 0x47, 0x4e, 0x6c, 0x00, 0x00, // .....,...ISGNl..
	0x00, 0x03, 0x00, 0x00, 0x00, 0x08, 0x00, 0x00, 0x00, 0x50, 0x00, 0x00, 0x00, 0x00, 0x00, 0x00, // .........P......
	0x00, 0x00, 0x00, 0x00, 0x00, 0x03, 0x00, 0x00, 0x00, 0x00, 0x00, 0x00, 0x00, 0x07, 0x07, 0x00, // ................
	0x00, 0x57, 0x00, 0x00, 0x00, 0x00, 0x00, 0x00, 0x00, 0x00, 0x00, 0x00, 0x00, 0x03, 0x00, 0x00, // .W..............
	0x00, 0x01, 0x00, 0x00, 0x00, 0x07, 0x07, 0x00, 0x00, 0x60, 0x00, 0x00, 0x00, 0x00, 0x00, 0x00, // .........`......
	0x00, 0x00, 0x00, 0x00, 0x00, 0x03, 0x00, 0x00, 0x00, 0x02, 0x00, 0x00, 0x00, 0x03, 0x03, 0x00, // ................
	0x00, 0x4e, 0x4f, 0x52, 0x4d, 0x41, 0x4c, 0x00, 0x50, 0x4f, 0x53, 0x49, 0x54, 0x49, 0x4f, 0x4e, // .NORMAL.POSITION
	0x00, 0x54, 0x45, 0x58, 0x43, 0x4f, 0x4f, 0x52, 0x44, 0x00, 0xab, 0xab, 0xab, 0x4f, 0x53, 0x47, // .TEXCOORD....OSG
	0x4e, 0x84, 0x00, 0x00, 0x00, 0x04, 0x00, 0x00, 0x00, 0x08, 0x00, 0x00, 0x00, 0x68, 0x00, 0x00, // N............h..
	0x00, 0x00, 0x00, 0x00, 0x00, 0x01, 0x00, 0x00, 0x00, 0x03, 0x00, 0x00, 0x00, 0x00, 0x00, 0x00, // ................
	0x00, 0x0f, 0x00, 0x00, 0x00, 0x74, 0x00, 0x00, 0x00, 0x00, 0x00, 0x00, 0x00, 0x00, 0x00, 0x00, // .....t..........
	0x00, 0x03, 0x00, 0x00, 0x00, 0x01, 0x00, 0x00, 0x00, 0x0f, 0x00, 0x00, 0x00, 0x7a, 0x00, 0x00, // .............z..
	0x00, 0x00, 0x00, 0x00, 0x00, 0x00, 0x00, 0x00, 0x00, 0x03, 0x00, 0x00, 0x00, 0x02, 0x00, 0x00, // ................
	0x00, 0x03, 0x0c, 0x00, 0x00, 0x7a, 0x00, 0x00, 0x00, 0x01, 0x00, 0x00, 0x00, 0x00, 0x00, 0x00, // .....z..........
	0x00, 0x03, 0x00, 0x00, 0x00, 0x02, 0x00, 0x00, 0x00, 0x0c, 0x03, 0x00, 0x00, 0x53, 0x56, 0x5f, // .............SV_
	0x50, 0x4f, 0x53, 0x49, 0x54, 0x49, 0x4f, 0x4e, 0x00, 0x43, 0x4f, 0x4c, 0x4f, 0x52, 0x00, 0x54, // POSITION.COLOR.T
	0x45, 0x58, 0x43, 0x4f, 0x4f, 0x52, 0x44, 0x00, 0xab, 0x53, 0x48, 0x45, 0x58, 0x58, 0x01, 0x00, // EXCOORD..SHEXX..
	0x00, 0x50, 0x00, 0x01, 0x00, 0x56, 0x00, 0x00, 0x00, 0x6a, 0x08, 0x00, 0x01, 0x59, 0x00, 0x00, // .P...V...j...Y..
	0x04, 0x46, 0x8e, 0x20, 0x00, 0x00, 0x00, 0x00, 0x00, 0x05, 0x00, 0x00, 0x00, 0x5f, 0x00, 0x00, // .F. ........._..
	0x03, 0x72, 0x10, 0x10, 0x00, 0x00, 0x00, 0x00, 0x00, 0x5f, 0x00, 0x00, 0x03, 0x72, 0x10, 0x10, // .r......._...r..
	0x00, 0x01, 0x00, 0x00, 0x00, 0x5f, 0x00, 0x00, 0x03, 0x32, 0x10, 0x10, 0x00, 0x02, 0x00, 0x00, // ....._...2......
	0x00, 0x67, 0x00, 0x00, 0x04, 0xf2, 0x20, 0x10, 0x00, 0x00, 0x00, 0x00, 0x00, 0x01, 0x00, 0x00, // .g.... .........
	0x00, 0x65, 0x00, 0x00, 0x03, 0xf2, 0x20, 0x10, 0x00, 0x01, 0x00, 0x00, 0x00, 0x65, 0x00, 0x00, // .e.... ......e..
	0x03, 0x32, 0x20, 0x10, 0x00, 0x02, 0x00, 0x00, 0x00, 0x65, 0x00, 0x00, 0x03, 0xc2, 0x20, 0x10, // .2 ......e.... .
	0x00, 0x02, 0x00, 0x00, 0x00, 0x68, 0x00, 0x00, 0x02, 0x01, 0x00, 0x00, 0x00, 0x38, 0x00, 0x00, // .....h.......8..
	0x08, 0x72, 0x00, 0x10, 0x00, 0x00, 0x00, 0x00, 0x00, 0x56, 0x15, 0x10, 0x00, 0x01, 0x00, 0x00, // .r.......V......
	0x00, 0x46, 0x83, 0x20, 0x00, 0x00, 0x00, 0x00, 0x00, 0x01, 0x00, 0x00, 0x00, 0x32, 0x00, 0x00, // .F. .........2..
	0x0a, 0x72, 0x00, 0x10, 0x00, 0x00, 0x00, 0x00, 0x00, 0x46, 0x83, 0x20, 0x00, 0x00, 0x00, 0x00, // .r.......F. ....
	0x00, 0x00, 0x00, 0x00, 0x00, 0x06, 0x10, 0x10, 0x00, 0x01, 0x00, 0x00, 0x00, 0x46, 0x02, 0x10, // .............F..
	0x00, 0x00, 0x00, 0x00, 0x00, 0x00, 0x00, 0x00, 0x08, 0xb2, 0x20, 0x10, 0x00, 0x00, 0x00, 0x00, // .......... .....
	0x00, 0x46, 0x08, 0x10, 0x00, 0x00, 0x00, 0x00, 0x00, 0x46, 0x8c, 0x20, 0x00, 0x00, 0x00, 0x00, // .F.......F. ....
	0x00, 0x03, 0x00, 0x00, 0x00, 0x36, 0x00, 0x00, 0x05, 0x42, 0x20, 0x10, 0x00, 0x00, 0x00, 0x00, // .....6...B .....
	0x00, 0x01, 0x40, 0x00, 0x00, 0x00, 0x00, 0x00, 0x00, 0x38, 0x00, 0x00, 0x08, 0x72, 0x20, 0x10, // ..@......8...r .
	0x00, 0x01, 0x00, 0x00, 0x00, 0x46, 0x12, 0x10, 0x00, 0x00, 0x00, 0x00, 0x00, 0xf6, 0x8f, 0x20, // .....F......... 
	0x00, 0x00, 0x00, 0x00, 0x00, 0x04, 0x00, 0x00, 0x00, 0x36, 0x00, 0x00, 0x05, 0x82, 0x20, 0x10, // .........6.... .
	0x00, 0x01, 0x00, 0x00, 0x00, 0x2a, 0x10, 0x10, 0x00, 0x01, 0x00, 0x00, 0x00, 0x36, 0x00, 0x00, // .....*.......6..
	0x05, 0x32, 0x20, 0x10, 0x00, 0x02, 0x00, 0x00, 0x00, 0x46, 0x10, 0x10, 0x00, 0x02, 0x00, 0x00, // .2 ......F......
	0x00, 0x36, 0x00, 0x00, 0x05, 0xc2, 0x20, 0x10, 0x00, 0x02, 0x00, 0x00, 0x00, 0x06, 0x14, 0x10, // .6.... .........
	0x00, 0x01, 0x00, 0x00, 0x00, 0x3e, 0x00, 0x00, 0x01, 0x00, 0x03, 0x02, 0x00, 0x01, 0x00, 0x10, // .....>..........
	0x00, 0x50, 0x00,                                                                               // .P.
};
static const uint8_t vs_imgui_dxil[2875] =
{
	0x56, 0x53, 0x48, 0x0c, 0x00, 0x00, 0x00, 0x00, 0x4f, 0x45, 0x98, 0x49, 0x00, 0x00, 0x00, 0x00, // VSH.....OE.I....
	0x00, 0x00, 0x00, 0x00, 0x02, 0x00, 0x0c, 0x6d, 0x61, 0x74, 0x57, 0x6f, 0x72, 0x6c, 0x64, 0x56, // .......matWorldV
	0x69, 0x65, 0x77, 0x04, 0x00, 0x00, 0x00, 0x04, 0x00, 0x00, 0x00, 0x00, 0x00, 0x11, 0x73, 0x74, // iew...........st
	0x61, 0x74, 0x69, 0x63, 0x43, 0x6f, 0x6c, 0x6f, 0x72, 0x5f, 0x41, 0x6c, 0x70, 0x68, 0x61, 0x02, // aticColor_Alpha.
	0x00, 0x40, 0x00, 0x01, 0x00, 0x00, 0x00, 0x00, 0x00, 0xe4, 0x0a, 0x00, 0x00, 0x44, 0x58, 0x42, // .@...........DXB
	0x43, 0x19, 0x88, 0xf2, 0xaf, 0xd9, 0x38, 0xb7, 0xb5, 0xe2, 0xf2, 0xd9, 0x2c, 0xe5, 0x17, 0xc1, // C.....8.....,...
	0x0e, 0x01, 0x00, 0x00, 0x00, 0xe4, 0x0a, 0x00, 0x00, 0x07, 0x00, 0x00, 0x00, 0x3c, 0x00, 0x00, // .............<..
	0x00, 0x4c, 0x00, 0x00, 0x00, 0xd8, 0x00, 0x00, 0x00, 0x84, 0x01, 0x00, 0x00, 0xd0, 0x02, 0x00, // .L..............
	0x00, 0x04, 0x03, 0x00, 0x00, 0x20, 0x03, 0x00, 0x00, 0x53, 0x46, 0x49, 0x30, 0x08, 0x00, 0x00, // ..... ...SFI0...
	0x00, 0x00, 0x00, 0x00, 0x00, 0x00, 0x00, 0x00, 0x00, 0x49, 0x53, 0x47, 0x31, 0x84, 0x00, 0x00, // .........ISG1...
	0x00, 0x03, 0x00, 0x00, 0x00, 0x08, 0x00, 0x00, 0x00, 0x00, 0x00, 0x00, 0x00, 0x68, 0x00, 0x00, // .............h..
	0x00, 0x00, 0x00, 0x00, 0x00, 0x00, 0x00, 0x00, 0x00, 0x03, 0x00, 0x00, 0x00, 0x00, 0x00, 0x00, // ................
	0x00, 0x07, 0x07, 0x00, 0x00, 0x00, 0x00, 0x00, 0x00, 0x00, 0x00, 0x00, 0x00, 0x6f, 0x00, 0x00, // .............o..
	0x00, 0x00, 0x00, 0x00, 0x00, 0x00, 0x00, 0x00, 0x00, 0x03, 0x00, 0x00, 0x00, 0x01, 0x00, 0x00, // ................
	0x00, 0x07, 0x07, 0x00, 0x00, 0x00, 0x00, 0x00, 0x00, 0x00, 0x00, 0x00, 0x00, 0x78, 0x00, 0x00, // .............x..
	0x00, 0x00, 0x00, 0x00, 0x00, 0x00, 0x00, 0x00, 0x00, 0x03, 0x00, 0x00, 0x00, 0x02, 0x00, 0x00, // ................
	0x00, 0x03, 0x03, 0x00, 0x00, 0x00, 0x00, 0x00, 0x00, 0x4e, 0x4f, 0x52, 0x4d, 0x41, 0x4c, 0x00, // .........NORMAL.
	0x50, 0x4f, 0x53, 0x49, 0x54, 0x49, 0x4f, 0x4e, 0x00, 0x54, 0x45, 0x58, 0x43, 0x4f, 0x4f, 0x52, // POSITION.TEXCOOR
	0x44, 0x00, 0x00, 0x00, 0x00, 0x4f, 0x53, 0x47, 0x31, 0xa4, 0x00, 0x00, 0x00, 0x04, 0x00, 0x00, // D....OSG1.......
	0x00, 0x08, 0x00, 0x00, 0x00, 0x00, 0x00, 0x00, 0x00, 0x88, 0x00, 0x00, 0x00, 0x00, 0x00, 0x00, // ................
	0x00, 0x01, 0x00, 0x00, 0x00, 0x03, 0x00, 0x00, 0x00, 0x00, 0x00, 0x00, 0x00, 0x0f, 0x00, 0x00, // ................
	0x00, 0x00, 0x00, 0x00, 0x00, 0x00, 0x00, 0x00, 0x00, 0x94, 0x00, 0x00, 0x00, 0x00, 0x00, 0x00, // ................
	0x00, 0x00, 0x00, 0x00, 0x00, 0x03, 0x00, 0x00, 0x00, 0x01, 0x00, 0x00, 0x00, 0x0f, 0x00, 0x00, // ................
	0x00, 0x00, 0x00, 0x00, 0x00, 0x00, 0x00, 0x00, 0x00, 0x9a, 0x00, 0x00, 0x00, 0x00, 0x00, 0x00, // ................
	0x00, 0x00, 0x00, 0x00, 0x00, 0x03, 0x00, 0x00, 0x00, 0x02, 0x00, 0x00, 0x00, 0x03, 0x0c, 0x00, // ................
	0x00, 0x00, 0x00, 0x00, 0x00, 0x00, 0x00, 0x00, 0x00, 0x9a, 0x00, 0x00, 0x00, 0x01, 0x00, 0x00, // ................
	0x00, 0x00, 0x00, 0x00, 0x00, 0x03, 0x00, 0x00, 0x00, 0x02, 0x00, 0x00, 0x00, 0x0c, 0x03, 0x00, // ................
	0x00, 0x00, 0x00, 0x00, 0x00, 0x53, 0x56, 0x5f, 0x50, 0x6f, 0x73, 0x69, 0x74, 0x69, 0x6f, 0x6e, // .....SV_Position
	0x00, 0x43, 0x4f, 0x4c, 0x4f, 0x52, 0x00, 0x54, 0x45, 0x58, 0x43, 0x4f, 0x4f, 0x52, 0x44, 0x00, // .COLOR.TEXCOORD.
	0x00, 0x50, 0x53, 0x56, 0x30, 0x44, 0x01, 0x00, 0x00, 0x34, 0x00, 0x00, 0x00, 0x01, 0x00, 0x00, // .PSV0D...4......
	0x00, 0x00, 0x00, 0x00, 0x00, 0x00, 0x00, 0x00, 0x00, 0x00, 0x00, 0x00, 0x00, 0x00, 0x00, 0x00, // ................
	0x00, 0xff, 0xff, 0xff, 0xff, 0x01, 0x00, 0x00, 0x00, 0x03, 0x04, 0x00, 0x03, 0x03, 0x00, 0x00, // ................
	0x00, 0x00, 0x00, 0x00, 0x00, 0x00, 0x00, 0x00, 0x00, 0x00, 0x00, 0x00, 0x00, 0x32, 0x00, 0x00, // .............2..
	0x00, 0x01, 0x00, 0x00, 0x00, 0x18, 0x00, 0x00, 0x00, 0x02, 0x00, 0x00, 0x00, 0x00, 0x00, 0x00, // ................
	0x00, 0x00, 0x00, 0x00, 0x00, 0x00, 0x00, 0x00, 0x00, 0x0d, 0x00, 0x00, 0x00, 0x00, 0x00, 0x00, // ................
	0x00, 0x38, 0x00, 0x00, 0x00, 0x00, 0x4e, 0x4f, 0x52, 0x4d, 0x41, 0x4c, 0x00, 0x50, 0x4f, 0x53, // .8....NORMAL.POS
	0x49, 0x54, 0x49, 0x4f, 0x4e, 0x00, 0x54, 0x45, 0x58, 0x43, 0x4f, 0x4f, 0x52, 0x44, 0x00, 0x43, // ITION.TEXCOORD.C
	0x4f, 0x4c, 0x4f, 0x52, 0x00, 0x54, 0x45, 0x58, 0x43, 0x4f, 0x4f, 0x52, 0x44, 0x00, 0x54, 0x45, // OLOR.TEXCOORD.TE
	0x58, 0x43, 0x4f, 0x4f, 0x52, 0x44, 0x00, 0x6d, 0x61, 0x69, 0x6e, 0x00, 0x00, 0x02, 0x00, 0x00, // XCOORD.main.....
	0x00, 0x00, 0x00, 0x00, 0x00, 0x01, 0x00, 0x00, 0x00, 0x10, 0x00, 0x00, 0x00, 0x01, 0x00, 0x00, // ................
	0x00, 0x00, 0x00, 0x00, 0x00, 0x01, 0x00, 0x43, 0x00, 0x03, 0x00, 0x00, 0x00, 0x08, 0x00, 0x00, // .......C........
	0x00, 0x00, 0x00, 0x00, 0x00, 0x01, 0x01, 0x43, 0x00, 0x03, 0x00, 0x00, 0x00, 0x11, 0x00, 0x00, // .......C........
	0x00, 0x00, 0x00, 0x00, 0x00, 0x01, 0x02, 0x42, 0x00, 0x03, 0x00, 0x00, 0x00, 0x00, 0x00, 0x00, // .......B........
	0x00, 0x00, 0x00, 0x00, 0x00, 0x01, 0x00, 0x44, 0x03, 0x03, 0x04, 0x00, 0x00, 0x1a, 0x00, 0x00, // .......D........
	0x00, 0x00, 0x00, 0x00, 0x00, 0x01, 0x01, 0x44, 0x00, 0x03, 0x02, 0x00, 0x00, 0x20, 0x00, 0x00, // .......D..... ..
	0x00, 0x00, 0x00, 0x00, 0x00, 0x01, 0x02, 0x42, 0x00, 0x03, 0x02, 0x00, 0x00, 0x29, 0x00, 0x00, // .......B.....)..
	0x00, 0x01, 0x00, 0x00, 0x00, 0x01, 0x02, 0x62, 0x00, 0x03, 0x02, 0x00, 0x00, 0x10, 0x00, 0x00, // .......b........
	0x00, 0x20, 0x00, 0x00, 0x00, 0x40, 0x00, 0x00, 0x00, 0x00, 0x00, 0x00, 0x00, 0x0b, 0x04, 0x00, // . ...@..........
	0x00, 0x0b, 0x08, 0x00, 0x00, 0x80, 0x00, 0x00, 0x00, 0x00, 0x00, 0x00, 0x00, 0x00, 0x01, 0x00, // ................
	0x00, 0x00, 0x02, 0x00, 0x00, 0x00, 0x00, 0x00, 0x00, 0x00, 0x00, 0x00, 0x00, 0x49, 0x4c, 0x44, // .............ILD
	0x4e, 0x2c, 0x00, 0x00, 0x00, 0x00, 0x00, 0x24, 0x00, 0x66, 0x33, 0x37, 0x65, 0x61, 0x63, 0x30, // N,.....$.f37eac0
	0x31, 0x32, 0x61, 0x34, 0x62, 0x32, 0x37, 0x61, 0x37, 0x36, 0x30, 0x32, 0x36, 0x34, 0x30, 0x38, // 12a4b27a76026408
	0x64, 0x63, 0x63, 0x31, 0x62, 0x35, 0x33, 0x65, 0x63, 0x2e, 0x70, 0x64, 0x62, 0x00, 0x00, 0x00, // dcc1b53ec.pdb...
	0x00, 0x48, 0x41, 0x53, 0x48, 0x14, 0x00, 0x00, 0x00, 0x00, 0x00, 0x00, 0x00, 0xf3, 0x7e, 0xac, // .HASH.........~.
	0x01, 0x2a, 0x4b, 0x27, 0xa7, 0x60, 0x26, 0x40, 0x8d, 0xcc, 0x1b, 0x53, 0xec, 0x44, 0x58, 0x49, // .*K'.`&@...S.DXI
	0x4c, 0xbc, 0x07, 0x00, 0x00, 0x60, 0x00, 0x01, 0x00, 0xef, 0x01, 0x00, 0x00, 0x44, 0x58, 0x49, // L....`.......DXI
	0x4c, 0x00, 0x01, 0x00, 0x00, 0x10, 0x00, 0x00, 0x00, 0xa4, 0x07, 0x00, 0x00, 0x42, 0x43, 0xc0, // L............BC.
	0xde, 0x21, 0x0c, 0x00, 0x00, 0xe6, 0x01, 0x00, 0x00, 0x0b, 0x82, 0x20, 0x00, 0x02, 0x00, 0x00, // .!......... ....
	0x00, 0x13, 0x00, 0x00, 0x00, 0x07, 0x81, 0x23, 0x91, 0x41, 0xc8, 0x04, 0x49, 0x06, 0x10, 0x32, // .......#.A..I..2
	0x39, 0x92, 0x01, 0x84, 0x0c, 0x25, 0x05, 0x08, 0x19, 0x1e, 0x04, 0x8b, 0x62, 0x80, 0x14, 0x45, // 9....%......b..E
	0x02, 0x42, 0x92, 0x0b, 0x42, 0xa4, 0x10, 0x32, 0x14, 0x38, 0x08, 0x18, 0x4b, 0x0a, 0x32, 0x52, // .B..B..2.8..K.2R
	0x88, 0x48, 0x90, 0x14, 0x20, 0x43, 0x46, 0x88, 0xa5, 0x00, 0x19, 0x32, 0x42, 0xe4, 0x48, 0x0e, // .H.. CF....2B.H.
	0x90, 0x91, 0x22, 0xc4, 0x50, 0x41, 0x51, 0x81, 0x8c, 0xe1, 0x83, 0xe5, 0x8a, 0x04, 0x29, 0x46, // ..".PAQ.......)F
	0x06, 0x51, 0x18, 0x00, 0x00, 0x08, 0x00, 0x00, 0x00, 0x1b, 0x8c, 0xe0, 0xff, 0xff, 0xff, 0xff, // .Q..............
	0x07, 0x40, 0x02, 0xa8, 0x0d, 0x84, 0xf0, 0xff, 0xff, 0xff, 0xff, 0x03, 0x20, 0x6d, 0x30, 0x86, // .@.......... m0.
	0xff, 0xff, 0xff, 0xff, 0x1f, 0x00, 0x09, 0xa8, 0x00, 0x49, 0x18, 0x00, 0x00, 0x03, 0x00, 0x00, // .........I......
	0x00, 0x13, 0x82, 0x60, 0x42, 0x20, 0x4c, 0x08, 0x06, 0x00, 0x00, 0x00, 0x00, 0x89, 0x20, 0x00, // ...`B L....... .
	0x00, 0x27, 0x00, 0x00, 0x00, 0x32, 0x22, 0x48, 0x09, 0x20, 0x64, 0x85, 0x04, 0x93, 0x22, 0xa4, // .'...2"H. d...".
	0x84, 0x04, 0x93, 0x22, 0xe3, 0x84, 0xa1, 0x90, 0x14, 0x12, 0x4c, 0x8a, 0x8c, 0x0b, 0x84, 0xa4, // ..."......L.....
	0x4c, 0x10, 0x68, 0x23, 0x00, 0x25, 0x00, 0x14, 0x66, 0x00, 0xe6, 0x08, 0xc0, 0x60, 0x8e, 0x00, // L.h#.%..f....`..
	0x29, 0xc6, 0x20, 0x84, 0x14, 0x42, 0xa6, 0x18, 0x80, 0x10, 0x52, 0x06, 0xa1, 0xa3, 0x86, 0xcb, // ). ..B....R.....
	0x9f, 0xb0, 0x87, 0x90, 0x7c, 0x6e, 0xa3, 0x8a, 0x95, 0x98, 0xfc, 0xe2, 0xb6, 0x11, 0x31, 0xc6, // ....|n........1.
	0x18, 0x54, 0xee, 0x19, 0x2e, 0x7f, 0xc2, 0x1e, 0x42, 0xf2, 0x43, 0xa0, 0x19, 0x16, 0x02, 0x05, // .T......B.C.....
	0xab, 0x10, 0x8a, 0x30, 0x42, 0xad, 0x14, 0x83, 0x8c, 0x31, 0xe8, 0xcd, 0x11, 0x04, 0xc5, 0x60, // ...0B....1.....`
	0xa4, 0x10, 0x12, 0x49, 0x0e, 0x04, 0x0c, 0x23, 0x10, 0x43, 0x12, 0xd4, 0x99, 0x26, 0x74, 0x78, // ...I...#.C...&tx
	0x87, 0x79, 0xa0, 0x07, 0x76, 0x08, 0x87, 0x7c, 0x78, 0x87, 0x7a, 0xa0, 0x07, 0x37, 0x20, 0x83, // .y..v..|x.z..7 .
	0x53, 0x60, 0x87, 0x77, 0x10, 0x87, 0x70, 0x60, 0x87, 0x79, 0x40, 0x82, 0xad, 0x74, 0x93, 0x81, // S`.w..p`.y@..t..
	0x00, 0x13, 0x14, 0x72, 0xc0, 0x87, 0x74, 0x60, 0x87, 0x36, 0x68, 0x87, 0x79, 0x68, 0x03, 0x72, // ...r..t`.6h.yh.r
	0xc0, 0x87, 0x0d, 0xaf, 0x50, 0x0e, 0x6d, 0xd0, 0x0e, 0x7a, 0x50, 0x0e, 0x6d, 0x00, 0x0f, 0x7a, // ....P.m..zP.m..z
	0x30, 0x07, 0x72, 0xa0, 0x07, 0x73, 0x20, 0x07, 0x6d, 0x90, 0x0e, 0x71, 0xa0, 0x07, 0x73, 0x20, // 0.r..s .m..q..s 
	0x07, 0x6d, 0x90, 0x0e, 0x78, 0xa0, 0x07, 0x73, 0x20, 0x07, 0x6d, 0x90, 0x0e, 0x71, 0x60, 0x07, // .m..x..s .m..q`.
	0x7a, 0x30, 0x07, 0x72, 0xd0, 0x06, 0xe9, 0x30, 0x07, 0x72, 0xa0, 0x07, 0x73, 0x20, 0x07, 0x6d, // z0.r...0.r..s .m
	0x90, 0x0e, 0x76, 0x40, 0x07, 0x7a, 0x60, 0x07, 0x74, 0xd0, 0x06, 0xe6, 0x10, 0x07, 0x76, 0xa0, // ..v@.z`.t.....v.
	0x07, 0x73, 0x20, 0x07, 0x6d, 0x60, 0x0e, 0x73, 0x20, 0x07, 0x7a, 0x30, 0x07, 0x72, 0xd0, 0x06, // .s .m`.s .z0.r..
	0xe6, 0x60, 0x07, 0x74, 0xa0, 0x07, 0x76, 0x40, 0x07, 0x6d, 0xe0, 0x0e, 0x78, 0xa0, 0x07, 0x71, // .`.t..v@.m..x..q
	0x60, 0x07, 0x7a, 0x30, 0x07, 0x72, 0xa0, 0x07, 0x76, 0x40, 0x07, 0x43, 0x9e, 0x00, 0x00, 0x00, // `.z0.r..v@.C....
	0x00, 0x00, 0x00, 0x00, 0x00, 0x00, 0x00, 0x00, 0x86, 0x3c, 0x06, 0x10, 0x00, 0x01, 0x00, 0x00, // .........<......
	0x00, 0x00, 0x00, 0x00, 0x00, 0x0c, 0x79, 0x10, 0x20, 0x00, 0x04, 0x00, 0x00, 0x00, 0x00, 0x00, // ......y. .......
	0x00, 0x00, 0x18, 0xf2, 0x34, 0x40, 0x00, 0x0c, 0x00, 0x00, 0x00, 0x00, 0x00, 0x00, 0x00, 0x30, // ....4@.........0
	0xe4, 0x79, 0x80, 0x00, 0x08, 0x00, 0x00, 0x00, 0x00, 0x00, 0x00, 0x00, 0x60, 0xc8, 0x23, 0x01, // .y..........`.#.
	0x01, 0x30, 0x00, 0x00, 0x00, 0x00, 0x00, 0x00, 0x00, 0x40, 0x16, 0x08, 0x00, 0x10, 0x00, 0x00, // .0.......@......
	0x00, 0x32, 0x1e, 0x98, 0x14, 0x19, 0x11, 0x4c, 0x90, 0x8c, 0x09, 0x26, 0x47, 0xc6, 0x04, 0x43, // .2.....L...&G..C
	0x22, 0x25, 0x30, 0x02, 0x50, 0x10, 0xc5, 0x50, 0xa0, 0x01, 0x65, 0x50, 0x0e, 0x45, 0x50, 0x1e, // "%0.P..P..eP.EP.
	0x54, 0x4a, 0x62, 0x04, 0xa0, 0x0c, 0x8a, 0xa0, 0x10, 0x08, 0xcf, 0x00, 0x50, 0x1e, 0x8b, 0x51, // TJb.........P..Q
	0x18, 0x08, 0x0c, 0x40, 0x01, 0x58, 0xc1, 0x60, 0x05, 0x05, 0x90, 0x00, 0x40, 0x04, 0x84, 0x00, // ...@.X.`....@...
	0x00, 0x79, 0x18, 0x00, 0x00, 0x6a, 0x00, 0x00, 0x00, 0x1a, 0x03, 0x4c, 0x90, 0x46, 0x02, 0x13, // .y...j.....L.F..
	0x44, 0x8f, 0x0c, 0x6f, 0xec, 0xed, 0x4d, 0x0c, 0x24, 0xc6, 0x05, 0xc7, 0x45, 0xa6, 0x06, 0x46, // D..o..M.$...E..F
	0xc6, 0x25, 0x26, 0x06, 0x04, 0x45, 0x66, 0x26, 0x27, 0x47, 0x26, 0xa6, 0x46, 0x46, 0x26, 0x65, // .%&..Ef&'G&.FF&e
	0x43, 0x10, 0x4c, 0x10, 0x08, 0x63, 0x82, 0x40, 0x1c, 0x1b, 0x84, 0x81, 0x98, 0x20, 0x10, 0xc8, // C.L..c.@..... ..
	0x06, 0x61, 0x30, 0x28, 0xd8, 0xcd, 0x4d, 0x10, 0x88, 0x64, 0xc3, 0x80, 0x24, 0xc4, 0x04, 0x01, // .a0(..M..d..$...
	0xa3, 0x08, 0x4c, 0x10, 0x08, 0x65, 0x03, 0x42, 0x2c, 0x0c, 0x41, 0x0c, 0x0d, 0xb0, 0x21, 0x70, // ..L..e.B,.A...!p
	0x36, 0x10, 0x00, 0xf0, 0x00, 0x13, 0x84, 0xac, 0xda, 0x10, 0x44, 0x13, 0x04, 0x01, 0x20, 0xd1, // 6.........D... .
	0x16, 0x96, 0xe6, 0x46, 0xc3, 0xe9, 0x49, 0xaa, 0x29, 0x88, 0x69, 0x82, 0x50, 0x3c, 0x13, 0x84, // ...F..I.).i.P<..
	0x02, 0xda, 0x10, 0x10, 0x13, 0x84, 0x22, 0x9a, 0x20, 0x10, 0xcb, 0x04, 0x81, 0x60, 0x36, 0x08, // ......". ....`6.
	0xda, 0xb6, 0x61, 0x21, 0x2a, 0xeb, 0xc2, 0xae, 0x21, 0x23, 0x2e, 0x8e, 0x08, 0xd4, 0xd3, 0x54, // ..a!*...!#.....T
	0x12, 0x55, 0xd2, 0x93, 0xd3, 0x86, 0x65, 0xf0, 0xac, 0x0b, 0xbb, 0x86, 0x6c, 0xb8, 0xb8, 0x09, // .U....e.....l...
	0x02, 0xd1, 0x10, 0xa1, 0x2a, 0xc2, 0x1a, 0x7a, 0x7a, 0x92, 0x22, 0x9a, 0x20, 0x14, 0xd2, 0x06, // ....*..zz.". ...
	0x41, 0xd3, 0x36, 0x2c, 0x60, 0x10, 0x06, 0xd6, 0x85, 0x5d, 0x83, 0x18, 0x80, 0xc1, 0x35, 0x06, // A.6,`....]....5.
	0x1b, 0x86, 0xee, 0x23, 0x03, 0x2e, 0x53, 0x56, 0x5f, 0x50, 0x6f, 0x73, 0x69, 0x74, 0x69, 0x6f, // ...#..SV_Positio
	0x6e, 0x13, 0x84, 0x62, 0x9a, 0x20, 0x10, 0xce, 0x06, 0x41, 0x43, 0x83, 0x0d, 0x0b, 0x61, 0x06, // n..b. ...AC...a.
	0x56, 0x86, 0x9d, 0xc1, 0x70, 0x06, 0xc4, 0x95, 0x06, 0x2c, 0x86, 0x9e, 0x98, 0x9e, 0xa4, 0x36, // V...p....,.....6
	0x2c, 0xc3, 0x1a, 0x58, 0x17, 0x26, 0x06, 0xc3, 0x19, 0x0c, 0x57, 0x1a, 0x6c, 0x58, 0xc0, 0x20, // ,..X.&....W.lX. 
	0x0c, 0xac, 0x0b, 0x13, 0x83, 0x41, 0x0c, 0xc0, 0xe0, 0x1a, 0x83, 0x0d, 0xc1, 0xb0, 0x61, 0xd1, // .....A........a.
	0xc2, 0xc0, 0xba, 0xdc, 0x40, 0x0c, 0x06, 0x31, 0x00, 0x03, 0x31, 0x18, 0x83, 0x0d, 0x84, 0x1a, // ....@..1..1.....
	0xb0, 0x41, 0x1b, 0xbc, 0xc1, 0x86, 0xa1, 0x0c, 0xe0, 0x00, 0xd8, 0x50, 0x4c, 0x54, 0x1c, 0x40, // .A.........PLT.@
	0x40, 0x15, 0x36, 0x36, 0xbb, 0x36, 0x97, 0x34, 0xb2, 0x32, 0x37, 0xba, 0x29, 0x41, 0x50, 0x85, // @.66.6.4.27.)AP.
	0x0c, 0xcf, 0xc5, 0xae, 0x4c, 0x6e, 0x2e, 0xed, 0xcd, 0x6d, 0x4a, 0x40, 0x34, 0x21, 0xc3, 0x73, // ....Ln...mJ@4!.s
	0xb1, 0x0b, 0x63, 0xb3, 0x2b, 0x93, 0x9b, 0x12, 0x18, 0x75, 0xc8, 0xf0, 0x5c, 0xe6, 0xd0, 0xc2, // ..c.+....u......
	0xc8, 0xca, 0xe4, 0x9a, 0xde, 0xc8, 0xca, 0xd8, 0xa6, 0x04, 0x49, 0x19, 0x32, 0x3c, 0x17, 0xb9, // ..........I.2<..
	0xb2, 0xb9, 0xb7, 0x3a, 0xb9, 0xb1, 0xb2, 0xb9, 0x29, 0xc1, 0x53, 0x87, 0x0c, 0xcf, 0xc5, 0x2e, // ...:....).S.....
	0xad, 0xec, 0x2e, 0x89, 0x6c, 0x8a, 0x2e, 0x8c, 0xae, 0x6c, 0x4a, 0x10, 0xd5, 0x21, 0xc3, 0x73, // ....l....lJ..!.s
	0x29, 0x73, 0xa3, 0x93, 0xcb, 0x83, 0x7a, 0x4b, 0x73, 0xa3, 0x9b, 0x9b, 0x12, 0xc4, 0x01, 0x00, // )s....zKs.......
	0x00, 0x79, 0x18, 0x00, 0x00, 0x4c, 0x00, 0x00, 0x00, 0x33, 0x08, 0x80, 0x1c, 0xc4, 0xe1, 0x1c, // .y...L...3......
	0x66, 0x14, 0x01, 0x3d, 0x88, 0x43, 0x38, 0x84, 0xc3, 0x8c, 0x42, 0x80, 0x07, 0x79, 0x78, 0x07, // f..=.C8...B..yx.
	0x73, 0x98, 0x71, 0x0c, 0xe6, 0x00, 0x0f, 0xed, 0x10, 0x0e, 0xf4, 0x80, 0x0e, 0x33, 0x0c, 0x42, // s.q..........3.B
	0x1e, 0xc2, 0xc1, 0x1d, 0xce, 0xa1, 0x1c, 0x66, 0x30, 0x05, 0x3d, 0x88, 0x43, 0x38, 0x84, 0x83, // .......f0.=.C8..
	0x1b, 0xcc, 0x03, 0x3d, 0xc8, 0x43, 0x3d, 0x8c, 0x03, 0x3d, 0xcc, 0x78, 0x8c, 0x74, 0x70, 0x07, // ...=.C=..=.x.tp.
	0x7b, 0x08, 0x07, 0x79, 0x48, 0x87, 0x70, 0x70, 0x07, 0x7a, 0x70, 0x03, 0x76, 0x78, 0x87, 0x70, // {..yH.pp.zp.vx.p
	0x20, 0x87, 0x19, 0xcc, 0x11, 0x0e, 0xec, 0x90, 0x0e, 0xe1, 0x30, 0x0f, 0x6e, 0x30, 0x0f, 0xe3, //  .........0.n0..
	0xf0, 0x0e, 0xf0, 0x50, 0x0e, 0x33, 0x10, 0xc4, 0x1d, 0xde, 0x21, 0x1c, 0xd8, 0x21, 0x1d, 0xc2, // ...P.3....!..!..
	0x61, 0x1e, 0x66, 0x30, 0x89, 0x3b, 0xbc, 0x83, 0x3b, 0xd0, 0x43, 0x39, 0xb4, 0x03, 0x3c, 0xbc, // a.f0.;..;.C9..<.
	0x83, 0x3c, 0x84, 0x03, 0x3b, 0xcc, 0xf0, 0x14, 0x76, 0x60, 0x07, 0x7b, 0x68, 0x07, 0x37, 0x68, // .<..;...v`.{h.7h
	0x87, 0x72, 0x68, 0x07, 0x37, 0x80, 0x87, 0x70, 0x90, 0x87, 0x70, 0x60, 0x07, 0x76, 0x28, 0x07, // .rh.7..p..p`.v(.
	0x76, 0xf8, 0x05, 0x76, 0x78, 0x87, 0x77, 0x80, 0x87, 0x5f, 0x08, 0x87, 0x71, 0x18, 0x87, 0x72, // v..vx.w.._..q..r
	0x98, 0x87, 0x79, 0x98, 0x81, 0x2c, 0xee, 0xf0, 0x0e, 0xee, 0xe0, 0x0e, 0xf5, 0xc0, 0x0e, 0xec, // ..y..,..........
	0x30, 0x03, 0x62, 0xc8, 0xa1, 0x1c, 0xe4, 0xa1, 0x1c, 0xcc, 0xa1, 0x1c, 0xe4, 0xa1, 0x1c, 0xdc, // 0.b.............
	0x61, 0x1c, 0xca, 0x21, 0x1c, 0xc4, 0x81, 0x1d, 0xca, 0x61, 0x06, 0xd6, 0x90, 0x43, 0x39, 0xc8, // a..!.....a...C9.
	0x43, 0x39, 0x98, 0x43, 0x39, 0xc8, 0x43, 0x39, 0xb8, 0xc3, 0x38, 0x94, 0x43, 0x38, 0x88, 0x03, // C9.C9.C9..8.C8..
	0x3b, 0x94, 0xc3, 0x2f, 0xbc, 0x83, 0x3c, 0xfc, 0x82, 0x3b, 0xd4, 0x03, 0x3b, 0xb0, 0xc3, 0x0c, // ;../..<..;..;...
	0xc4, 0x21, 0x07, 0x7c, 0x70, 0x03, 0x7a, 0x28, 0x87, 0x76, 0x80, 0x87, 0x19, 0xd1, 0x43, 0x0e, // .!.|p.z(.v....C.
	0xf8, 0xe0, 0x06, 0xe4, 0x20, 0x0e, 0xe7, 0xe0, 0x06, 0xf6, 0x10, 0x0e, 0xf2, 0xc0, 0x0e, 0xe1, // .... ...........
	0x90, 0x0f, 0xef, 0x50, 0x0f, 0xf4, 0x00, 0x00, 0x00, 0x71, 0x20, 0x00, 0x00, 0x18, 0x00, 0x00, // ...P.....q .....
	0x00, 0x36, 0xb0, 0x0d, 0x97, 0xef, 0x3c, 0xbe, 0x10, 0x50, 0x45, 0x41, 0x44, 0xa5, 0x03, 0x0c, // .6....<..PEAD...
	0x25, 0x61, 0x00, 0x02, 0xe6, 0x17, 0xb7, 0x6d, 0x05, 0xd2, 0x70, 0xf9, 0xce, 0xe3, 0x0b, 0x11, // %a.....m..p.....
	0x01, 0x4c, 0x44, 0x08, 0x34, 0xc3, 0x42, 0x58, 0xc0, 0x34, 0x5c, 0xbe, 0xf3, 0xf8, 0x8b, 0x03, // .LD.4.BX.4......
	0x0c, 0x62, 0xf3, 0x50, 0x93, 0x5f, 0xdc, 0xb6, 0x09, 0x54, 0xc3, 0xe5, 0x3b, 0x8f, 0x2f, 0x4d, // .b.P._...T..;./M
	0x4e, 0x44, 0xa0, 0xd4, 0xf4, 0x50, 0x93, 0x5f, 0xdc, 0xb6, 0x11, 0x48, 0xc3, 0xe5, 0x3b, 0x8f, // ND...P._...H..;.
	0x3f, 0x11, 0xd1, 0x84, 0x00, 0x11, 0xe6, 0x17, 0xb7, 0x6d, 0x00, 0x04, 0x03, 0x20, 0x0d, 0x00, // ?........m... ..
	0x00, 0x61, 0x20, 0x00, 0x00, 0x79, 0x00, 0x00, 0x00, 0x13, 0x04, 0x41, 0x2c, 0x10, 0x00, 0x00, // .a ..y.....A,...
	0x00, 0x05, 0x00, 0x00, 0x00, 0x14, 0x47, 0x00, 0x88, 0x94, 0x42, 0x21, 0xcc, 0x00, 0x94, 0x5d, // ......G...B!...]
	0x71, 0x95, 0x1c, 0x95, 0x12, 0xa0, 0x31, 0x02, 0x00, 0x23, 0x06, 0x09, 0x00, 0x82, 0x60, 0x20, // q.....1..#....` 
	0x69, 0x43, 0x83, 0x61, 0xc9, 0x88, 0x41, 0x02, 0x80, 0x20, 0x18, 0x18, 0x1f, 0x32, 0x65, 0xd0, // iC.a..A.. ...2e.
	0x31, 0x62, 0x90, 0x00, 0x20, 0x08, 0x06, 0x06, 0x18, 0x24, 0x94, 0x46, 0x20, 0x23, 0x06, 0x09, // 1b.. ....$.F #..
	0x00, 0x82, 0x60, 0x60, 0x84, 0x81, 0xc2, 0x6d, 0x52, 0x32, 0x62, 0x90, 0x00, 0x20, 0x08, 0x06, // ..``...mR2b.. ..
	0x86, 0x18, 0x2c, 0x1d, 0x67, 0x28, 0x23, 0x06, 0x09, 0x00, 0x82, 0x60, 0x60, 0x8c, 0x01, 0xe3, // ..,.g(#....``...
	0x75, 0xd2, 0x32, 0x62, 0x90, 0x00, 0x20, 0x08, 0x06, 0x06, 0x19, 0x34, 0x9e, 0x57, 0x31, 0x23, // u.2b.. ....4.W1#
	0x06, 0x09, 0x00, 0x82, 0x60, 0x60, 0x94, 0x81, 0xf3, 0x7d, 0x49, 0x33, 0x62, 0x90, 0x00, 0x20, // ....``...}I3b.. 
	0x08, 0x06, 0x86, 0x19, 0x3c, 0x60, 0x00, 0x06, 0x95, 0x33, 0x62, 0x70, 0x00, 0x20, 0x08, 0x06, // ....<`...3bp. ..
	0x4d, 0x19, 0x38, 0x49, 0x18, 0x8c, 0x26, 0x04, 0xc0, 0x68, 0x82, 0x10, 0x8c, 0x26, 0x0c, 0xc3, // M.8I..&..h...&..
	0x88, 0xc1, 0x01, 0x80, 0x20, 0x18, 0x34, 0x69, 0x20, 0x35, 0x66, 0x30, 0x9a, 0x10, 0x00, 0xa3, // .... .4i 5f0....
	0x09, 0x42, 0x30, 0x9a, 0x30, 0x0c, 0x23, 0x06, 0x07, 0x00, 0x82, 0x60, 0xd0, 0xb4, 0x81, 0x15, // .B0.0.#....`....
	0x95, 0xc1, 0x68, 0x42, 0x00, 0x8c, 0x26, 0x08, 0xc1, 0x68, 0xc2, 0x30, 0xd8, 0x22, 0xc9, 0x67, // ..hB..&..h.0.".g
	0xc4, 0x00, 0x01, 0x40, 0x10, 0x0c, 0x9e, 0x38, 0xd0, 0x10, 0x29, 0xb0, 0x22, 0x80, 0x8e, 0x35, // ...@...8..)."..5
	0x95, 0x7c, 0x46, 0x0c, 0x10, 0x00, 0x04, 0xc1, 0xe0, 0xa1, 0x83, 0x4e, 0xa9, 0x02, 0x0b, 0x0e, // .|F........N....
	0xe8, 0xd8, 0x83, 0xc9, 0x67, 0xc4, 0x00, 0x01, 0x40, 0x10, 0x0c, 0x9e, 0x3b, 0x00, 0x03, 0x06, // ....g...@...;...
	0x0b, 0x2c, 0x48, 0xa0, 0x33, 0x62, 0x70, 0x00, 0x20, 0x08, 0x06, 0x8d, 0x1e, 0x8c, 0x81, 0x57, // .,H.3bp. ......W
	0x06, 0xa3, 0x09, 0xc1, 0x60, 0x81, 0x26, 0x1f, 0x13, 0x34, 0xf9, 0xd8, 0xa0, 0xc9, 0x67, 0xc4, // ....`.&..4....g.
	0x20, 0x01, 0x40, 0x10, 0x0c, 0x10, 0x50, 0x58, 0x83, 0x3d, 0xd8, 0x03, 0x39, 0x60, 0x46, 0x0c, //  .@...PX.=..9`F.
	0x12, 0x00, 0x04, 0xc1, 0x00, 0x01, 0x85, 0x35, 0xd8, 0x83, 0x3d, 0x28, 0x83, 0x64, 0xc4, 0x20, // .......5..=(.d. 
	0x01, 0x40, 0x10, 0x0c, 0x10, 0x50, 0x58, 0x83, 0x3d, 0xd8, 0x03, 0x38, 0x20, 0x83, 0x11, 0x83, // .@...PX.=..8 ...
	0x04, 0x00, 0x41, 0x30, 0x40, 0x40, 0x61, 0x0d, 0xf6, 0x60, 0x0f, 0xe2, 0xc0, 0x18, 0x31, 0x48, // ..A0@@a..`....1H
	0x00, 0x10, 0x04, 0x03, 0x04, 0x14, 0xd6, 0x80, 0x0f, 0xf6, 0x40, 0x0e, 0x86, 0x11, 0x83, 0x04, // ..........@.....
	0x00, 0x41, 0x30, 0x40, 0x40, 0x61, 0x0d, 0xf8, 0x60, 0x0f, 0xca, 0x40, 0x18, 0x31, 0x48, 0x00, // .A0@@a..`..@.1H.
	0x10, 0x04, 0x03, 0x04, 0x14, 0xd6, 0x80, 0x0f, 0xf6, 0x00, 0x0e, 0x82, 0x11, 0x83, 0x04, 0x00, // ................
	0x41, 0x30, 0x40, 0x40, 0x61, 0x0d, 0xf8, 0x60, 0x0f, 0xe2, 0xc0, 0x1b, 0x31, 0x48, 0x00, 0x10, // A0@@a..`....1H..
	0x04, 0x03, 0x04, 0x14, 0xd6, 0xa0, 0x0e, 0xf6, 0x40, 0x0e, 0xc4, 0x60, 0xc4, 0x20, 0x01, 0x40, // ........@..`. .@
	0x10, 0x0c, 0x10, 0x50, 0x58, 0x83, 0x3a, 0xd8, 0x83, 0x32, 0x08, 0x83, 0x11, 0x83, 0x04, 0x00, // ...PX.:..2......
	0x41, 0x30, 0x40, 0x40, 0x61, 0x0d, 0xee, 0x60, 0x0f, 0xe4, 0x00, 0x0c, 0x46, 0x0c, 0x12, 0x00, // A0@@a..`....F...
	0x04, 0xc1, 0x00, 0x01, 0x85, 0x35, 0xb8, 0x83, 0x3d, 0x28, 0x83, 0x0f, 0x01, 0x00, 0x00, 0x00, // .....5..=(......
	0x00, 0x00, 0x03, 0x02, 0x00, 0x01, 0x00, 0x10, 0x00, 0x50, 0x00,                               // .........P.
};
static const uint8_t vs_imgui_spv[1775] =
{
	0x56, 0x53, 0x48, 0x0c, 0x00, 0x00, 0x00, 0x00, 0x4f, 0x45, 0x98, 0x49, 0x00, 0x00, 0x00, 0x00, // VSH.....OE.I....
	0x00, 0x00, 0x00, 0x00, 0x02, 0x00, 0x0c, 0x6d, 0x61, 0x74, 0x57, 0x6f, 0x72, 0x6c, 0x64, 0x56, // .......matWorldV
	0x69, 0x65, 0x77, 0x04, 0x01, 0x00, 0x00, 0x04, 0x00, 0x00, 0x00, 0x00, 0x00, 0x11, 0x73, 0x74, // iew...........st
	0x61, 0x74, 0x69, 0x63, 0x43, 0x6f, 0x6c, 0x6f, 0x72, 0x5f, 0x41, 0x6c, 0x70, 0x68, 0x61, 0x02, // aticColor_Alpha.
	0x01, 0x40, 0x00, 0x01, 0x00, 0x00, 0x00, 0x00, 0x00, 0x98, 0x06, 0x00, 0x00, 0x03, 0x02, 0x23, // .@.............#
	0x07, 0x00, 0x00, 0x01, 0x00, 0x0b, 0x00, 0x08, 0x00, 0xae, 0x00, 0x00, 0x00, 0x00, 0x00, 0x00, // ................
	0x00, 0x11, 0x00, 0x02, 0x00, 0x01, 0x00, 0x00, 0x00, 0x0b, 0x00, 0x06, 0x00, 0x01, 0x00, 0x00, // ................
	0x00, 0x47, 0x4c, 0x53, 0x4c, 0x2e, 0x73, 0x74, 0x64, 0x2e, 0x34, 0x35, 0x30, 0x00, 0x00, 0x00, // .GLSL.std.450...
	0x00, 0x0e, 0x00, 0x03, 0x00, 0x00, 0x00, 0x00, 0x00, 0x01, 0x00, 0x00, 0x00, 0x0f, 0x00, 0x0c, // ................
	0x00, 0x00, 0x00, 0x00, 0x00, 0x04, 0x00, 0x00, 0x00, 0x6d, 0x61, 0x69, 0x6e, 0x00, 0x00, 0x00, // .........main...
	0x00, 0x56, 0x00, 0x00, 0x00, 0x59, 0x00, 0x00, 0x00, 0x5d, 0x00, 0x00, 0x00, 0x68, 0x00, 0x00, // .V...Y...]...h..
	0x00, 0x6b, 0x00, 0x00, 0x00, 0x6f, 0x00, 0x00, 0x00, 0x72, 0x00, 0x00, 0x00, 0x03, 0x00, 0x03, // .k...o...r......
	0x00, 0x05, 0x00, 0x00, 0x00, 0xf4, 0x01, 0x00, 0x00, 0x05, 0x00, 0x04, 0x00, 0x04, 0x00, 0x00, // ................
	0x00, 0x6d, 0x61, 0x69, 0x6e, 0x00, 0x00, 0x00, 0x00, 0x05, 0x00, 0x06, 0x00, 0x2d, 0x00, 0x00, // .main........-..
	0x00, 0x55, 0x6e, 0x69, 0x66, 0x6f, 0x72, 0x6d, 0x42, 0x6c, 0x6f, 0x63, 0x6b, 0x00, 0x00, 0x00, // .UniformBlock...
	0x00, 0x06, 0x00, 0x07, 0x00, 0x2d, 0x00, 0x00, 0x00, 0x00, 0x00, 0x00, 0x00, 0x6d, 0x61, 0x74, // .....-.......mat
	0x57, 0x6f, 0x72, 0x6c, 0x64, 0x56, 0x69, 0x65, 0x77, 0x00, 0x00, 0x00, 0x00, 0x06, 0x00, 0x08, // WorldView.......
	0x00, 0x2d, 0x00, 0x00, 0x00, 0x01, 0x00, 0x00, 0x00, 0x73, 0x74, 0x61, 0x74, 0x69, 0x63, 0x43, // .-.......staticC
	0x6f, 0x6c, 0x6f, 0x72, 0x5f, 0x41, 0x6c, 0x70, 0x68, 0x61, 0x00, 0x00, 0x00, 0x05, 0x00, 0x03, // olor_Alpha......
	0x00, 0x2f, 0x00, 0x00, 0x00, 0x00, 0x00, 0x00, 0x00, 0x05, 0x00, 0x05, 0x00, 0x56, 0x00, 0x00, // ./...........V..
	0x00, 0x61, 0x5f, 0x6e, 0x6f, 0x72, 0x6d, 0x61, 0x6c, 0x00, 0x00, 0x00, 0x00, 0x05, 0x00, 0x05, // .a_normal.......
	0x00, 0x59, 0x00, 0x00, 0x00, 0x61, 0x5f, 0x70, 0x6f, 0x73, 0x69, 0x74, 0x69, 0x6f, 0x6e, 0x00, // .Y...a_position.
	0x00, 0x05, 0x00, 0x05, 0x00, 0x5d, 0x00, 0x00, 0x00, 0x61, 0x5f, 0x74, 0x65, 0x78, 0x63, 0x6f, // .....]...a_texco
	0x6f, 0x72, 0x64, 0x30, 0x00, 0x05, 0x00, 0x0a, 0x00, 0x68, 0x00, 0x00, 0x00, 0x40, 0x65, 0x6e, // ord0.....h...@en
	0x74, 0x72, 0x79, 0x50, 0x6f, 0x69, 0x6e, 0x74, 0x4f, 0x75, 0x74, 0x70, 0x75, 0x74, 0x2e, 0x67, // tryPointOutput.g
	0x6c, 0x5f, 0x50, 0x6f, 0x73, 0x69, 0x74, 0x69, 0x6f, 0x6e, 0x00, 0x00, 0x00, 0x05, 0x00, 0x09, // l_Position......
	0x00, 0x6b, 0x00, 0x00, 0x00, 0x40, 0x65, 0x6e, 0x74, 0x72, 0x79, 0x50, 0x6f, 0x69, 0x6e, 0x74, // .k...@entryPoint
	0x4f, 0x75, 0x74, 0x70, 0x75, 0x74, 0x2e, 0x76, 0x5f, 0x63, 0x6f, 0x6c, 0x6f, 0x72, 0x30, 0x00, // Output.v_color0.
	0x00, 0x05, 0x00, 0x0a, 0x00, 0x6f, 0x00, 0x00, 0x00, 0x40, 0x65, 0x6e, 0x74, 0x72, 0x79, 0x50, // .....o...@entryP
	0x6f, 0x69, 0x6e, 0x74, 0x4f, 0x75, 0x74, 0x70, 0x75, 0x74, 0x2e, 0x76, 0x5f, 0x74, 0x65, 0x78, // ointOutput.v_tex
	0x63, 0x6f, 0x6f, 0x72, 0x64, 0x30, 0x00, 0x00, 0x00, 0x05, 0x00, 0x0a, 0x00, 0x72, 0x00, 0x00, // coord0.......r..
	0x00, 0x40, 0x65, 0x6e, 0x74, 0x72, 0x79, 0x50, 0x6f, 0x69, 0x6e, 0x74, 0x4f, 0x75, 0x74, 0x70, // .@entryPointOutp
	0x75, 0x74, 0x2e, 0x76, 0x5f, 0x74, 0x65, 0x78, 0x63, 0x6f, 0x6f, 0x72, 0x64, 0x31, 0x00, 0x00, // ut.v_texcoord1..
	0x00, 0x47, 0x00, 0x03, 0x00, 0x2d, 0x00, 0x00, 0x00, 0x02, 0x00, 0x00, 0x00, 0x48, 0x00, 0x04, // .G...-.......H..
	0x00, 0x2d, 0x00, 0x00, 0x00, 0x00, 0x00, 0x00, 0x00, 0x04, 0x00, 0x00, 0x00, 0x48, 0x00, 0x05, // .-...........H..
	0x00, 0x2d, 0x00, 0x00, 0x00, 0x00, 0x00, 0x00, 0x00, 0x07, 0x00, 0x00, 0x00, 0x10, 0x00, 0x00, // .-..............
	0x00, 0x48, 0x00, 0x05, 0x00, 0x2d, 0x00, 0x00, 0x00, 0x00, 0x00, 0x00, 0x00, 0x23, 0x00, 0x00, // .H...-.......#..
	0x00, 0x00, 0x00, 0x00, 0x00, 0x48, 0x00, 0x05, 0x00, 0x2d, 0x00, 0x00, 0x00, 0x01, 0x00, 0x00, // .....H...-......
	0x00, 0x23, 0x00, 0x00, 0x00, 0x40, 0x00, 0x00, 0x00, 0x47, 0x00, 0x04, 0x00, 0x2f, 0x00, 0x00, // .#...@...G.../..
	0x00, 0x21, 0x00, 0x00, 0x00, 0x00, 0x00, 0x00, 0x00, 0x47, 0x00, 0x04, 0x00, 0x2f, 0x00, 0x00, // .!.......G.../..
	0x00, 0x22, 0x00, 0x00, 0x00, 0x00, 0x00, 0x00, 0x00, 0x47, 0x00, 0x04, 0x00, 0x56, 0x00, 0x00, // .".......G...V..
	0x00, 0x1e, 0x00, 0x00, 0x00, 0x00, 0x00, 0x00, 0x00, 0x47, 0x00, 0x04, 0x00, 0x59, 0x00, 0x00, // .........G...Y..
	0x00, 0x1e, 0x00, 0x00, 0x00, 0x01, 0x00, 0x00, 0x00, 0x47, 0x00, 0x04, 0x00, 0x5d, 0x00, 0x00, // .........G...]..
	0x00, 0x1e, 0x00, 0x00, 0x00, 0x02, 0x00, 0x00, 0x00, 0x47, 0x00, 0x04, 0x00, 0x68, 0x00, 0x00, // .........G...h..
	0x00, 0x0b, 0x00, 0x00, 0x00, 0x00, 0x00, 0x00, 0x00, 0x47, 0x00, 0x04, 0x00, 0x6b, 0x00, 0x00, // .........G...k..
	0x00, 0x1e, 0x00, 0x00, 0x00, 0x00, 0x00, 0x00, 0x00, 0x47, 0x00, 0x04, 0x00, 0x6f, 0x00, 0x00, // .........G...o..
	0x00, 0x1e, 0x00, 0x00, 0x00, 0x01, 0x00, 0x00, 0x00, 0x47, 0x00, 0x04, 0x00, 0x72, 0x00, 0x00, // .........G...r..
	0x00, 0x1e, 0x00, 0x00, 0x00, 0x02, 0x00, 0x00, 0x00, 0x13, 0x00, 0x02, 0x00, 0x02, 0x00, 0x00, // ................
	0x00, 0x21, 0x00, 0x03, 0x00, 0x03, 0x00, 0x00, 0x00, 0x02, 0x00, 0x00, 0x00, 0x16, 0x00, 0x03, // .!..............
	0x00, 0x06, 0x00, 0x00, 0x00, 0x20, 0x00, 0x00, 0x00, 0x17, 0x00, 0x04, 0x00, 0x07, 0x00, 0x00, // ..... ..........
	0x00, 0x06, 0x00, 0x00, 0x00, 0x03, 0x00, 0x00, 0x00, 0x17, 0x00, 0x04, 0x00, 0x09, 0x00, 0x00, // ................
	0x00, 0x06, 0x00, 0x00, 0x00, 0x02, 0x00, 0x00, 0x00, 0x17, 0x00, 0x04, 0x00, 0x0b, 0x00, 0x00, // ................
	0x00, 0x06, 0x00, 0x00, 0x00, 0x04, 0x00, 0x00, 0x00, 0x15, 0x00, 0x04, 0x00, 0x15, 0x00, 0x00, // ................
	0x00, 0x20, 0x00, 0x00, 0x00, 0x01, 0x00, 0x00, 0x00, 0x2b, 0x00, 0x04, 0x00, 0x15, 0x00, 0x00, // . .......+......
	0x00, 0x16, 0x00, 0x00, 0x00, 0x01, 0x00, 0x00, 0x00, 0x2b, 0x00, 0x04, 0x00, 0x06, 0x00, 0x00, // .........+......
	0x00, 0x17, 0x00, 0x00, 0x00, 0x00, 0x00, 0x80, 0x3f, 0x2b, 0x00, 0x04, 0x00, 0x06, 0x00, 0x00, // ........?+......
	0x00, 0x18, 0x00, 0x00, 0x00, 0x00, 0x00, 0x00, 0x00, 0x18, 0x00, 0x04, 0x00, 0x2c, 0x00, 0x00, // .............,..
	0x00, 0x0b, 0x00, 0x00, 0x00, 0x04, 0x00, 0x00, 0x00, 0x1e, 0x00, 0x04, 0x00, 0x2d, 0x00, 0x00, // .............-..
	0x00, 0x2c, 0x00, 0x00, 0x00, 0x0b, 0x00, 0x00, 0x00, 0x20, 0x00, 0x04, 0x00, 0x2e, 0x00, 0x00, // .,....... ......
	0x00, 0x02, 0x00, 0x00, 0x00, 0x2d, 0x00, 0x00, 0x00, 0x3b, 0x00, 0x04, 0x00, 0x2e, 0x00, 0x00, // .....-...;......
	0x00, 0x2f, 0x00, 0x00, 0x00, 0x02, 0x00, 0x00, 0x00, 0x2b, 0x00, 0x04, 0x00, 0x15, 0x00, 0x00, // ./.......+......
	0x00, 0x30, 0x00, 0x00, 0x00, 0x00, 0x00, 0x00, 0x00, 0x20, 0x00, 0x04, 0x00, 0x31, 0x00, 0x00, // .0....... ...1..
	0x00, 0x02, 0x00, 0x00, 0x00, 0x2c, 0x00, 0x00, 0x00, 0x15, 0x00, 0x04, 0x00, 0x35, 0x00, 0x00, // .....,.......5..
	0x00, 0x20, 0x00, 0x00, 0x00, 0x00, 0x00, 0x00, 0x00, 0x2b, 0x00, 0x04, 0x00, 0x35, 0x00, 0x00, // . .......+...5..
	0x00, 0x3d, 0x00, 0x00, 0x00, 0x03, 0x00, 0x00, 0x00, 0x20, 0x00, 0x04, 0x00, 0x44, 0x00, 0x00, // .=....... ...D..
	0x00, 0x02, 0x00, 0x00, 0x00, 0x06, 0x00, 0x00, 0x00, 0x20, 0x00, 0x04, 0x00, 0x55, 0x00, 0x00, // ......... ...U..
	0x00, 0x01, 0x00, 0x00, 0x00, 0x07, 0x00, 0x00, 0x00, 0x3b, 0x00, 0x04, 0x00, 0x55, 0x00, 0x00, // .........;...U..
	0x00, 0x56, 0x00, 0x00, 0x00, 0x01, 0x00, 0x00, 0x00, 0x3b, 0x00, 0x04, 0x00, 0x55, 0x00, 0x00, // .V.......;...U..
	0x00, 0x59, 0x00, 0x00, 0x00, 0x01, 0x00, 0x00, 0x00, 0x20, 0x00, 0x04, 0x00, 0x5c, 0x00, 0x00, // .Y....... ......
	0x00, 0x01, 0x00, 0x00, 0x00, 0x09, 0x00, 0x00, 0x00, 0x3b, 0x00, 0x04, 0x00, 0x5c, 0x00, 0x00, // .........;......
	0x00, 0x5d, 0x00, 0x00, 0x00, 0x01, 0x00, 0x00, 0x00, 0x20, 0x00, 0x04, 0x00, 0x67, 0x00, 0x00, // .]....... ...g..
	0x00, 0x03, 0x00, 0x00, 0x00, 0x0b, 0x00, 0x00, 0x00, 0x3b, 0x00, 0x04, 0x00, 0x67, 0x00, 0x00, // .........;...g..
	0x00, 0x68, 0x00, 0x00, 0x00, 0x03, 0x00, 0x00, 0x00, 0x3b, 0x00, 0x04, 0x00, 0x67, 0x00, 0x00, // .h.......;...g..
	0x00, 0x6b, 0x00, 0x00, 0x00, 0x03, 0x00, 0x00, 0x00, 0x20, 0x00, 0x04, 0x00, 0x6e, 0x00, 0x00, // .k....... ...n..
	0x00, 0x03, 0x00, 0x00, 0x00, 0x09, 0x00, 0x00, 0x00, 0x3b, 0x00, 0x04, 0x00, 0x6e, 0x00, 0x00, // .........;...n..
	0x00, 0x6f, 0x00, 0x00, 0x00, 0x03, 0x00, 0x00, 0x00, 0x3b, 0x00, 0x04, 0x00, 0x6e, 0x00, 0x00, // .o.......;...n..
	0x00, 0x72, 0x00, 0x00, 0x00, 0x03, 0x00, 0x00, 0x00, 0x36, 0x00, 0x05, 0x00, 0x02, 0x00, 0x00, // .r.......6......
	0x00, 0x04, 0x00, 0x00, 0x00, 0x00, 0x00, 0x00, 0x00, 0x03, 0x00, 0x00, 0x00, 0xf8, 0x00, 0x02, // ................
	0x00, 0x05, 0x00, 0x00, 0x00, 0x3d, 0x00, 0x04, 0x00, 0x07, 0x00, 0x00, 0x00, 0x57, 0x00, 0x00, // .....=.......W..
	0x00, 0x56, 0x00, 0x00, 0x00, 0x3d, 0x00, 0x04, 0x00, 0x07, 0x00, 0x00, 0x00, 0x5a, 0x00, 0x00, // .V...=.......Z..
	0x00, 0x59, 0x00, 0x00, 0x00, 0x3d, 0x00, 0x04, 0x00, 0x09, 0x00, 0x00, 0x00, 0x5e, 0x00, 0x00, // .Y...=.......^..
	0x00, 0x5d, 0x00, 0x00, 0x00, 0x4f, 0x00, 0x07, 0x00, 0x09, 0x00, 0x00, 0x00, 0x8f, 0x00, 0x00, // .]...O..........
	0x00, 0x5a, 0x00, 0x00, 0x00, 0x5a, 0x00, 0x00, 0x00, 0x00, 0x00, 0x00, 0x00, 0x01, 0x00, 0x00, // .Z...Z..........
	0x00, 0x51, 0x00, 0x05, 0x00, 0x06, 0x00, 0x00, 0x00, 0x93, 0x00, 0x00, 0x00, 0x5a, 0x00, 0x00, // .Q...........Z..
	0x00, 0x00, 0x00, 0x00, 0x00, 0x51, 0x00, 0x05, 0x00, 0x06, 0x00, 0x00, 0x00, 0x94, 0x00, 0x00, // .....Q..........
	0x00, 0x5a, 0x00, 0x00, 0x00, 0x01, 0x00, 0x00, 0x00, 0x50, 0x00, 0x07, 0x00, 0x0b, 0x00, 0x00, // .Z.......P......
	0x00, 0x95, 0x00, 0x00, 0x00, 0x93, 0x00, 0x00, 0x00, 0x94, 0x00, 0x00, 0x00, 0x18, 0x00, 0x00, // ................
	0x00, 0x17, 0x00, 0x00, 0x00, 0x41, 0x00, 0x05, 0x00, 0x31, 0x00, 0x00, 0x00, 0x97, 0x00, 0x00, // .....A...1......
	0x00, 0x2f, 0x00, 0x00, 0x00, 0x30, 0x00, 0x00, 0x00, 0x3d, 0x00, 0x04, 0x00, 0x2c, 0x00, 0x00, // ./...0...=...,..
	0x00, 0x98, 0x00, 0x00, 0x00, 0x97, 0x00, 0x00, 0x00, 0x90, 0x00, 0x05, 0x00, 0x0b, 0x00, 0x00, // ................
	0x00, 0x99, 0x00, 0x00, 0x00, 0x95, 0x00, 0x00, 0x00, 0x98, 0x00, 0x00, 0x00, 0x51, 0x00, 0x05, // .............Q..
	0x00, 0x06, 0x00, 0x00, 0x00, 0x9b, 0x00, 0x00, 0x00, 0x99, 0x00, 0x00, 0x00, 0x00, 0x00, 0x00, // ................
	0x00, 0x51, 0x00, 0x05, 0x00, 0x06, 0x00, 0x00, 0x00, 0x9d, 0x00, 0x00, 0x00, 0x99, 0x00, 0x00, // .Q..............
	0x00, 0x01, 0x00, 0x00, 0x00, 0x51, 0x00, 0x05, 0x00, 0x06, 0x00, 0x00, 0x00, 0x9f, 0x00, 0x00, // .....Q..........
	0x00, 0x99, 0x00, 0x00, 0x00, 0x03, 0x00, 0x00, 0x00, 0x50, 0x00, 0x07, 0x00, 0x0b, 0x00, 0x00, // .........P......
	0x00, 0xa0, 0x00, 0x00, 0x00, 0x9b, 0x00, 0x00, 0x00, 0x9d, 0x00, 0x00, 0x00, 0x18, 0x00, 0x00, // ................
	0x00, 0x9f, 0x00, 0x00, 0x00, 0x41, 0x00, 0x06, 0x00, 0x44, 0x00, 0x00, 0x00, 0xa4, 0x00, 0x00, // .....A...D......
	0x00, 0x2f, 0x00, 0x00, 0x00, 0x16, 0x00, 0x00, 0x00, 0x3d, 0x00, 0x00, 0x00, 0x3d, 0x00, 0x04, // ./.......=...=..
	0x00, 0x06, 0x00, 0x00, 0x00, 0xa5, 0x00, 0x00, 0x00, 0xa4, 0x00, 0x00, 0x00, 0x8e, 0x00, 0x05, // ................
	0x00, 0x07, 0x00, 0x00, 0x00, 0xa7, 0x00, 0x00, 0x00, 0x57, 0x00, 0x00, 0x00, 0xa5, 0x00, 0x00, // .........W......
	0x00, 0x51, 0x00, 0x05, 0x00, 0x06, 0x00, 0x00, 0x00, 0xa9, 0x00, 0x00, 0x00, 0x5a, 0x00, 0x00, // .Q...........Z..
	0x00, 0x02, 0x00, 0x00, 0x00, 0x51, 0x00, 0x05, 0x00, 0x06, 0x00, 0x00, 0x00, 0xaa, 0x00, 0x00, // .....Q..........
	0x00, 0xa7, 0x00, 0x00, 0x00, 0x00, 0x00, 0x00, 0x00, 0x51, 0x00, 0x05, 0x00, 0x06, 0x00, 0x00, // .........Q......
	0x00, 0xab, 0x00, 0x00, 0x00, 0xa7, 0x00, 0x00, 0x00, 0x01, 0x00, 0x00, 0x00, 0x51, 0x00, 0x05, // .............Q..
	0x00, 0x06, 0x00, 0x00, 0x00, 0xac, 0x00, 0x00, 0x00, 0xa7, 0x00, 0x00, 0x00, 0x02, 0x00, 0x00, // ................
	0x00, 0x50, 0x00, 0x07, 0x00, 0x0b, 0x00, 0x00, 0x00, 0xad, 0x00, 0x00, 0x00, 0xaa, 0x00, 0x00, // .P..............
	0x00, 0xab, 0x00, 0x00, 0x00, 0xac, 0x00, 0x00, 0x00, 0xa9, 0x00, 0x00, 0x00, 0x3e, 0x00, 0x03, // .............>..
	0x00, 0x68, 0x00, 0x00, 0x00, 0xa0, 0x00, 0x00, 0x00, 0x3e, 0x00, 0x03, 0x00, 0x6b, 0x00, 0x00, // .h.......>...k..
	0x00, 0xad, 0x00, 0x00, 0x00, 0x3e, 0x00, 0x03, 0x00, 0x6f, 0x00, 0x00, 0x00, 0x5e, 0x00, 0x00, // .....>...o...^..
	0x00, 0x3e, 0x00, 0x03, 0x00, 0x72, 0x00, 0x00, 0x00, 0x8f, 0x00, 0x00, 0x00, 0xfd, 0x00, 0x01, // .>...r..........
	0x00, 0x38, 0x00, 0x01, 0x00, 0x00, 0x03, 0x02, 0x00, 0x01, 0x00, 0x10, 0x00, 0x50, 0x00,       // .8...........P.
};
static const bgfx::EmbeddedShader vs_imgui = BGFX_EMBEDDED_SHADER(vs_imgui);

//////////////////////////////////////////////////////////////////////////////////////////////////////////////////////
// Build of fragment shader from fs_imgui.sc to fs_imgui with options: NOSTEREO
static const uint8_t fs_imgui_mtl[963] =
{
	0x46, 0x53, 0x48, 0x0c, 0x4f, 0x45, 0x98, 0x49, 0x00, 0x00, 0x00, 0x00, 0x00, 0x00, 0x00, 0x00, // FSH.OE.I........
	0x00, 0x00, 0x00, 0x00, 0x04, 0x00, 0x15, 0x74, 0x65, 0x78, 0x5f, 0x62, 0x61, 0x73, 0x65, 0x5f, // .......tex_base_
	0x63, 0x6f, 0x6c, 0x6f, 0x72, 0x53, 0x61, 0x6d, 0x70, 0x6c, 0x65, 0x72, 0x11, 0x01, 0xff, 0xff, // colorSampler....
	0x01, 0x00, 0x00, 0x00, 0x00, 0x00, 0x15, 0x74, 0x65, 0x78, 0x5f, 0x62, 0x61, 0x73, 0x65, 0x5f, // .......tex_base_
	0x63, 0x6f, 0x6c, 0x6f, 0x72, 0x54, 0x65, 0x78, 0x74, 0x75, 0x72, 0x65, 0x11, 0x01, 0xff, 0xff, // colorTexture....
	0x01, 0x00, 0x00, 0x00, 0x00, 0x00, 0x0a, 0x63, 0x6c, 0x69, 0x70, 0x5f, 0x70, 0x6c, 0x61, 0x6e, // .......clip_plan
	0x65, 0x12, 0x01, 0x00, 0x00, 0x01, 0x00, 0x00, 0x00, 0x00, 0x00, 0x0e, 0x74, 0x65, 0x78, 0x5f, // e...........tex_
	0x62, 0x61, 0x73, 0x65, 0x5f, 0x63, 0x6f, 0x6c, 0x6f, 0x72, 0x10, 0x00, 0x00, 0x00, 0x00, 0x00, // base_color......
	0x00, 0x02, 0x00, 0x00, 0x37, 0x03, 0x00, 0x00, 0x23, 0x69, 0x6e, 0x63, 0x6c, 0x75, 0x64, 0x65, // ....7...#include
	0x20, 0x3c, 0x6d, 0x65, 0x74, 0x61, 0x6c, 0x5f, 0x73, 0x74, 0x64, 0x6c, 0x69, 0x62, 0x3e, 0x0a, //  <metal_stdlib>.
	0x23, 0x69, 0x6e, 0x63, 0x6c, 0x75, 0x64, 0x65, 0x20, 0x3c, 0x73, 0x69, 0x6d, 0x64, 0x2f, 0x73, // #include <simd/s
	0x69, 0x6d, 0x64, 0x2e, 0x68, 0x3e, 0x0a, 0x0a, 0x75, 0x73, 0x69, 0x6e, 0x67, 0x20, 0x6e, 0x61, // imd.h>..using na
	0x6d, 0x65, 0x73, 0x70, 0x61, 0x63, 0x65, 0x20, 0x6d, 0x65, 0x74, 0x61, 0x6c, 0x3b, 0x0a, 0x0a, // mespace metal;..
	0x73, 0x74, 0x72, 0x75, 0x63, 0x74, 0x20, 0x5f, 0x47, 0x6c, 0x6f, 0x62, 0x61, 0x6c, 0x0a, 0x7b, // struct _Global.{
	0x0a, 0x20, 0x20, 0x20, 0x20, 0x66, 0x6c, 0x6f, 0x61, 0x74, 0x34, 0x20, 0x63, 0x6c, 0x69, 0x70, // .    float4 clip
	0x5f, 0x70, 0x6c, 0x61, 0x6e, 0x65, 0x3b, 0x0a, 0x7d, 0x3b, 0x0a, 0x0a, 0x73, 0x74, 0x72, 0x75, // _plane;.};..stru
	0x63, 0x74, 0x20, 0x78, 0x6c, 0x61, 0x74, 0x4d, 0x74, 0x6c, 0x4d, 0x61, 0x69, 0x6e, 0x5f, 0x6f, // ct xlatMtlMain_o
	0x75, 0x74, 0x0a, 0x7b, 0x0a, 0x20, 0x20, 0x20, 0x20, 0x66, 0x6c, 0x6f, 0x61, 0x74, 0x34, 0x20, // ut.{.    float4 
	0x62, 0x67, 0x66, 0x78, 0x5f, 0x46, 0x72, 0x61, 0x67, 0x44, 0x61, 0x74, 0x61, 0x30, 0x20, 0x5b, // bgfx_FragData0 [
	0x5b, 0x63, 0x6f, 0x6c, 0x6f, 0x72, 0x28, 0x30, 0x29, 0x5d, 0x5d, 0x3b, 0x0a, 0x7d, 0x3b, 0x0a, // [color(0)]];.};.
	0x0a, 0x73, 0x74, 0x72, 0x75, 0x63, 0x74, 0x20, 0x78, 0x6c, 0x61, 0x74, 0x4d, 0x74, 0x6c, 0x4d, // .struct xlatMtlM
	0x61, 0x69, 0x6e, 0x5f, 0x69, 0x6e, 0x0a, 0x7b, 0x0a, 0x20, 0x20, 0x20, 0x20, 0x66, 0x6c, 0x6f, // ain_in.{.    flo
	0x61, 0x74, 0x34, 0x20, 0x76, 0x5f, 0x63, 0x6f, 0x6c, 0x6f, 0x72, 0x30, 0x20, 0x5b, 0x5b, 0x75, // at4 v_color0 [[u
	0x73, 0x65, 0x72, 0x28, 0x6c, 0x6f, 0x63, 0x6e, 0x30, 0x29, 0x5d, 0x5d, 0x3b, 0x0a, 0x20, 0x20, // ser(locn0)]];.  
	0x20, 0x20, 0x66, 0x6c, 0x6f, 0x61, 0x74, 0x32, 0x20, 0x76, 0x5f, 0x74, 0x65, 0x78, 0x63, 0x6f, //   float2 v_texco
	0x6f, 0x72, 0x64, 0x30, 0x20, 0x5b, 0x5b, 0x75, 0x73, 0x65, 0x72, 0x28, 0x6c, 0x6f, 0x63, 0x6e, // ord0 [[user(locn
	0x31, 0x29, 0x5d, 0x5d, 0x3b, 0x0a, 0x20, 0x20, 0x20, 0x20, 0x66, 0x6c, 0x6f, 0x61, 0x74, 0x32, // 1)]];.    float2
	0x20, 0x76, 0x5f, 0x74, 0x65, 0x78, 0x63, 0x6f, 0x6f, 0x72, 0x64, 0x31, 0x20, 0x5b, 0x5b, 0x75, //  v_texcoord1 [[u
	0x73, 0x65, 0x72, 0x28, 0x6c, 0x6f, 0x63, 0x6e, 0x32, 0x29, 0x5d, 0x5d, 0x3b, 0x0a, 0x7d, 0x3b, // ser(locn2)]];.};
	0x0a, 0x0a, 0x66, 0x72, 0x61, 0x67, 0x6d, 0x65, 0x6e, 0x74, 0x20, 0x78, 0x6c, 0x61, 0x74, 0x4d, // ..fragment xlatM
	0x74, 0x6c, 0x4d, 0x61, 0x69, 0x6e, 0x5f, 0x6f, 0x75, 0x74, 0x20, 0x78, 0x6c, 0x61, 0x74, 0x4d, // tlMain_out xlatM
	0x74, 0x6c, 0x4d, 0x61, 0x69, 0x6e, 0x28, 0x78, 0x6c, 0x61, 0x74, 0x4d, 0x74, 0x6c, 0x4d, 0x61, // tlMain(xlatMtlMa
	0x69, 0x6e, 0x5f, 0x69, 0x6e, 0x20, 0x69, 0x6e, 0x20, 0x5b, 0x5b, 0x73, 0x74, 0x61, 0x67, 0x65, // in_in in [[stage
	0x5f, 0x69, 0x6e, 0x5d, 0x5d, 0x2c, 0x20, 0x63, 0x6f, 0x6e, 0x73, 0x74, 0x61, 0x6e, 0x74, 0x20, // _in]], constant 
	0x5f, 0x47, 0x6c, 0x6f, 0x62, 0x61, 0x6c, 0x26, 0x20, 0x5f, 0x6d, 0x74, 0x6c, 0x5f, 0x75, 0x20, // _Global& _mtl_u 
	0x5b, 0x5b, 0x62, 0x75, 0x66, 0x66, 0x65, 0x72, 0x28, 0x30, 0x29, 0x5d, 0x5d, 0x2c, 0x20, 0x74, // [[buffer(0)]], t
	0x65, 0x78, 0x74, 0x75, 0x72, 0x65, 0x32, 0x64, 0x3c, 0x66, 0x6c, 0x6f, 0x61, 0x74, 0x3e, 0x20, // exture2d<float> 
	0x74, 0x65, 0x78, 0x5f, 0x62, 0x61, 0x73, 0x65, 0x5f, 0x63, 0x6f, 0x6c, 0x6f, 0x72, 0x20, 0x5b, // tex_base_color [
	0x5b, 0x74, 0x65, 0x78, 0x74, 0x75, 0x72, 0x65, 0x28, 0x30, 0x29, 0x5d, 0x5d, 0x2c, 0x20, 0x73, // [texture(0)]], s
	0x61, 0x6d, 0x70, 0x6c, 0x65, 0x72, 0x20, 0x74, 0x65, 0x78, 0x5f, 0x62, 0x61, 0x73, 0x65, 0x5f, // ampler tex_base_
	0x63, 0x6f, 0x6c, 0x6f, 0x72, 0x53, 0x61, 0x6d, 0x70, 0x6c, 0x65, 0x72, 0x20, 0x5b, 0x5b, 0x73, // colorSampler [[s
	0x61, 0x6d, 0x70, 0x6c, 0x65, 0x72, 0x28, 0x30, 0x29, 0x5d, 0x5d, 0x29, 0x0a, 0x7b, 0x0a, 0x20, // ampler(0)]]).{. 
	0x20, 0x20, 0x20, 0x78, 0x6c, 0x61, 0x74, 0x4d, 0x74, 0x6c, 0x4d, 0x61, 0x69, 0x6e, 0x5f, 0x6f, //    xlatMtlMain_o
	0x75, 0x74, 0x20, 0x6f, 0x75, 0x74, 0x20, 0x3d, 0x20, 0x7b, 0x7d, 0x3b, 0x0a, 0x20, 0x20, 0x20, // ut out = {};.   
	0x20, 0x69, 0x66, 0x20, 0x28, 0x61, 0x6e, 0x79, 0x28, 0x69, 0x6e, 0x2e, 0x76, 0x5f, 0x74, 0x65, //  if (any(in.v_te
	0x78, 0x63, 0x6f, 0x6f, 0x72, 0x64, 0x31, 0x20, 0x3c, 0x20, 0x5f, 0x6d, 0x74, 0x6c, 0x5f, 0x75, // xcoord1 < _mtl_u
	0x2e, 0x63, 0x6c, 0x69, 0x70, 0x5f, 0x70, 0x6c, 0x61, 0x6e, 0x65, 0x2e, 0x78, 0x79, 0x29, 0x20, // .clip_plane.xy) 
	0x7c, 0x7c, 0x20, 0x61, 0x6e, 0x79, 0x28, 0x69, 0x6e, 0x2e, 0x76, 0x5f, 0x74, 0x65, 0x78, 0x63, // || any(in.v_texc
	0x6f, 0x6f, 0x72, 0x64, 0x31, 0x20, 0x3e, 0x20, 0x5f, 0x6d, 0x74, 0x6c, 0x5f, 0x75, 0x2e, 0x63, // oord1 > _mtl_u.c
	0x6c, 0x69, 0x70, 0x5f, 0x70, 0x6c, 0x61, 0x6e, 0x65, 0x2e, 0x7a, 0x77, 0x29, 0x29, 0x0a, 0x20, // lip_plane.zw)). 
	0x20, 0x20, 0x20, 0x7b, 0x0a, 0x20, 0x20, 0x20, 0x20, 0x20, 0x20, 0x20, 0x20, 0x64, 0x69, 0x73, //    {.        dis
	0x63, 0x61, 0x72, 0x64, 0x5f, 0x66, 0x72, 0x61, 0x67, 0x6d, 0x65, 0x6e, 0x74, 0x28, 0x29, 0x3b, // card_fragment();
	0x0a, 0x20, 0x20, 0x20, 0x20, 0x7d, 0x0a, 0x20, 0x20, 0x20, 0x20, 0x6f, 0x75, 0x74, 0x2e, 0x62, // .    }.    out.b
	0x67, 0x66, 0x78, 0x5f, 0x46, 0x72, 0x61, 0x67, 0x44, 0x61, 0x74, 0x61, 0x30, 0x20, 0x3d, 0x20, // gfx_FragData0 = 
	0x74, 0x65, 0x78, 0x5f, 0x62, 0x61, 0x73, 0x65, 0x5f, 0x63, 0x6f, 0x6c, 0x6f, 0x72, 0x2e, 0x73, // tex_base_color.s
	0x61, 0x6d, 0x70, 0x6c, 0x65, 0x28, 0x74, 0x65, 0x78, 0x5f, 0x62, 0x61, 0x73, 0x65, 0x5f, 0x63, // ample(tex_base_c
	0x6f, 0x6c, 0x6f, 0x72, 0x53, 0x61, 0x6d, 0x70, 0x6c, 0x65, 0x72, 0x2c, 0x20, 0x69, 0x6e, 0x2e, // olorSampler, in.
	0x76, 0x5f, 0x74, 0x65, 0x78, 0x63, 0x6f, 0x6f, 0x72, 0x64, 0x30, 0x29, 0x20, 0x2a, 0x20, 0x69, // v_texcoord0) * i
	0x6e, 0x2e, 0x76, 0x5f, 0x63, 0x6f, 0x6c, 0x6f, 0x72, 0x30, 0x3b, 0x0a, 0x20, 0x20, 0x20, 0x20, // n.v_color0;.    
	0x72, 0x65, 0x74, 0x75, 0x72, 0x6e, 0x20, 0x6f, 0x75, 0x74, 0x3b, 0x0a, 0x7d, 0x0a, 0x0a, 0x00, // return out;.}...
	0x00, 0x30, 0x00,                                                                               // .0.
};
static const uint8_t fs_imgui_essl[650] =
{
	0x46, 0x53, 0x48, 0x0c, 0x4f, 0x45, 0x98, 0x49, 0x00, 0x00, 0x00, 0x00, 0x00, 0x00, 0x00, 0x00, // FSH.OE.I........
	0x00, 0x00, 0x00, 0x00, 0x02, 0x00, 0x0a, 0x63, 0x6c, 0x69, 0x70, 0x5f, 0x70, 0x6c, 0x61, 0x6e, // .......clip_plan
	0x65, 0x02, 0x01, 0x00, 0x00, 0x01, 0x00, 0x00, 0x00, 0x00, 0x00, 0x0e, 0x74, 0x65, 0x78, 0x5f, // e...........tex_
	0x62, 0x61, 0x73, 0x65, 0x5f, 0x63, 0x6f, 0x6c, 0x6f, 0x72, 0x00, 0x01, 0x00, 0x00, 0x01, 0x00, // base_color......
	0x00, 0x02, 0x00, 0x00, 0x41, 0x02, 0x00, 0x00, 0x70, 0x72, 0x65, 0x63, 0x69, 0x73, 0x69, 0x6f, // ....A...precisio
	0x6e, 0x20, 0x6d, 0x65, 0x64, 0x69, 0x75, 0x6d, 0x70, 0x20, 0x66, 0x6c, 0x6f, 0x61, 0x74, 0x3b, // n mediump float;
	0x0a, 0x70, 0x72, 0x65, 0x63, 0x69, 0x73, 0x69, 0x6f, 0x6e, 0x20, 0x68, 0x69, 0x67, 0x68, 0x70, // .precision highp
	0x20, 0x69, 0x6e, 0x74, 0x3b, 0x0a, 0x0a, 0x75, 0x6e, 0x69, 0x66, 0x6f, 0x72, 0x6d, 0x20, 0x68, //  int;..uniform h
	0x69, 0x67, 0x68, 0x70, 0x20, 0x76, 0x65, 0x63, 0x34, 0x20, 0x63, 0x6c, 0x69, 0x70, 0x5f, 0x70, // ighp vec4 clip_p
	0x6c, 0x61, 0x6e, 0x65, 0x3b, 0x0a, 0x75, 0x6e, 0x69, 0x66, 0x6f, 0x72, 0x6d, 0x20, 0x68, 0x69, // lane;.uniform hi
	0x67, 0x68, 0x70, 0x20, 0x73, 0x61, 0x6d, 0x70, 0x6c, 0x65, 0x72, 0x32, 0x44, 0x20, 0x74, 0x65, // ghp sampler2D te
	0x78, 0x5f, 0x62, 0x61, 0x73, 0x65, 0x5f, 0x63, 0x6f, 0x6c, 0x6f, 0x72, 0x3b, 0x0a, 0x0a, 0x69, // x_base_color;..i
	0x6e, 0x20, 0x68, 0x69, 0x67, 0x68, 0x70, 0x20, 0x76, 0x65, 0x63, 0x32, 0x20, 0x76, 0x5f, 0x74, // n highp vec2 v_t
	0x65, 0x78, 0x63, 0x6f, 0x6f, 0x72, 0x64, 0x31, 0x3b, 0x0a, 0x6c, 0x61, 0x79, 0x6f, 0x75, 0x74, // excoord1;.layout
	0x28, 0x6c, 0x6f, 0x63, 0x61, 0x74, 0x69, 0x6f, 0x6e, 0x20, 0x3d, 0x20, 0x30, 0x29, 0x20, 0x6f, // (location = 0) o
	0x75, 0x74, 0x20, 0x68, 0x69, 0x67, 0x68, 0x70, 0x20, 0x76, 0x65, 0x63, 0x34, 0x20, 0x62, 0x67, // ut highp vec4 bg
	0x66, 0x78, 0x5f, 0x46, 0x72, 0x61, 0x67, 0x43, 0x6f, 0x6c, 0x6f, 0x72, 0x3b, 0x0a, 0x69, 0x6e, // fx_FragColor;.in
	0x20, 0x68, 0x69, 0x67, 0x68, 0x70, 0x20, 0x76, 0x65, 0x63, 0x32, 0x20, 0x76, 0x5f, 0x74, 0x65, //  highp vec2 v_te
	0x78, 0x63, 0x6f, 0x6f, 0x72, 0x64, 0x30, 0x3b, 0x0a, 0x69, 0x6e, 0x20, 0x68, 0x69, 0x67, 0x68, // xcoord0;.in high
	0x70, 0x20, 0x76, 0x65, 0x63, 0x34, 0x20, 0x76, 0x5f, 0x63, 0x6f, 0x6c, 0x6f, 0x72, 0x30, 0x3b, // p vec4 v_color0;
	0x0a, 0x0a, 0x76, 0x6f, 0x69, 0x64, 0x20, 0x6d, 0x61, 0x69, 0x6e, 0x28, 0x29, 0x0a, 0x7b, 0x0a, // ..void main().{.
	0x20, 0x20, 0x20, 0x20, 0x62, 0x6f, 0x6f, 0x6c, 0x20, 0x5f, 0x31, 0x39, 0x20, 0x3d, 0x20, 0x61, //     bool _19 = a
	0x6e, 0x79, 0x28, 0x6c, 0x65, 0x73, 0x73, 0x54, 0x68, 0x61, 0x6e, 0x28, 0x76, 0x5f, 0x74, 0x65, // ny(lessThan(v_te
	0x78, 0x63, 0x6f, 0x6f, 0x72, 0x64, 0x31, 0x2c, 0x20, 0x63, 0x6c, 0x69, 0x70, 0x5f, 0x70, 0x6c, // xcoord1, clip_pl
	0x61, 0x6e, 0x65, 0x2e, 0x78, 0x79, 0x29, 0x29, 0x3b, 0x0a, 0x20, 0x20, 0x20, 0x20, 0x62, 0x6f, // ane.xy));.    bo
	0x6f, 0x6c, 0x20, 0x5f, 0x32, 0x38, 0x3b, 0x0a, 0x20, 0x20, 0x20, 0x20, 0x69, 0x66, 0x20, 0x28, // ol _28;.    if (
	0x21, 0x5f, 0x31, 0x39, 0x29, 0x0a, 0x20, 0x20, 0x20, 0x20, 0x7b, 0x0a, 0x20, 0x20, 0x20, 0x20, // !_19).    {.    
	0x20, 0x20, 0x20, 0x20, 0x5f, 0x32, 0x38, 0x20, 0x3d, 0x20, 0x61, 0x6e, 0x79, 0x28, 0x67, 0x72, //     _28 = any(gr
	0x65, 0x61, 0x74, 0x65, 0x72, 0x54, 0x68, 0x61, 0x6e, 0x28, 0x76, 0x5f, 0x74, 0x65, 0x78, 0x63, // eaterThan(v_texc
	0x6f, 0x6f, 0x72, 0x64, 0x31, 0x2c, 0x20, 0x63, 0x6c, 0x69, 0x70, 0x5f, 0x70, 0x6c, 0x61, 0x6e, // oord1, clip_plan
	0x65, 0x2e, 0x7a, 0x77, 0x29, 0x29, 0x3b, 0x0a, 0x20, 0x20, 0x20, 0x20, 0x7d, 0x0a, 0x20, 0x20, // e.zw));.    }.  
	0x20, 0x20, 0x65, 0x6c, 0x73, 0x65, 0x0a, 0x20, 0x20, 0x20, 0x20, 0x7b, 0x0a, 0x20, 0x20, 0x20, //   else.    {.   
	0x20, 0x20, 0x20, 0x20, 0x20, 0x5f, 0x32, 0x38, 0x20, 0x3d, 0x20, 0x5f, 0x31, 0x39, 0x3b, 0x0a, //      _28 = _19;.
	0x20, 0x20, 0x20, 0x20, 0x7d, 0x0a, 0x20, 0x20, 0x20, 0x20, 0x69, 0x66, 0x20, 0x28, 0x5f, 0x32, //     }.    if (_2
	0x38, 0x29, 0x0a, 0x20, 0x20, 0x20, 0x20, 0x7b, 0x0a, 0x20, 0x20, 0x20, 0x20, 0x20, 0x20, 0x20, // 8).    {.       
	0x20, 0x64, 0x69, 0x73, 0x63, 0x61, 0x72, 0x64, 0x3b, 0x0a, 0x20, 0x20, 0x20, 0x20, 0x7d, 0x0a, //  discard;.    }.
	0x20, 0x20, 0x20, 0x20, 0x62, 0x67, 0x66, 0x78, 0x5f, 0x46, 0x72, 0x61, 0x67, 0x43, 0x6f, 0x6c, //     bgfx_FragCol
	0x6f, 0x72, 0x20, 0x3d, 0x20, 0x74, 0x65, 0x78, 0x74, 0x75, 0x72, 0x65, 0x28, 0x74, 0x65, 0x78, // or = texture(tex
	0x5f, 0x62, 0x61, 0x73, 0x65, 0x5f, 0x63, 0x6f, 0x6c, 0x6f, 0x72, 0x2c, 0x20, 0x76, 0x5f, 0x74, // _base_color, v_t
	0x65, 0x78, 0x63, 0x6f, 0x6f, 0x72, 0x64, 0x30, 0x29, 0x20, 0x2a, 0x20, 0x76, 0x5f, 0x63, 0x6f, // excoord0) * v_co
	0x6c, 0x6f, 0x72, 0x30, 0x3b, 0x0a, 0x7d, 0x0a, 0x0a, 0x00,                                     // lor0;.}...
};
static const uint8_t fs_imgui_glsl[568] =
{
	0x46, 0x53, 0x48, 0x0c, 0x4f, 0x45, 0x98, 0x49, 0x00, 0x00, 0x00, 0x00, 0x00, 0x00, 0x00, 0x00, // FSH.OE.I........
	0x00, 0x00, 0x00, 0x00, 0x02, 0x00, 0x0a, 0x63, 0x6c, 0x69, 0x70, 0x5f, 0x70, 0x6c, 0x61, 0x6e, // .......clip_plan
	0x65, 0x02, 0x01, 0x00, 0x00, 0x01, 0x00, 0x00, 0x00, 0x00, 0x00, 0x0e, 0x74, 0x65, 0x78, 0x5f, // e...........tex_
	0x62, 0x61, 0x73, 0x65, 0x5f, 0x63, 0x6f, 0x6c, 0x6f, 0x72, 0x00, 0x01, 0x00, 0x00, 0x01, 0x00, // base_color......
	0x00, 0x02, 0x00, 0x00, 0xef, 0x01, 0x00, 0x00, 0x0a, 0x75, 0x6e, 0x69, 0x66, 0x6f, 0x72, 0x6d, // .........uniform
	0x20, 0x76, 0x65, 0x63, 0x34, 0x20, 0x63, 0x6c, 0x69, 0x70, 0x5f, 0x70, 0x6c, 0x61, 0x6e, 0x65, //  vec4 clip_plane
	0x3b, 0x0a, 0x75, 0x6e, 0x69, 0x66, 0x6f, 0x72, 0x6d, 0x20, 0x73, 0x61, 0x6d, 0x70, 0x6c, 0x65, // ;.uniform sample
	0x72, 0x32, 0x44, 0x20, 0x74, 0x65, 0x78, 0x5f, 0x62, 0x61, 0x73, 0x65, 0x5f, 0x63, 0x6f, 0x6c, // r2D tex_base_col
	0x6f, 0x72, 0x3b, 0x0a, 0x0a, 0x69, 0x6e, 0x20, 0x76, 0x65, 0x63, 0x32, 0x20, 0x76, 0x5f, 0x74, // or;..in vec2 v_t
	0x65, 0x78, 0x63, 0x6f, 0x6f, 0x72, 0x64, 0x31, 0x3b, 0x0a, 0x6c, 0x61, 0x79, 0x6f, 0x75, 0x74, // excoord1;.layout
	0x28, 0x6c, 0x6f, 0x63, 0x61, 0x74, 0x69, 0x6f, 0x6e, 0x20, 0x3d, 0x20, 0x30, 0x29, 0x20, 0x6f, // (location = 0) o
	0x75, 0x74, 0x20, 0x76, 0x65, 0x63, 0x34, 0x20, 0x62, 0x67, 0x66, 0x78, 0x5f, 0x46, 0x72, 0x61, // ut vec4 bgfx_Fra
	0x67, 0x43, 0x6f, 0x6c, 0x6f, 0x72, 0x3b, 0x0a, 0x69, 0x6e, 0x20, 0x76, 0x65, 0x63, 0x32, 0x20, // gColor;.in vec2 
	0x76, 0x5f, 0x74, 0x65, 0x78, 0x63, 0x6f, 0x6f, 0x72, 0x64, 0x30, 0x3b, 0x0a, 0x69, 0x6e, 0x20, // v_texcoord0;.in 
	0x76, 0x65, 0x63, 0x34, 0x20, 0x76, 0x5f, 0x63, 0x6f, 0x6c, 0x6f, 0x72, 0x30, 0x3b, 0x0a, 0x0a, // vec4 v_color0;..
	0x76, 0x6f, 0x69, 0x64, 0x20, 0x6d, 0x61, 0x69, 0x6e, 0x28, 0x29, 0x0a, 0x7b, 0x0a, 0x20, 0x20, // void main().{.  
	0x20, 0x20, 0x62, 0x6f, 0x6f, 0x6c, 0x20, 0x5f, 0x31, 0x39, 0x20, 0x3d, 0x20, 0x61, 0x6e, 0x79, //   bool _19 = any
	0x28, 0x6c, 0x65, 0x73, 0x73, 0x54, 0x68, 0x61, 0x6e, 0x28, 0x76, 0x5f, 0x74, 0x65, 0x78, 0x63, // (lessThan(v_texc
	0x6f, 0x6f, 0x72, 0x64, 0x31, 0x2c, 0x20, 0x63, 0x6c, 0x69, 0x70, 0x5f, 0x70, 0x6c, 0x61, 0x6e, // oord1, clip_plan
	0x65, 0x2e, 0x78, 0x79, 0x29, 0x29, 0x3b, 0x0a, 0x20, 0x20, 0x20, 0x20, 0x62, 0x6f, 0x6f, 0x6c, // e.xy));.    bool
	0x20, 0x5f, 0x32, 0x38, 0x3b, 0x0a, 0x20, 0x20, 0x20, 0x20, 0x69, 0x66, 0x20, 0x28, 0x21, 0x5f, //  _28;.    if (!_
	0x31, 0x39, 0x29, 0x0a, 0x20, 0x20, 0x20, 0x20, 0x7b, 0x0a, 0x20, 0x20, 0x20, 0x20, 0x20, 0x20, // 19).    {.      
	0x20, 0x20, 0x5f, 0x32, 0x38, 0x20, 0x3d, 0x20, 0x61, 0x6e, 0x79, 0x28, 0x67, 0x72, 0x65, 0x61, //   _28 = any(grea
	0x74, 0x65, 0x72, 0x54, 0x68, 0x61, 0x6e, 0x28, 0x76, 0x5f, 0x74, 0x65, 0x78, 0x63, 0x6f, 0x6f, // terThan(v_texcoo
	0x72, 0x64, 0x31, 0x2c, 0x20, 0x63, 0x6c, 0x69, 0x70, 0x5f, 0x70, 0x6c, 0x61, 0x6e, 0x65, 0x2e, // rd1, clip_plane.
	0x7a, 0x77, 0x29, 0x29, 0x3b, 0x0a, 0x20, 0x20, 0x20, 0x20, 0x7d, 0x0a, 0x20, 0x20, 0x20, 0x20, // zw));.    }.    
	0x65, 0x6c, 0x73, 0x65, 0x0a, 0x20, 0x20, 0x20, 0x20, 0x7b, 0x0a, 0x20, 0x20, 0x20, 0x20, 0x20, // else.    {.     
	0x20, 0x20, 0x20, 0x5f, 0x32, 0x38, 0x20, 0x3d, 0x20, 0x5f, 0x31, 0x39, 0x3b, 0x0a, 0x20, 0x20, //    _28 = _19;.  
	0x20, 0x20, 0x7d, 0x0a, 0x20, 0x20, 0x20, 0x20, 0x69, 0x66, 0x20, 0x28, 0x5f, 0x32, 0x38, 0x29, //   }.    if (_28)
	0x0a, 0x20, 0x20, 0x20, 0x20, 0x7b, 0x0a, 0x20, 0x20, 0x20, 0x20, 0x20, 0x20, 0x20, 0x20, 0x64, // .    {.        d
	0x69, 0x73, 0x63, 0x61, 0x72, 0x64, 0x3b, 0x0a, 0x20, 0x20, 0x20, 0x20, 0x7d, 0x0a, 0x20, 0x20, // iscard;.    }.  
	0x20, 0x20, 0x62, 0x67, 0x66, 0x78, 0x5f, 0x46, 0x72, 0x61, 0x67, 0x43, 0x6f, 0x6c, 0x6f, 0x72, //   bgfx_FragColor
	0x20, 0x3d, 0x20, 0x74, 0x65, 0x78, 0x74, 0x75, 0x72, 0x65, 0x28, 0x74, 0x65, 0x78, 0x5f, 0x62, //  = texture(tex_b
	0x61, 0x73, 0x65, 0x5f, 0x63, 0x6f, 0x6c, 0x6f, 0x72, 0x2c, 0x20, 0x76, 0x5f, 0x74, 0x65, 0x78, // ase_color, v_tex
	0x63, 0x6f, 0x6f, 0x72, 0x64, 0x30, 0x29, 0x20, 0x2a, 0x20, 0x76, 0x5f, 0x63, 0x6f, 0x6c, 0x6f, // coord0) * v_colo
	0x72, 0x30, 0x3b, 0x0a, 0x7d, 0x0a, 0x0a, 0x00,                                                 // r0;.}...
};
static const uint8_t fs_imgui_dxbc[668] =
{
	0x46, 0x53, 0x48, 0x0c, 0x4f, 0x45, 0x98, 0x49, 0x00, 0x00, 0x00, 0x00, 0x00, 0x00, 0x00, 0x00, // FSH.OE.I........
	0x00, 0x00, 0x00, 0x00, 0x02, 0x00, 0x0a, 0x63, 0x6c, 0x69, 0x70, 0x5f, 0x70, 0x6c, 0x61, 0x6e, // .......clip_plan
	0x65, 0x12, 0x00, 0x00, 0x00, 0x01, 0x00, 0x00, 0x00, 0x00, 0x00, 0x0e, 0x74, 0x65, 0x78, 0x5f, // e...........tex_
	0x62, 0x61, 0x73, 0x65, 0x5f, 0x63, 0x6f, 0x6c, 0x6f, 0x72, 0x30, 0x01, 0x00, 0x00, 0x01, 0x00, // base_color0.....
	0x00, 0x02, 0x00, 0x00, 0x50, 0x02, 0x00, 0x00, 0x44, 0x58, 0x42, 0x43, 0x83, 0xbc, 0x6e, 0x98, // ....P...DXBC..n.
	0xca, 0x8a, 0x72, 0xb9, 0xfb, 0xb7, 0xdf, 0xab, 0x64, 0x53, 0x65, 0x73, 0x01, 0x00, 0x00, 0x00, // ..r.....dSes....
	0x50, 0x02, 0x00, 0x00, 0x03, 0x00, 0x00, 0x00, 0x2c, 0x00, 0x00, 0x00, 0xb8, 0x00, 0x00, 0x00, // P.......,.......
	0xec, 0x00, 0x00, 0x00, 0x49, 0x53, 0x47, 0x4e, 0x84, 0x00, 0x00, 0x00, 0x04, 0x00, 0x00, 0x00, // ....ISGN........
	0x08, 0x00, 0x00, 0x00, 0x68, 0x00, 0x00, 0x00, 0x00, 0x00, 0x00, 0x00, 0x01, 0x00, 0x00, 0x00, // ....h...........
	0x03, 0x00, 0x00, 0x00, 0x00, 0x00, 0x00, 0x00, 0x0f, 0x00, 0x00, 0x00, 0x74, 0x00, 0x00, 0x00, // ............t...
	0x00, 0x00, 0x00, 0x00, 0x00, 0x00, 0x00, 0x00, 0x03, 0x00, 0x00, 0x00, 0x01, 0x00, 0x00, 0x00, // ................
	0x0f, 0x0f, 0x00, 0x00, 0x7a, 0x00, 0x00, 0x00, 0x00, 0x00, 0x00, 0x00, 0x00, 0x00, 0x00, 0x00, // ....z...........
	0x03, 0x00, 0x00, 0x00, 0x02, 0x00, 0x00, 0x00, 0x03, 0x03, 0x00, 0x00, 0x7a, 0x00, 0x00, 0x00, // ............z...
	0x01, 0x00, 0x00, 0x00, 0x00, 0x00, 0x00, 0x00, 0x03, 0x00, 0x00, 0x00, 0x02, 0x00, 0x00, 0x00, // ................
	0x0c, 0x0c, 0x00, 0x00, 0x53, 0x56, 0x5f, 0x50, 0x4f, 0x53, 0x49, 0x54, 0x49, 0x4f, 0x4e, 0x00, // ....SV_POSITION.
	0x43, 0x4f, 0x4c, 0x4f, 0x52, 0x00, 0x54, 0x45, 0x58, 0x43, 0x4f, 0x4f, 0x52, 0x44, 0x00, 0xab, // COLOR.TEXCOORD..
	0x4f, 0x53, 0x47, 0x4e, 0x2c, 0x00, 0x00, 0x00, 0x01, 0x00, 0x00, 0x00, 0x08, 0x00, 0x00, 0x00, // OSGN,...........
	0x20, 0x00, 0x00, 0x00, 0x00, 0x00, 0x00, 0x00, 0x00, 0x00, 0x00, 0x00, 0x03, 0x00, 0x00, 0x00, //  ...............
	0x00, 0x00, 0x00, 0x00, 0x0f, 0x00, 0x00, 0x00, 0x53, 0x56, 0x5f, 0x54, 0x41, 0x52, 0x47, 0x45, // ........SV_TARGE
	0x54, 0x00, 0xab, 0xab, 0x53, 0x48, 0x45, 0x58, 0x5c, 0x01, 0x00, 0x00, 0x50, 0x00, 0x00, 0x00, // T...SHEX....P...
	0x57, 0x00, 0x00, 0x00, 0x6a, 0x08, 0x00, 0x01, 0x59, 0x00, 0x00, 0x04, 0x46, 0x8e, 0x20, 0x00, // W...j...Y...F. .
	0x00, 0x00, 0x00, 0x00, 0x01, 0x00, 0x00, 0x00, 0x5a, 0x00, 0x00, 0x03, 0x00, 0x60, 0x10, 0x00, // ........Z....`..
	0x00, 0x00, 0x00, 0x00, 0x58, 0x18, 0x00, 0x04, 0x00, 0x70, 0x10, 0x00, 0x00, 0x00, 0x00, 0x00, // ....X....p......
	0x55, 0x55, 0x00, 0x00, 0x62, 0x10, 0x00, 0x03, 0xf2, 0x10, 0x10, 0x00, 0x01, 0x00, 0x00, 0x00, // UU..b...........
	0x62, 0x10, 0x00, 0x03, 0x32, 0x10, 0x10, 0x00, 0x02, 0x00, 0x00, 0x00, 0x62, 0x10, 0x00, 0x03, // b...2.......b...
	0xc2, 0x10, 0x10, 0x00, 0x02, 0x00, 0x00, 0x00, 0x65, 0x00, 0x00, 0x03, 0xf2, 0x20, 0x10, 0x00, // ........e.... ..
	0x00, 0x00, 0x00, 0x00, 0x68, 0x00, 0x00, 0x02, 0x01, 0x00, 0x00, 0x00, 0x31, 0x00, 0x00, 0x08, // ....h.......1...
	0x32, 0x00, 0x10, 0x00, 0x00, 0x00, 0x00, 0x00, 0xe6, 0x1a, 0x10, 0x00, 0x02, 0x00, 0x00, 0x00, // 2...............
	0x46, 0x80, 0x20, 0x00, 0x00, 0x00, 0x00, 0x00, 0x00, 0x00, 0x00, 0x00, 0x3c, 0x00, 0x00, 0x07, // F. .........<...
	0x12, 0x00, 0x10, 0x00, 0x00, 0x00, 0x00, 0x00, 0x1a, 0x00, 0x10, 0x00, 0x00, 0x00, 0x00, 0x00, // ................
	0x0a, 0x00, 0x10, 0x00, 0x00, 0x00, 0x00, 0x00, 0x31, 0x00, 0x00, 0x08, 0x62, 0x00, 0x10, 0x00, // ........1...b...
	0x00, 0x00, 0x00, 0x00, 0xa6, 0x8b, 0x20, 0x00, 0x00, 0x00, 0x00, 0x00, 0x00, 0x00, 0x00, 0x00, // ...... .........
	0xa6, 0x1b, 0x10, 0x00, 0x02, 0x00, 0x00, 0x00, 0x3c, 0x00, 0x00, 0x07, 0x22, 0x00, 0x10, 0x00, // ........<..."...
	0x00, 0x00, 0x00, 0x00, 0x2a, 0x00, 0x10, 0x00, 0x00, 0x00, 0x00, 0x00, 0x1a, 0x00, 0x10, 0x00, // ....*...........
	0x00, 0x00, 0x00, 0x00, 0x3c, 0x00, 0x00, 0x07, 0x12, 0x00, 0x10, 0x00, 0x00, 0x00, 0x00, 0x00, // ....<...........
	0x1a, 0x00, 0x10, 0x00, 0x00, 0x00, 0x00, 0x00, 0x0a, 0x00, 0x10, 0x00, 0x00, 0x00, 0x00, 0x00, // ................
	0x0d, 0x00, 0x04, 0x03, 0x0a, 0x00, 0x10, 0x00, 0x00, 0x00, 0x00, 0x00, 0x45, 0x00, 0x00, 0x8b, // ............E...
	0xc2, 0x00, 0x00, 0x80, 0x43, 0x55, 0x15, 0x00, 0xf2, 0x00, 0x10, 0x00, 0x00, 0x00, 0x00, 0x00, // ....CU..........
	0x46, 0x10, 0x10, 0x00, 0x02, 0x00, 0x00, 0x00, 0x46, 0x7e, 0x10, 0x00, 0x00, 0x00, 0x00, 0x00, // F.......F~......
	0x00, 0x60, 0x10, 0x00, 0x00, 0x00, 0x00, 0x00, 0x38, 0x00, 0x00, 0x07, 0xf2, 0x20, 0x10, 0x00, // .`......8.... ..
	0x00, 0x00, 0x00, 0x00, 0x46, 0x0e, 0x10, 0x00, 0x00, 0x00, 0x00, 0x00, 0x46, 0x1e, 0x10, 0x00, // ....F.......F...
	0x01, 0x00, 0x00, 0x00, 0x3e, 0x00, 0x00, 0x01, 0x00, 0x00, 0x10, 0x00,                         // ....>.......
};
static const uint8_t fs_imgui_dxil[2896] =
{
	0x46, 0x53, 0x48, 0x0c, 0x4f, 0x45, 0x98, 0x49, 0x00, 0x00, 0x00, 0x00, 0x00, 0x00, 0x00, 0x00, // FSH.OE.I........
	0x00, 0x00, 0x00, 0x00, 0x02, 0x00, 0x0a, 0x63, 0x6c, 0x69, 0x70, 0x5f, 0x70, 0x6c, 0x61, 0x6e, // .......clip_plan
	0x65, 0x12, 0x00, 0x00, 0x00, 0x01, 0x00, 0x00, 0x00, 0x00, 0x00, 0x0e, 0x74, 0x65, 0x78, 0x5f, // e...........tex_
	0x62, 0x61, 0x73, 0x65, 0x5f, 0x63, 0x6f, 0x6c, 0x6f, 0x72, 0x30, 0x01, 0x00, 0x00, 0x01, 0x00, // base_color0.....
	0x00, 0x02, 0x00, 0x00, 0x04, 0x0b, 0x00, 0x00, 0x44, 0x58, 0x42, 0x43, 0x45, 0xea, 0xc1, 0x6c, // ........DXBCE..l
	0xcc, 0x9a, 0x36, 0x41, 0xaa, 0x64, 0x90, 0x42, 0xaf, 0x49, 0x22, 0x1b, 0x01, 0x00, 0x00, 0x00, // ..6A.d.B.I".....
	0x04, 0x0b, 0x00, 0x00, 0x07, 0x00, 0x00, 0x00, 0x3c, 0x00, 0x00, 0x00, 0x4c, 0x00, 0x00, 0x00, // ........<...L...
	0xf8, 0x00, 0x00, 0x00, 0x34, 0x01, 0x00, 0x00, 0x78, 0x02, 0x00, 0x00, 0xac, 0x02, 0x00, 0x00, // ....4...x.......
	0xc8, 0x02, 0x00, 0x00, 0x53, 0x46, 0x49, 0x30, 0x08, 0x00, 0x00, 0x00, 0x00, 0x00, 0x00, 0x00, // ....SFI0........
	0x00, 0x00, 0x00, 0x00, 0x49, 0x53, 0x47, 0x31, 0xa4, 0x00, 0x00, 0x00, 0x04, 0x00, 0x00, 0x00, // ....ISG1........
	0x08, 0x00, 0x00, 0x00, 0x00, 0x00, 0x00, 0x00, 0x88, 0x00, 0x00, 0x00, 0x00, 0x00, 0x00, 0x00, // ................
	0x01, 0x00, 0x00, 0x00, 0x03, 0x00, 0x00, 0x00, 0x00, 0x00, 0x00, 0x00, 0x0f, 0x00, 0x00, 0x00, // ................
	0x00, 0x00, 0x00, 0x00, 0x00, 0x00, 0x00, 0x00, 0x94, 0x00, 0x00, 0x00, 0x00, 0x00, 0x00, 0x00, // ................
	0x00, 0x00, 0x00, 0x00, 0x03, 0x00, 0x00, 0x00, 0x01, 0x00, 0x00, 0x00, 0x0f, 0x0f, 0x00, 0x00, // ................
	0x00, 0x00, 0x00, 0x00, 0x00, 0x00, 0x00, 0x00, 0x9a, 0x00, 0x00, 0x00, 0x00, 0x00, 0x00, 0x00, // ................
	0x00, 0x00, 0x00, 0x00, 0x03, 0x00, 0x00, 0x00, 0x02, 0x00, 0x00, 0x00, 0x03, 0x03, 0x00, 0x00, // ................
	0x00, 0x00, 0x00, 0x00, 0x00, 0x00, 0x00, 0x00, 0x9a, 0x00, 0x00, 0x00, 0x01, 0x00, 0x00, 0x00, // ................
	0x00, 0x00, 0x00, 0x00, 0x03, 0x00, 0x00, 0x00, 0x02, 0x00, 0x00, 0x00, 0x0c, 0x0c, 0x00, 0x00, // ................
	0x00, 0x00, 0x00, 0x00, 0x53, 0x56, 0x5f, 0x50, 0x6f, 0x73, 0x69, 0x74, 0x69, 0x6f, 0x6e, 0x00, // ....SV_Position.
	0x43, 0x4f, 0x4c, 0x4f, 0x52, 0x00, 0x54, 0x45, 0x58, 0x43, 0x4f, 0x4f, 0x52, 0x44, 0x00, 0x00, // COLOR.TEXCOORD..
	0x4f, 0x53, 0x47, 0x31, 0x34, 0x00, 0x00, 0x00, 0x01, 0x00, 0x00, 0x00, 0x08, 0x00, 0x00, 0x00, // OSG14...........
	0x00, 0x00, 0x00, 0x00, 0x28, 0x00, 0x00, 0x00, 0x00, 0x00, 0x00, 0x00, 0x40, 0x00, 0x00, 0x00, // ....(.......@...
	0x03, 0x00, 0x00, 0x00, 0x00, 0x00, 0x00, 0x00, 0x0f, 0x00, 0x00, 0x00, 0x00, 0x00, 0x00, 0x00, // ................
	0x53, 0x56, 0x5f, 0x54, 0x61, 0x72, 0x67, 0x65, 0x74, 0x00, 0x00, 0x00, 0x50, 0x53, 0x56, 0x30, // SV_Target...PSV0
	0x3c, 0x01, 0x00, 0x00, 0x34, 0x00, 0x00, 0x00, 0x00, 0x00, 0x00, 0x00, 0x00, 0x00, 0x00, 0x00, // <...4...........
	0x00, 0x00, 0x00, 0x00, 0x00, 0x00, 0x00, 0x00, 0x00, 0x00, 0x00, 0x00, 0xff, 0xff, 0xff, 0xff, // ................
	0x00, 0x00, 0x00, 0x00, 0x04, 0x01, 0x00, 0x03, 0x01, 0x00, 0x00, 0x00, 0x00, 0x00, 0x00, 0x00, // ................
	0x00, 0x00, 0x00, 0x00, 0x00, 0x00, 0x00, 0x00, 0x19, 0x00, 0x00, 0x00, 0x03, 0x00, 0x00, 0x00, // ................
	0x18, 0x00, 0x00, 0x00, 0x02, 0x00, 0x00, 0x00, 0x00, 0x00, 0x00, 0x00, 0x00, 0x00, 0x00, 0x00, // ................
	0x00, 0x00, 0x00, 0x00, 0x0d, 0x00, 0x00, 0x00, 0x00, 0x00, 0x00, 0x00, 0x01, 0x00, 0x00, 0x00, // ................
	0x00, 0x00, 0x00, 0x00, 0x00, 0x00, 0x00, 0x00, 0x00, 0x00, 0x00, 0x00, 0x0e, 0x00, 0x00, 0x00, // ................
	0x00, 0x00, 0x00, 0x00, 0x03, 0x00, 0x00, 0x00, 0x00, 0x00, 0x00, 0x00, 0x00, 0x00, 0x00, 0x00, // ................
	0x00, 0x00, 0x00, 0x00, 0x02, 0x00, 0x00, 0x00, 0x00, 0x00, 0x00, 0x00, 0x20, 0x00, 0x00, 0x00, // ............ ...
	0x00, 0x43, 0x4f, 0x4c, 0x4f, 0x52, 0x00, 0x54, 0x45, 0x58, 0x43, 0x4f, 0x4f, 0x52, 0x44, 0x00, // .COLOR.TEXCOORD.
	0x54, 0x45, 0x58, 0x43, 0x4f, 0x4f, 0x52, 0x44, 0x00, 0x6d, 0x61, 0x69, 0x6e, 0x00, 0x00, 0x00, // TEXCOORD.main...
	0x02, 0x00, 0x00, 0x00, 0x00, 0x00, 0x00, 0x00, 0x01, 0x00, 0x00, 0x00, 0x10, 0x00, 0x00, 0x00, // ................
	0x00, 0x00, 0x00, 0x00, 0x00, 0x00, 0x00, 0x00, 0x01, 0x00, 0x44, 0x03, 0x03, 0x04, 0x00, 0x00, // ..........D.....
	0x01, 0x00, 0x00, 0x00, 0x00, 0x00, 0x00, 0x00, 0x01, 0x01, 0x44, 0x00, 0x03, 0x02, 0x00, 0x00, // ..........D.....
	0x07, 0x00, 0x00, 0x00, 0x00, 0x00, 0x00, 0x00, 0x01, 0x02, 0x42, 0x00, 0x03, 0x02, 0x00, 0x00, // ..........B.....
	0x10, 0x00, 0x00, 0x00, 0x01, 0x00, 0x00, 0x00, 0x01, 0x02, 0x62, 0x00, 0x03, 0x02, 0x00, 0x00, // ..........b.....
	0x00, 0x00, 0x00, 0x00, 0x00, 0x00, 0x00, 0x00, 0x01, 0x00, 0x44, 0x10, 0x03, 0x00, 0x00, 0x00, // ..........D.....
	0x00, 0x00, 0x00, 0x00, 0x00, 0x00, 0x00, 0x00, 0x00, 0x00, 0x00, 0x00, 0x00, 0x00, 0x00, 0x00, // ................
	0x01, 0x00, 0x00, 0x00, 0x02, 0x00, 0x00, 0x00, 0x04, 0x00, 0x00, 0x00, 0x08, 0x00, 0x00, 0x00, // ................
	0x0f, 0x00, 0x00, 0x00, 0x0f, 0x00, 0x00, 0x00, 0x00, 0x00, 0x00, 0x00, 0x00, 0x00, 0x00, 0x00, // ................
	0x49, 0x4c, 0x44, 0x4e, 0x2c, 0x00, 0x00, 0x00, 0x00, 0x00, 0x24, 0x00, 0x32, 0x34, 0x62, 0x36, // ILDN,.....$.24b6
	0x66, 0x35, 0x61, 0x64, 0x33, 0x65, 0x39, 0x66, 0x39, 0x62, 0x61, 0x39, 0x66, 0x66, 0x30, 0x65, // f5ad3e9f9ba9ff0e
	0x35, 0x32, 0x38, 0x65, 0x63, 0x65, 0x66, 0x66, 0x35, 0x32, 0x38, 0x30, 0x2e, 0x70, 0x64, 0x62, // 528eceff5280.pdb
	0x00, 0x00, 0x00, 0x00, 0x48, 0x41, 0x53, 0x48, 0x14, 0x00, 0x00, 0x00, 0x00, 0x00, 0x00, 0x00, // ....HASH........
	0x24, 0xb6, 0xf5, 0xad, 0x3e, 0x9f, 0x9b, 0xa9, 0xff, 0x0e, 0x52, 0x8e, 0xce, 0xff, 0x52, 0x80, // $...>.....R...R.
	0x44, 0x58, 0x49, 0x4c, 0x34, 0x08, 0x00, 0x00, 0x60, 0x00, 0x00, 0x00, 0x0d, 0x02, 0x00, 0x00, // DXIL4...`.......
	0x44, 0x58, 0x49, 0x4c, 0x00, 0x01, 0x00, 0x00, 0x10, 0x00, 0x00, 0x00, 0x1c, 0x08, 0x00, 0x00, // DXIL............
	0x42, 0x43, 0xc0, 0xde, 0x21, 0x0c, 0x00, 0x00, 0x04, 0x02, 0x00, 0x00, 0x0b, 0x82, 0x20, 0x00, // BC..!......... .
	0x02, 0x00, 0x00, 0x00, 0x13, 0x00, 0x00, 0x00, 0x07, 0x81, 0x23, 0x91, 0x41, 0xc8, 0x04, 0x49, // ..........#.A..I
	0x06, 0x10, 0x32, 0x39, 0x92, 0x01, 0x84, 0x0c, 0x25, 0x05, 0x08, 0x19, 0x1e, 0x04, 0x8b, 0x62, // ..29....%......b
	0x80, 0x18, 0x45, 0x02, 0x42, 0x92, 0x0b, 0x42, 0xc4, 0x10, 0x32, 0x14, 0x38, 0x08, 0x18, 0x4b, // ..E.B..B..2.8..K
	0x0a, 0x32, 0x62, 0x88, 0x48, 0x90, 0x14, 0x20, 0x43, 0x46, 0x88, 0xa5, 0x00, 0x19, 0x32, 0x42, // .2b.H.. CF....2B
	0xe4, 0x48, 0x0e, 0x90, 0x11, 0x23, 0xc4, 0x50, 0x41, 0x51, 0x81, 0x8c, 0xe1, 0x83, 0xe5, 0x8a, // .H...#.PAQ......
	0x04, 0x31, 0x46, 0x06, 0x51, 0x18, 0x00, 0x00, 0x08, 0x00, 0x00, 0x00, 0x1b, 0x8c, 0xe0, 0xff, // .1F.Q...........
	0xff, 0xff, 0xff, 0x07, 0x40, 0x02, 0xa8, 0x0d, 0x84, 0xf0, 0xff, 0xff, 0xff, 0xff, 0x03, 0x20, // ....@.......... 
	0x6d, 0x30, 0x86, 0xff, 0xff, 0xff, 0xff, 0x1f, 0x00, 0x09, 0xa8, 0x00, 0x49, 0x18, 0x00, 0x00, // m0..........I...
	0x03, 0x00, 0x00, 0x00, 0x13, 0x82, 0x60, 0x42, 0x20, 0x4c, 0x08, 0x06, 0x00, 0x00, 0x00, 0x00, // ......`B L......
	0x89, 0x20, 0x00, 0x00, 0x52, 0x00, 0x00, 0x00, 0x32, 0x22, 0x88, 0x09, 0x20, 0x64, 0x85, 0x04, // . ..R...2".. d..
	0x13, 0x23, 0xa4, 0x84, 0x04, 0x13, 0x23, 0xe3, 0x84, 0xa1, 0x90, 0x14, 0x12, 0x4c, 0x8c, 0x8c, // .#....#......L..
	0x0b, 0x84, 0xc4, 0x4c, 0x10, 0x88, 0xc1, 0x08, 0x40, 0x09, 0x00, 0x0a, 0x66, 0x00, 0xe6, 0x08, // ...L....@...f...
	0xc0, 0x60, 0x8e, 0x00, 0x29, 0xc6, 0x40, 0x10, 0x44, 0x41, 0x90, 0x51, 0x0c, 0x80, 0x20, 0x88, // .`..).@.DA.Q.. .
	0x62, 0x20, 0x64, 0x8e, 0x20, 0x28, 0x03, 0x40, 0x28, 0xb4, 0xdc, 0x34, 0x5c, 0xfe, 0x84, 0x3d, // b d. (.@(..4...=
	0x84, 0xe4, 0xaf, 0x84, 0xb4, 0x12, 0x93, 0x5f, 0xdc, 0x36, 0x2a, 0x86, 0x61, 0x18, 0x08, 0x2a, // ......._.6*.a..*
	0xee, 0x19, 0x2e, 0x7f, 0xc2, 0x1e, 0x42, 0xf2, 0x43, 0xa0, 0x19, 0x16, 0x02, 0x05, 0x4e, 0x61, // ......B.C.....Na
	0x1a, 0xe2, 0x79, 0x86, 0x61, 0x18, 0x08, 0x82, 0x18, 0x08, 0x3a, 0x6a, 0xb8, 0xfc, 0x09, 0x7b, // ..y.a.....:j...{
	0x08, 0xc9, 0xe7, 0x36, 0xaa, 0x58, 0x89, 0xc9, 0x2f, 0x6e, 0x1b, 0x11, 0xc3, 0x30, 0x0c, 0x85, // ...6.X../n...0..
	0x90, 0x88, 0x87, 0xa0, 0xa9, 0x18, 0x0f, 0x51, 0x10, 0x84, 0x42, 0xd5, 0x40, 0xc0, 0x30, 0x02, // .......Q..B.@.0.
	0x31, 0xcc, 0xd4, 0x06, 0xe3, 0xc0, 0x0e, 0xe1, 0x30, 0x0f, 0xf3, 0xe0, 0x06, 0xb4, 0x50, 0x0e, // 1.......0.....P.
	0xf8, 0x40, 0x0f, 0xf5, 0x20, 0x0f, 0xe5, 0x20, 0x07, 0xa4, 0xc0, 0x07, 0xf6, 0x50, 0x0e, 0xe3, // .@.. .. .....P..
	0x40, 0x0f, 0xef, 0x20, 0x0f, 0x7c, 0x60, 0x0e, 0xec, 0xf0, 0x0e, 0xe1, 0x40, 0x0f, 0x6c, 0x00, // @.. .|`.....@.l.
	0x06, 0x74, 0xe0, 0x07, 0x60, 0xe0, 0x07, 0x7a, 0xa0, 0x07, 0xed, 0x90, 0x0e, 0xf0, 0x30, 0x0f, // .t..`..z......0.
	0xbf, 0x40, 0x0f, 0xf9, 0x00, 0x0f, 0xe5, 0x80, 0x02, 0x62, 0x26, 0x31, 0x18, 0x07, 0x76, 0x08, // .@.......b&1..v.
	0x87, 0x79, 0x98, 0x07, 0x37, 0xa0, 0x85, 0x72, 0xc0, 0x07, 0x7a, 0xa8, 0x07, 0x79, 0x28, 0x07, // .y..7..r..z..y(.
	0x39, 0x20, 0x05, 0x3e, 0xb0, 0x87, 0x72, 0x18, 0x07, 0x7a, 0x78, 0x07, 0x79, 0xe0, 0x03, 0x73, // 9 .>..r..zx.y..s
	0x60, 0x87, 0x77, 0x08, 0x07, 0x7a, 0x60, 0x03, 0x30, 0xa0, 0x03, 0x3f, 0x00, 0x03, 0x3f, 0x40, // `.w..z`.0..?..?@
	0x02, 0x96, 0x91, 0x36, 0x13, 0x42, 0x06, 0xa7, 0xc0, 0x0e, 0xef, 0x20, 0x0e, 0xe1, 0xc0, 0x0e, // ...6.B..... ....
	0xf3, 0x80, 0x02, 0x8c, 0xb8, 0x9b, 0xa4, 0x29, 0xa2, 0x84, 0xc9, 0x67, 0x01, 0xe6, 0x59, 0x88, // .......)...g..Y.
	0x88, 0x9d, 0x80, 0x89, 0x40, 0x01, 0x41, 0x5e, 0x3a, 0x10, 0x53, 0x00, 0x00, 0x00, 0x00, 0x00, // ....@.A^:.S.....
	0x13, 0x14, 0x72, 0xc0, 0x87, 0x74, 0x60, 0x87, 0x36, 0x68, 0x87, 0x79, 0x68, 0x03, 0x72, 0xc0, // ..r..t`.6h.yh.r.
	0x87, 0x0d, 0xaf, 0x50, 0x0e, 0x6d, 0xd0, 0x0e, 0x7a, 0x50, 0x0e, 0x6d, 0x00, 0x0f, 0x7a, 0x30, // ...P.m..zP.m..z0
	0x07, 0x72, 0xa0, 0x07, 0x73, 0x20, 0x07, 0x6d, 0x90, 0x0e, 0x71, 0xa0, 0x07, 0x73, 0x20, 0x07, // .r..s .m..q..s .
	0x6d, 0x90, 0x0e, 0x78, 0xa0, 0x07, 0x73, 0x20, 0x07, 0x6d, 0x90, 0x0e, 0x71, 0x60, 0x07, 0x7a, // m..x..s .m..q`.z
	0x30, 0x07, 0x72, 0xd0, 0x06, 0xe9, 0x30, 0x07, 0x72, 0xa0, 0x07, 0x73, 0x20, 0x07, 0x6d, 0x90, // 0.r...0.r..s .m.
	0x0e, 0x76, 0x40, 0x07, 0x7a, 0x60, 0x07, 0x74, 0xd0, 0x06, 0xe6, 0x10, 0x07, 0x76, 0xa0, 0x07, // .v@.z`.t.....v..
	0x73, 0x20, 0x07, 0x6d, 0x60, 0x0e, 0x73, 0x20, 0x07, 0x7a, 0x30, 0x07, 0x72, 0xd0, 0x06, 0xe6, // s .m`.s .z0.r...
	0x60, 0x07, 0x74, 0xa0, 0x07, 0x76, 0x40, 0x07, 0x6d, 0xe0, 0x0e, 0x78, 0xa0, 0x07, 0x71, 0x60, // `.t..v@.m..x..q`
	0x07, 0x7a, 0x30, 0x07, 0x72, 0xa0, 0x07, 0x76, 0x40, 0x07, 0x43, 0x9e, 0x00, 0x00, 0x00, 0x00, // .z0.r..v@.C.....
	0x00, 0x00, 0x00, 0x00, 0x00, 0x00, 0x00, 0x86, 0x3c, 0x06, 0x10, 0x00, 0x01, 0x00, 0x00, 0x00, // ........<.......
	0x00, 0x00, 0x00, 0x00, 0x0c, 0x79, 0x10, 0x20, 0x00, 0x04, 0x00, 0x00, 0x00, 0x00, 0x00, 0x00, // .....y. ........
	0x00, 0x18, 0xf2, 0x2c, 0x40, 0x00, 0x08, 0x00, 0x00, 0x00, 0x00, 0x00, 0x00, 0x00, 0x30, 0xe4, // ...,@.........0.
	0x81, 0x80, 0x00, 0x18, 0x00, 0x00, 0x00, 0x00, 0x00, 0x00, 0x00, 0x60, 0xc8, 0x33, 0x01, 0x01, // ...........`.3..
	0x30, 0x00, 0x00, 0x00, 0x00, 0x00, 0x00, 0x00, 0xc0, 0x90, 0xa7, 0x02, 0x02, 0x60, 0x00, 0x00, // 0............`..
	0x00, 0x00, 0x00, 0x00, 0x00, 0x80, 0x2c, 0x10, 0x11, 0x00, 0x00, 0x00, 0x32, 0x1e, 0x98, 0x14, // ......,.....2...
	0x19, 0x11, 0x4c, 0x90, 0x8c, 0x09, 0x26, 0x47, 0xc6, 0x04, 0x43, 0x22, 0x4a, 0x60, 0x04, 0xa0, // ..L...&G..C"J`..
	0x20, 0x8a, 0xa1, 0x08, 0x4a, 0xa2, 0x40, 0xca, 0xa0, 0x3c, 0xa8, 0x28, 0x89, 0x32, 0x28, 0x84, //  ...J.@..<.(.2(.
	0x11, 0x80, 0x22, 0x28, 0x10, 0xda, 0x66, 0x00, 0xa8, 0x9b, 0x01, 0xa0, 0x6f, 0x06, 0x80, 0xc0, // .."(..f.....o...
	0xb1, 0x1c, 0x86, 0x00, 0x00, 0x00, 0x08, 0x04, 0x02, 0x79, 0x1e, 0x00, 0x00, 0x00, 0x00, 0x00, // .........y......
	0x79, 0x18, 0x00, 0x00, 0x6d, 0x00, 0x00, 0x00, 0x1a, 0x03, 0x4c, 0x90, 0x46, 0x02, 0x13, 0x44, // y...m.....L.F..D
	0x8f, 0x0c, 0x6f, 0xec, 0xed, 0x4d, 0x0c, 0x24, 0xc6, 0x05, 0xc7, 0x45, 0xa6, 0x06, 0x46, 0xc6, // ..o..M.$...E..F.
	0x25, 0x26, 0x06, 0x04, 0x45, 0x66, 0x26, 0x27, 0x47, 0x26, 0xa6, 0x46, 0x46, 0x26, 0x65, 0x43, // %&..Ef&'G&.FF&eC
	0x10, 0x4c, 0x10, 0x88, 0x63, 0x82, 0x40, 0x20, 0x1b, 0x84, 0x81, 0x98, 0x20, 0x10, 0xc9, 0x06, // .L..c.@ .... ...
	0x61, 0x30, 0x28, 0xc0, 0xcd, 0x4d, 0x10, 0x08, 0x65, 0xc3, 0x80, 0x24, 0xc4, 0x04, 0x61, 0xb3, // a0(..M..e..$..a.
	0x08, 0x4c, 0x10, 0x88, 0x65, 0x82, 0x40, 0x30, 0x1b, 0x04, 0xc2, 0xd9, 0x90, 0x10, 0x0b, 0x43, // .L..e.@0.......C
	0x10, 0x43, 0x43, 0x3c, 0x1b, 0x02, 0x68, 0x82, 0xd0, 0x5d, 0x13, 0x04, 0xa2, 0xd9, 0x80, 0x10, // .CC<..h..]......
	0x12, 0x43, 0x10, 0xc3, 0x04, 0x6c, 0x08, 0xa8, 0x09, 0xc2, 0x87, 0x6d, 0x40, 0x08, 0x8b, 0x21, // .C...l.....m@..!
	0x88, 0x81, 0x00, 0x36, 0x04, 0xd7, 0x06, 0x22, 0x02, 0x2a, 0x6c, 0x82, 0x00, 0x06, 0xd9, 0x86, // ...6...".*l.....
	0x40, 0x9b, 0x20, 0x08, 0x00, 0x89, 0xb6, 0xb0, 0x34, 0x37, 0x2e, 0x53, 0x56, 0x5f, 0x50, 0x6f, // @. .....47.SV_Po
	0x73, 0x69, 0x74, 0x69, 0x6f, 0x6e, 0x13, 0x84, 0x02, 0x9a, 0x20, 0x14, 0xd1, 0x86, 0x80, 0x98, // sition.... .....
	0x20, 0x14, 0xd2, 0x04, 0xa1, 0x98, 0x36, 0x2c, 0x84, 0xf7, 0x81, 0x41, 0x18, 0x88, 0xc1, 0x20, //  .....6,...A... 
	0x06, 0xc4, 0x18, 0x00, 0x2c, 0x86, 0x9e, 0x98, 0x9e, 0xa4, 0x26, 0x08, 0x05, 0x35, 0x41, 0x20, // ....,.....&..5A 
	0x9c, 0x09, 0x02, 0xf1, 0x6c, 0x10, 0xce, 0x00, 0x0d, 0x36, 0x2c, 0x43, 0x19, 0x7c, 0x63, 0x10, // ....l....6,C.|c.
	0x06, 0x66, 0x30, 0x88, 0xc1, 0x30, 0x06, 0x69, 0x40, 0x84, 0xaa, 0x08, 0x6b, 0xe8, 0xe9, 0x49, // .f0..0.i@...k..I
	0x8a, 0x68, 0x83, 0x70, 0x06, 0x67, 0xb0, 0x61, 0x69, 0xd6, 0xe0, 0x1b, 0x83, 0x30, 0x30, 0x83, // .h.p.g.ai....00.
	0xc1, 0x0c, 0x9a, 0x31, 0x60, 0x83, 0x0d, 0xc1, 0xb0, 0x61, 0x39, 0x83, 0x35, 0xf8, 0xc6, 0xc0, // ...1`....a9.5...
	0x0d, 0xcc, 0x60, 0x30, 0x83, 0xc6, 0x0c, 0xd8, 0x60, 0x03, 0x41, 0x06, 0x6a, 0xd0, 0x06, 0x6f, // ..`0....`.A.j..o
	0xc0, 0x64, 0xca, 0xea, 0x8b, 0x2a, 0x4c, 0xee, 0xac, 0x8c, 0x6e, 0x82, 0x50, 0x54, 0x1b, 0x16, // .d...*L...n.PT..
	0x22, 0x0e, 0x3e, 0x39, 0x08, 0x83, 0x31, 0x18, 0xc4, 0x80, 0x18, 0x83, 0x34, 0xd8, 0x10, 0xcc, // ".>9..1.....4...
	0xc1, 0x86, 0x01, 0x0e, 0xe8, 0x00, 0xd8, 0x50, 0x70, 0x5d, 0x1d, 0x64, 0x40, 0x15, 0x36, 0x36, // .......Pp].d@.66
	0xbb, 0x36, 0x97, 0x34, 0xb2, 0x32, 0x37, 0xba, 0x29, 0x41, 0x50, 0x85, 0x0c, 0xcf, 0xc5, 0xae, // .6.4.27.)AP.....
	0x4c, 0x6e, 0x2e, 0xed, 0xcd, 0x6d, 0x4a, 0x40, 0x34, 0x21, 0xc3, 0x73, 0xb1, 0x0b, 0x63, 0xb3, // Ln...mJ@4!.s..c.
	0x2b, 0x93, 0x9b, 0x12, 0x18, 0x75, 0xc8, 0xf0, 0x5c, 0xe6, 0xd0, 0xc2, 0xc8, 0xca, 0xe4, 0x9a, // +....u..........
	0xde, 0xc8, 0xca, 0xd8, 0xa6, 0x04, 0x49, 0x19, 0x32, 0x3c, 0x17, 0xb9, 0xb2, 0xb9, 0xb7, 0x3a, // ......I.2<.....:
	0xb9, 0xb1, 0xb2, 0xb9, 0x29, 0x01, 0x56, 0x87, 0x0c, 0xcf, 0xc5, 0x2e, 0xad, 0xec, 0x2e, 0x89, // ....).V.........
	0x6c, 0x8a, 0x2e, 0x8c, 0xae, 0x6c, 0x4a, 0xa0, 0xd5, 0x21, 0xc3, 0x73, 0x29, 0x73, 0xa3, 0x93, // l....lJ..!.s)s..
	0xcb, 0x83, 0x7a, 0x4b, 0x73, 0xa3, 0x9b, 0x9b, 0x12, 0xd4, 0x01, 0x00, 0x79, 0x18, 0x00, 0x00, // ..zKs.......y...
	0x51, 0x00, 0x00, 0x00, 0x33, 0x08, 0x80, 0x1c, 0xc4, 0xe1, 0x1c, 0x66, 0x14, 0x01, 0x3d, 0x88, // Q...3......f..=.
	0x43, 0x38, 0x84, 0xc3, 0x8c, 0x42, 0x80, 0x07, 0x79, 0x78, 0x07, 0x73, 0x98, 0x71, 0x0c, 0xe6, // C8...B..yx.s.q..
	0x00, 0x0f, 0xed, 0x10, 0x0e, 0xf4, 0x80, 0x0e, 0x33, 0x0c, 0x42, 0x1e, 0xc2, 0xc1, 0x1d, 0xce, // ........3.B.....
	0xa1, 0x1c, 0x66, 0x30, 0x05, 0x3d, 0x88, 0x43, 0x38, 0x84, 0x83, 0x1b, 0xcc, 0x03, 0x3d, 0xc8, // ..f0.=.C8.....=.
	0x43, 0x3d, 0x8c, 0x03, 0x3d, 0xcc, 0x78, 0x8c, 0x74, 0x70, 0x07, 0x7b, 0x08, 0x07, 0x79, 0x48, // C=..=.x.tp.{..yH
	0x87, 0x70, 0x70, 0x07, 0x7a, 0x70, 0x03, 0x76, 0x78, 0x87, 0x70, 0x20, 0x87, 0x19, 0xcc, 0x11, // .pp.zp.vx.p ....
	0x0e, 0xec, 0x90, 0x0e, 0xe1, 0x30, 0x0f, 0x6e, 0x30, 0x0f, 0xe3, 0xf0, 0x0e, 0xf0, 0x50, 0x0e, // .....0.n0.....P.
	0x33, 0x10, 0xc4, 0x1d, 0xde, 0x21, 0x1c, 0xd8, 0x21, 0x1d, 0xc2, 0x61, 0x1e, 0x66, 0x30, 0x89, // 3....!..!..a.f0.
	0x3b, 0xbc, 0x83, 0x3b, 0xd0, 0x43, 0x39, 0xb4, 0x03, 0x3c, 0xbc, 0x83, 0x3c, 0x84, 0x03, 0x3b, // ;..;.C9..<..<..;
	0xcc, 0xf0, 0x14, 0x76, 0x60, 0x07, 0x7b, 0x68, 0x07, 0x37, 0x68, 0x87, 0x72, 0x68, 0x07, 0x37, // ...v`.{h.7h.rh.7
	0x80, 0x87, 0x70, 0x90, 0x87, 0x70, 0x60, 0x07, 0x76, 0x28, 0x07, 0x76, 0xf8, 0x05, 0x76, 0x78, // ..p..p`.v(.v..vx
	0x87, 0x77, 0x80, 0x87, 0x5f, 0x08, 0x87, 0x71, 0x18, 0x87, 0x72, 0x98, 0x87, 0x79, 0x98, 0x81, // .w.._..q..r..y..
	0x2c, 0xee, 0xf0, 0x0e, 0xee, 0xe0, 0x0e, 0xf5, 0xc0, 0x0e, 0xec, 0x30, 0x03, 0x62, 0xc8, 0xa1, // ,..........0.b..
	0x1c, 0xe4, 0xa1, 0x1c, 0xcc, 0xa1, 0x1c, 0xe4, 0xa1, 0x1c, 0xdc, 0x61, 0x1c, 0xca, 0x21, 0x1c, // ...........a..!.
	0xc4, 0x81, 0x1d, 0xca, 0x61, 0x06, 0xd6, 0x90, 0x43, 0x39, 0xc8, 0x43, 0x39, 0x98, 0x43, 0x39, // ....a...C9.C9.C9
	0xc8, 0x43, 0x39, 0xb8, 0xc3, 0x38, 0x94, 0x43, 0x38, 0x88, 0x03, 0x3b, 0x94, 0xc3, 0x2f, 0xbc, // .C9..8.C8..;../.
	0x83, 0x3c, 0xfc, 0x82, 0x3b, 0xd4, 0x03, 0x3b, 0xb0, 0xc3, 0x0c, 0xc4, 0x21, 0x07, 0x7c, 0x70, // .<..;..;....!.|p
	0x03, 0x7a, 0x28, 0x87, 0x76, 0x80, 0x87, 0x19, 0xd1, 0x43, 0x0e, 0xf8, 0xe0, 0x06, 0xe4, 0x20, // .z(.v....C..... 
	0x0e, 0xe7, 0xe0, 0x06, 0xf6, 0x10, 0x0e, 0xf2, 0xc0, 0x0e, 0xe1, 0x90, 0x0f, 0xef, 0x50, 0x0f, // ..............P.
	0xf4, 0x30, 0x83, 0x81, 0xc8, 0x01, 0x1f, 0xdc, 0x40, 0x1c, 0xe4, 0xa1, 0x1c, 0xc2, 0x61, 0x1d, // .0......@.....a.
	0xdc, 0x40, 0x1c, 0xe4, 0x01, 0x00, 0x00, 0x00, 0x71, 0x20, 0x00, 0x00, 0x1b, 0x00, 0x00, 0x00, // .@......q ......
	0x56, 0xb0, 0x0d, 0x97, 0xef, 0x3c, 0xbe, 0x10, 0x50, 0x45, 0x41, 0x44, 0xa5, 0x03, 0x0c, 0x25, // V....<..PEAD...%
	0x61, 0x00, 0x02, 0xe6, 0x17, 0xb7, 0x6d, 0x06, 0xd2, 0x70, 0xf9, 0xce, 0xe3, 0x0b, 0x11, 0x01, // a.....m..p......
	0x4c, 0x44, 0x08, 0x34, 0xc3, 0x42, 0xd8, 0x40, 0x33, 0x5c, 0xbe, 0xf3, 0xf8, 0x03, 0x22, 0x09, // LD.4.B.@3.....".
	0x40, 0x34, 0x58, 0xc0, 0x34, 0x5c, 0xbe, 0xf3, 0xf8, 0x8b, 0x03, 0x0c, 0x62, 0xf3, 0x50, 0x93, // @4X.4.......b.P.
	0x5f, 0xdc, 0xb6, 0x11, 0x40, 0xc3, 0xe5, 0x3b, 0x8f, 0x2f, 0x01, 0xcc, 0xb3, 0x10, 0x7e, 0x71, // _...@..;./....~q
	0xdb, 0x26, 0x50, 0x0d, 0x97, 0xef, 0x3c, 0xbe, 0x34, 0x39, 0x11, 0x81, 0x52, 0xd3, 0x43, 0x4d, // .&P...<.49..R.CM
	0x7e, 0x71, 0xdb, 0x06, 0x40, 0x30, 0x00, 0xd2, 0x00, 0x00, 0x00, 0x00, 0x61, 0x20, 0x00, 0x00, // ~q..@0......a ..
	0x5d, 0x00, 0x00, 0x00, 0x13, 0x04, 0x44, 0x2c, 0x10, 0x00, 0x00, 0x00, 0x07, 0x00, 0x00, 0x00, // ].....D,........
	0xa4, 0xd4, 0x00, 0x11, 0x33, 0x00, 0x85, 0x50, 0x0a, 0x25, 0x57, 0x76, 0x45, 0x1a, 0x50, 0x78, // ....3..P.%WvE.Px
	0x54, 0x94, 0x00, 0x29, 0x23, 0x00, 0x34, 0xcc, 0x00, 0x00, 0x00, 0x00, 0x23, 0x06, 0x09, 0x00, // T..)#.4.....#...
	0x82, 0x60, 0x50, 0x7d, 0x87, 0xd4, 0x75, 0xc2, 0x88, 0x41, 0x02, 0x80, 0x20, 0x18, 0x54, 0x60, // .`P}..u..A.. .T`
	0x80, 0x54, 0x9e, 0x37, 0x8c, 0x18, 0x24, 0x00, 0x08, 0x82, 0x41, 0x15, 0x06, 0xc9, 0xf4, 0x7d, // .T.7..$...A....}
	0xc4, 0x88, 0x41, 0x02, 0x80, 0x20, 0x18, 0x18, 0x67, 0xc0, 0x68, 0x60, 0x50, 0x35, 0x23, 0x06, // ..A.. ..g.h`P5#.
	0x09, 0x00, 0x82, 0x60, 0x60, 0xa0, 0x41, 0xb3, 0x85, 0xc1, 0xe1, 0x8c, 0x18, 0x24, 0x00, 0x08, // ...``.A......$..
	0x82, 0x81, 0x91, 0x06, 0xce, 0x27, 0x06, 0xd7, 0x33, 0x62, 0x90, 0x00, 0x20, 0x08, 0x06, 0x86, // .....'..3b.. ...
	0x1a, 0x3c, 0x60, 0x30, 0x06, 0x09, 0x34, 0x62, 0x90, 0x00, 0x20, 0x08, 0x06, 0xc6, 0x1a, 0x40, // .<`0..4b.. ....@
	0x65, 0x40, 0x06, 0x59, 0x34, 0x62, 0x90, 0x00, 0x20, 0x08, 0x06, 0x06, 0x1b, 0x44, 0x66, 0x50, // e@.Y4b.. ....DfP
	0x06, 0x8b, 0x34, 0x62, 0x90, 0x00, 0x20, 0x08, 0x06, 0x46, 0x1b, 0x48, 0x67, 0x60, 0x06, 0xda, // ..4b.. ..F.Hg`..
	0x34, 0x62, 0x90, 0x00, 0x20, 0x08, 0x06, 0x86, 0x1b, 0x4c, 0x68, 0x70, 0x06, 0x1e, 0x35, 0x62, // 4b.. ....Lhp..5b
	0x70, 0x00, 0x20, 0x08, 0x06, 0xd3, 0x1a, 0x44, 0x09, 0x1a, 0x8c, 0x26, 0x04, 0xc0, 0x68, 0x82, // p. ....D...&..h.
	0x10, 0x0c, 0x47, 0x2c, 0x02, 0xf1, 0x0d, 0x47, 0x2c, 0x02, 0xf1, 0x95, 0x10, 0xec, 0x2c, 0x83, // ..G,...G,.....,.
	0x10, 0x04, 0xa3, 0x09, 0x86, 0x30, 0x9a, 0x70, 0x0c, 0xc3, 0x11, 0x90, 0x20, 0x7c, 0xc3, 0x11, // .....0.p.... |..
	0x90, 0x20, 0x7c, 0x25, 0x04, 0x3b, 0xcb, 0x20, 0x0c, 0xc1, 0x88, 0x81, 0x01, 0x80, 0x20, 0x18, // . |%.;. ...... .
	0x2c, 0x78, 0xb0, 0x85, 0xc1, 0x2c, 0xc1, 0x30, 0x62, 0xf0, 0x00, 0x20, 0x08, 0x06, 0xd0, 0x1d, // ,x...,.0b.. ....
	0x68, 0x56, 0x15, 0x41, 0xd7, 0x35, 0x07, 0x73, 0x00, 0x06, 0xd7, 0x68, 0x42, 0x00, 0x8c, 0x26, // hV.A.5.s...hB..&
	0x08, 0xc1, 0x68, 0xc2, 0x20, 0x8c, 0x26, 0x10, 0x83, 0x11, 0x94, 0x7c, 0x8c, 0xa0, 0xe4, 0x63, // ..h. .&....|...c
	0x04, 0x25, 0x1f, 0x23, 0x28, 0xf9, 0x8c, 0x18, 0x24, 0x00, 0x08, 0x82, 0x01, 0x22, 0x0a, 0x67, // .%.#(...$....".g
	0xc0, 0x07, 0x7c, 0x10, 0x07, 0xc4, 0x88, 0x41, 0x02, 0x80, 0x20, 0x18, 0x20, 0xa2, 0x70, 0x06, // ..|....A.. . .p.
	0x7c, 0xc0, 0x07, 0x62, 0x30, 0x8c, 0x18, 0x24, 0x00, 0x08, 0x82, 0x01, 0x22, 0x0a, 0x67, 0xc0, // |..b0..$....".g.
	0x07, 0x7c, 0x00, 0x07, 0xc2, 0x88, 0x41, 0x02, 0x80, 0x20, 0x18, 0x20, 0xa2, 0x70, 0x06, 0x7c, // .|....A.. . .p.|
	0xc0, 0x07, 0x73, 0x10, 0x20, 0x00, 0x00, 0x00, 0x00, 0x00, 0x00, 0x00, 0x00, 0x00, 0x10, 0x00, // ..s. ...........
};
static const uint8_t fs_imgui_spv[1448] =
{
	0x46, 0x53, 0x48, 0x0c, 0x4f, 0x45, 0x98, 0x49, 0x00, 0x00, 0x00, 0x00, 0x00, 0x00, 0x00, 0x00, // FSH.OE.I........
	0x00, 0x00, 0x00, 0x00, 0x02, 0x00, 0x0a, 0x63, 0x6c, 0x69, 0x70, 0x5f, 0x70, 0x6c, 0x61, 0x6e, // .......clip_plan
	0x65, 0x12, 0x01, 0x00, 0x00, 0x01, 0x00, 0x00, 0x00, 0x00, 0x00, 0x0e, 0x74, 0x65, 0x78, 0x5f, // e...........tex_
	0x62, 0x61, 0x73, 0x65, 0x5f, 0x63, 0x6f, 0x6c, 0x6f, 0x72, 0x30, 0x00, 0x02, 0x00, 0x00, 0x00, // base_color0.....
	0x00, 0x02, 0x29, 0x00, 0x5c, 0x05, 0x00, 0x00, 0x03, 0x02, 0x23, 0x07, 0x00, 0x00, 0x01, 0x00, // ..).......#.....
	0x0b, 0x00, 0x08, 0x00, 0xdd, 0x00, 0x00, 0x00, 0x00, 0x00, 0x00, 0x00, 0x11, 0x00, 0x02, 0x00, // ................
	0x01, 0x00, 0x00, 0x00, 0x0b, 0x00, 0x06, 0x00, 0x01, 0x00, 0x00, 0x00, 0x47, 0x4c, 0x53, 0x4c, // ............GLSL
	0x2e, 0x73, 0x74, 0x64, 0x2e, 0x34, 0x35, 0x30, 0x00, 0x00, 0x00, 0x00, 0x0e, 0x00, 0x03, 0x00, // .std.450........
	0x00, 0x00, 0x00, 0x00, 0x01, 0x00, 0x00, 0x00, 0x0f, 0x00, 0x09, 0x00, 0x04, 0x00, 0x00, 0x00, // ................
	0x04, 0x00, 0x00, 0x00, 0x6d, 0x61, 0x69, 0x6e, 0x00, 0x00, 0x00, 0x00, 0x7a, 0x00, 0x00, 0x00, // ....main....z...
	0x7e, 0x00, 0x00, 0x00, 0x81, 0x00, 0x00, 0x00, 0x90, 0x00, 0x00, 0x00, 0x10, 0x00, 0x03, 0x00, // ~...............
	0x04, 0x00, 0x00, 0x00, 0x07, 0x00, 0x00, 0x00, 0x03, 0x00, 0x03, 0x00, 0x05, 0x00, 0x00, 0x00, // ................
	0xf4, 0x01, 0x00, 0x00, 0x05, 0x00, 0x04, 0x00, 0x04, 0x00, 0x00, 0x00, 0x6d, 0x61, 0x69, 0x6e, // ............main
	0x00, 0x00, 0x00, 0x00, 0x05, 0x00, 0x08, 0x00, 0x2f, 0x00, 0x00, 0x00, 0x74, 0x65, 0x78, 0x5f, // ......../...tex_
	0x62, 0x61, 0x73, 0x65, 0x5f, 0x63, 0x6f, 0x6c, 0x6f, 0x72, 0x53, 0x61, 0x6d, 0x70, 0x6c, 0x65, // base_colorSample
	0x72, 0x00, 0x00, 0x00, 0x05, 0x00, 0x08, 0x00, 0x32, 0x00, 0x00, 0x00, 0x74, 0x65, 0x78, 0x5f, // r.......2...tex_
	0x62, 0x61, 0x73, 0x65, 0x5f, 0x63, 0x6f, 0x6c, 0x6f, 0x72, 0x54, 0x65, 0x78, 0x74, 0x75, 0x72, // base_colorTextur
	0x65, 0x00, 0x00, 0x00, 0x05, 0x00, 0x06, 0x00, 0x56, 0x00, 0x00, 0x00, 0x55, 0x6e, 0x69, 0x66, // e.......V...Unif
	0x6f, 0x72, 0x6d, 0x42, 0x6c, 0x6f, 0x63, 0x6b, 0x00, 0x00, 0x00, 0x00, 0x06, 0x00, 0x06, 0x00, // ormBlock........
	0x56, 0x00, 0x00, 0x00, 0x00, 0x00, 0x00, 0x00, 0x63, 0x6c, 0x69, 0x70, 0x5f, 0x70, 0x6c, 0x61, // V.......clip_pla
	0x6e, 0x65, 0x00, 0x00, 0x05, 0x00, 0x03, 0x00, 0x58, 0x00, 0x00, 0x00, 0x00, 0x00, 0x00, 0x00, // ne......X.......
	0x05, 0x00, 0x05, 0x00, 0x7a, 0x00, 0x00, 0x00, 0x76, 0x5f, 0x63, 0x6f, 0x6c, 0x6f, 0x72, 0x30, // ....z...v_color0
	0x00, 0x00, 0x00, 0x00, 0x05, 0x00, 0x05, 0x00, 0x7e, 0x00, 0x00, 0x00, 0x76, 0x5f, 0x74, 0x65, // ........~...v_te
	0x78, 0x63, 0x6f, 0x6f, 0x72, 0x64, 0x30, 0x00, 0x05, 0x00, 0x05, 0x00, 0x81, 0x00, 0x00, 0x00, // xcoord0.........
	0x76, 0x5f, 0x74, 0x65, 0x78, 0x63, 0x6f, 0x6f, 0x72, 0x64, 0x31, 0x00, 0x05, 0x00, 0x06, 0x00, // v_texcoord1.....
	0x90, 0x00, 0x00, 0x00, 0x62, 0x67, 0x66, 0x78, 0x5f, 0x46, 0x72, 0x61, 0x67, 0x44, 0x61, 0x74, // ....bgfx_FragDat
	0x61, 0x30, 0x00, 0x00, 0x47, 0x00, 0x04, 0x00, 0x2f, 0x00, 0x00, 0x00, 0x21, 0x00, 0x00, 0x00, // a0..G.../...!...
	0x12, 0x00, 0x00, 0x00, 0x47, 0x00, 0x04, 0x00, 0x2f, 0x00, 0x00, 0x00, 0x22, 0x00, 0x00, 0x00, // ....G.../..."...
	0x00, 0x00, 0x00, 0x00, 0x47, 0x00, 0x04, 0x00, 0x32, 0x00, 0x00, 0x00, 0x21, 0x00, 0x00, 0x00, // ....G...2...!...
	0x02, 0x00, 0x00, 0x00, 0x47, 0x00, 0x04, 0x00, 0x32, 0x00, 0x00, 0x00, 0x22, 0x00, 0x00, 0x00, // ....G...2..."...
	0x00, 0x00, 0x00, 0x00, 0x47, 0x00, 0x03, 0x00, 0x56, 0x00, 0x00, 0x00, 0x02, 0x00, 0x00, 0x00, // ....G...V.......
	0x48, 0x00, 0x05, 0x00, 0x56, 0x00, 0x00, 0x00, 0x00, 0x00, 0x00, 0x00, 0x23, 0x00, 0x00, 0x00, // H...V.......#...
	0x00, 0x00, 0x00, 0x00, 0x47, 0x00, 0x04, 0x00, 0x58, 0x00, 0x00, 0x00, 0x21, 0x00, 0x00, 0x00, // ....G...X...!...
	0x01, 0x00, 0x00, 0x00, 0x47, 0x00, 0x04, 0x00, 0x58, 0x00, 0x00, 0x00, 0x22, 0x00, 0x00, 0x00, // ....G...X..."...
	0x00, 0x00, 0x00, 0x00, 0x47, 0x00, 0x04, 0x00, 0x7a, 0x00, 0x00, 0x00, 0x1e, 0x00, 0x00, 0x00, // ....G...z.......
	0x00, 0x00, 0x00, 0x00, 0x47, 0x00, 0x04, 0x00, 0x7e, 0x00, 0x00, 0x00, 0x1e, 0x00, 0x00, 0x00, // ....G...~.......
	0x01, 0x00, 0x00, 0x00, 0x47, 0x00, 0x04, 0x00, 0x81, 0x00, 0x00, 0x00, 0x1e, 0x00, 0x00, 0x00, // ....G...........
	0x02, 0x00, 0x00, 0x00, 0x47, 0x00, 0x04, 0x00, 0x90, 0x00, 0x00, 0x00, 0x1e, 0x00, 0x00, 0x00, // ....G...........
	0x00, 0x00, 0x00, 0x00, 0x13, 0x00, 0x02, 0x00, 0x02, 0x00, 0x00, 0x00, 0x21, 0x00, 0x03, 0x00, // ............!...
	0x03, 0x00, 0x00, 0x00, 0x02, 0x00, 0x00, 0x00, 0x1a, 0x00, 0x02, 0x00, 0x06, 0x00, 0x00, 0x00, // ................
	0x16, 0x00, 0x03, 0x00, 0x07, 0x00, 0x00, 0x00, 0x20, 0x00, 0x00, 0x00, 0x19, 0x00, 0x09, 0x00, // ........ .......
	0x08, 0x00, 0x00, 0x00, 0x07, 0x00, 0x00, 0x00, 0x01, 0x00, 0x00, 0x00, 0x00, 0x00, 0x00, 0x00, // ................
	0x00, 0x00, 0x00, 0x00, 0x00, 0x00, 0x00, 0x00, 0x01, 0x00, 0x00, 0x00, 0x00, 0x00, 0x00, 0x00, // ................
	0x17, 0x00, 0x04, 0x00, 0x0b, 0x00, 0x00, 0x00, 0x07, 0x00, 0x00, 0x00, 0x02, 0x00, 0x00, 0x00, // ................
	0x17, 0x00, 0x04, 0x00, 0x0d, 0x00, 0x00, 0x00, 0x07, 0x00, 0x00, 0x00, 0x04, 0x00, 0x00, 0x00, // ................
	0x14, 0x00, 0x02, 0x00, 0x13, 0x00, 0x00, 0x00, 0x17, 0x00, 0x04, 0x00, 0x14, 0x00, 0x00, 0x00, // ................
	0x13, 0x00, 0x00, 0x00, 0x02, 0x00, 0x00, 0x00, 0x20, 0x00, 0x04, 0x00, 0x2e, 0x00, 0x00, 0x00, // ........ .......
	0x00, 0x00, 0x00, 0x00, 0x06, 0x00, 0x00, 0x00, 0x3b, 0x00, 0x04, 0x00, 0x2e, 0x00, 0x00, 0x00, // ........;.......
	0x2f, 0x00, 0x00, 0x00, 0x00, 0x00, 0x00, 0x00, 0x20, 0x00, 0x04, 0x00, 0x31, 0x00, 0x00, 0x00, // /....... ...1...
	0x00, 0x00, 0x00, 0x00, 0x08, 0x00, 0x00, 0x00, 0x3b, 0x00, 0x04, 0x00, 0x31, 0x00, 0x00, 0x00, // ........;...1...
	0x32, 0x00, 0x00, 0x00, 0x00, 0x00, 0x00, 0x00, 0x15, 0x00, 0x04, 0x00, 0x35, 0x00, 0x00, 0x00, // 2...........5...
	0x20, 0x00, 0x00, 0x00, 0x01, 0x00, 0x00, 0x00, 0x2b, 0x00, 0x04, 0x00, 0x35, 0x00, 0x00, 0x00, //  .......+...5...
	0x3a, 0x00, 0x00, 0x00, 0x00, 0x00, 0x00, 0x00, 0x1b, 0x00, 0x03, 0x00, 0x3e, 0x00, 0x00, 0x00, // :...........>...
	0x08, 0x00, 0x00, 0x00, 0x1e, 0x00, 0x03, 0x00, 0x56, 0x00, 0x00, 0x00, 0x0d, 0x00, 0x00, 0x00, // ........V.......
	0x20, 0x00, 0x04, 0x00, 0x57, 0x00, 0x00, 0x00, 0x02, 0x00, 0x00, 0x00, 0x56, 0x00, 0x00, 0x00, //  ...W.......V...
	0x3b, 0x00, 0x04, 0x00, 0x57, 0x00, 0x00, 0x00, 0x58, 0x00, 0x00, 0x00, 0x02, 0x00, 0x00, 0x00, // ;...W...X.......
	0x20, 0x00, 0x04, 0x00, 0x5c, 0x00, 0x00, 0x00, 0x02, 0x00, 0x00, 0x00, 0x0d, 0x00, 0x00, 0x00, //  ...............
	0x20, 0x00, 0x04, 0x00, 0x76, 0x00, 0x00, 0x00, 0x01, 0x00, 0x00, 0x00, 0x0d, 0x00, 0x00, 0x00, //  ...v...........
	0x3b, 0x00, 0x04, 0x00, 0x76, 0x00, 0x00, 0x00, 0x7a, 0x00, 0x00, 0x00, 0x01, 0x00, 0x00, 0x00, // ;...v...z.......
	0x20, 0x00, 0x04, 0x00, 0x7d, 0x00, 0x00, 0x00, 0x01, 0x00, 0x00, 0x00, 0x0b, 0x00, 0x00, 0x00, //  ...}...........
	0x3b, 0x00, 0x04, 0x00, 0x7d, 0x00, 0x00, 0x00, 0x7e, 0x00, 0x00, 0x00, 0x01, 0x00, 0x00, 0x00, // ;...}...~.......
	0x3b, 0x00, 0x04, 0x00, 0x7d, 0x00, 0x00, 0x00, 0x81, 0x00, 0x00, 0x00, 0x01, 0x00, 0x00, 0x00, // ;...}...........
	0x20, 0x00, 0x04, 0x00, 0x8f, 0x00, 0x00, 0x00, 0x03, 0x00, 0x00, 0x00, 0x0d, 0x00, 0x00, 0x00, //  ...............
	0x3b, 0x00, 0x04, 0x00, 0x8f, 0x00, 0x00, 0x00, 0x90, 0x00, 0x00, 0x00, 0x03, 0x00, 0x00, 0x00, // ;...............
	0x36, 0x00, 0x05, 0x00, 0x02, 0x00, 0x00, 0x00, 0x04, 0x00, 0x00, 0x00, 0x00, 0x00, 0x00, 0x00, // 6...............
	0x03, 0x00, 0x00, 0x00, 0xf8, 0x00, 0x02, 0x00, 0x05, 0x00, 0x00, 0x00, 0x3d, 0x00, 0x04, 0x00, // ............=...
	0x06, 0x00, 0x00, 0x00, 0x30, 0x00, 0x00, 0x00, 0x2f, 0x00, 0x00, 0x00, 0x3d, 0x00, 0x04, 0x00, // ....0.../...=...
	0x08, 0x00, 0x00, 0x00, 0x33, 0x00, 0x00, 0x00, 0x32, 0x00, 0x00, 0x00, 0x3d, 0x00, 0x04, 0x00, // ....3...2...=...
	0x0d, 0x00, 0x00, 0x00, 0x7b, 0x00, 0x00, 0x00, 0x7a, 0x00, 0x00, 0x00, 0x3d, 0x00, 0x04, 0x00, // ....{...z...=...
	0x0b, 0x00, 0x00, 0x00, 0x7f, 0x00, 0x00, 0x00, 0x7e, 0x00, 0x00, 0x00, 0x3d, 0x00, 0x04, 0x00, // ........~...=...
	0x0b, 0x00, 0x00, 0x00, 0x82, 0x00, 0x00, 0x00, 0x81, 0x00, 0x00, 0x00, 0x41, 0x00, 0x05, 0x00, // ............A...
	0x5c, 0x00, 0x00, 0x00, 0xb1, 0x00, 0x00, 0x00, 0x58, 0x00, 0x00, 0x00, 0x3a, 0x00, 0x00, 0x00, // ........X...:...
	0x3d, 0x00, 0x04, 0x00, 0x0d, 0x00, 0x00, 0x00, 0xb2, 0x00, 0x00, 0x00, 0xb1, 0x00, 0x00, 0x00, // =...............
	0x4f, 0x00, 0x07, 0x00, 0x0b, 0x00, 0x00, 0x00, 0xb3, 0x00, 0x00, 0x00, 0xb2, 0x00, 0x00, 0x00, // O...............
	0xb2, 0x00, 0x00, 0x00, 0x00, 0x00, 0x00, 0x00, 0x01, 0x00, 0x00, 0x00, 0xb8, 0x00, 0x05, 0x00, // ................
	0x14, 0x00, 0x00, 0x00, 0xce, 0x00, 0x00, 0x00, 0x82, 0x00, 0x00, 0x00, 0xb3, 0x00, 0x00, 0x00, // ................
	0x9a, 0x00, 0x04, 0x00, 0x13, 0x00, 0x00, 0x00, 0xb5, 0x00, 0x00, 0x00, 0xce, 0x00, 0x00, 0x00, // ................
	0x4f, 0x00, 0x07, 0x00, 0x0b, 0x00, 0x00, 0x00, 0xb9, 0x00, 0x00, 0x00, 0xb2, 0x00, 0x00, 0x00, // O...............
	0xb2, 0x00, 0x00, 0x00, 0x02, 0x00, 0x00, 0x00, 0x03, 0x00, 0x00, 0x00, 0xba, 0x00, 0x05, 0x00, // ................
	0x14, 0x00, 0x00, 0x00, 0xd3, 0x00, 0x00, 0x00, 0x82, 0x00, 0x00, 0x00, 0xb9, 0x00, 0x00, 0x00, // ................
	0x9a, 0x00, 0x04, 0x00, 0x13, 0x00, 0x00, 0x00, 0xbb, 0x00, 0x00, 0x00, 0xd3, 0x00, 0x00, 0x00, // ................
	0xa6, 0x00, 0x05, 0x00, 0x13, 0x00, 0x00, 0x00, 0xbc, 0x00, 0x00, 0x00, 0xb5, 0x00, 0x00, 0x00, // ................
	0xbb, 0x00, 0x00, 0x00, 0xf7, 0x00, 0x03, 0x00, 0xbe, 0x00, 0x00, 0x00, 0x00, 0x00, 0x00, 0x00, // ................
	0xfa, 0x00, 0x04, 0x00, 0xbc, 0x00, 0x00, 0x00, 0xbd, 0x00, 0x00, 0x00, 0xbe, 0x00, 0x00, 0x00, // ................
	0xf8, 0x00, 0x02, 0x00, 0xbd, 0x00, 0x00, 0x00, 0xfc, 0x00, 0x01, 0x00, 0xf8, 0x00, 0x02, 0x00, // ................
	0xbe, 0x00, 0x00, 0x00, 0x56, 0x00, 0x05, 0x00, 0x3e, 0x00, 0x00, 0x00, 0xda, 0x00, 0x00, 0x00, // ....V...>.......
	0x33, 0x00, 0x00, 0x00, 0x30, 0x00, 0x00, 0x00, 0x57, 0x00, 0x05, 0x00, 0x0d, 0x00, 0x00, 0x00, // 3...0...W.......
	0xdc, 0x00, 0x00, 0x00, 0xda, 0x00, 0x00, 0x00, 0x7f, 0x00, 0x00, 0x00, 0x85, 0x00, 0x05, 0x00, // ................
	0x0d, 0x00, 0x00, 0x00, 0xc3, 0x00, 0x00, 0x00, 0xdc, 0x00, 0x00, 0x00, 0x7b, 0x00, 0x00, 0x00, // ............{...
	0x3e, 0x00, 0x03, 0x00, 0x90, 0x00, 0x00, 0x00, 0xc3, 0x00, 0x00, 0x00, 0xfd, 0x00, 0x01, 0x00, // >...............
	0x38, 0x00, 0x01, 0x00, 0x00, 0x00, 0x10, 0x00,                                                 // 8.......
};
static const bgfx::EmbeddedShader fs_imgui = BGFX_EMBEDDED_SHADER(fs_imgui);

//////////////////////////////////////////////////////////////////////////////////////////////////////////////////////
// Build of vertex shader from vs_imgui.sc to vs_imgui_st with options: STEREO
static const uint8_t vs_imgui_st_mtl[1603] =
{
	0x56, 0x53, 0x48, 0x0c, 0x00, 0x00, 0x00, 0x00, 0x4f, 0x45, 0x98, 0x49, 0x00, 0x00, 0x00, 0x00, // VSH.....OE.I....
	0x00, 0x00, 0x00, 0x00, 0x02, 0x00, 0x11, 0x73, 0x74, 0x61, 0x74, 0x69, 0x63, 0x43, 0x6f, 0x6c, // .......staticCol
	0x6f, 0x72, 0x5f, 0x41, 0x6c, 0x70, 0x68, 0x61, 0x02, 0x01, 0x80, 0x00, 0x01, 0x00, 0x00, 0x00, // or_Alpha........
	0x00, 0x00, 0x0c, 0x6d, 0x61, 0x74, 0x57, 0x6f, 0x72, 0x6c, 0x64, 0x56, 0x69, 0x65, 0x77, 0x04, // ...matWorldView.
	0x02, 0x00, 0x00, 0x08, 0x00, 0x00, 0x00, 0x00, 0x00, 0xea, 0x05, 0x00, 0x00, 0x23, 0x69, 0x6e, // .............#in
	0x63, 0x6c, 0x75, 0x64, 0x65, 0x20, 0x3c, 0x6d, 0x65, 0x74, 0x61, 0x6c, 0x5f, 0x73, 0x74, 0x64, // clude <metal_std
	0x6c, 0x69, 0x62, 0x3e, 0x0a, 0x23, 0x69, 0x6e, 0x63, 0x6c, 0x75, 0x64, 0x65, 0x20, 0x3c, 0x73, // lib>.#include <s
	0x69, 0x6d, 0x64, 0x2f, 0x73, 0x69, 0x6d, 0x64, 0x2e, 0x68, 0x3e, 0x0a, 0x0a, 0x75, 0x73, 0x69, // imd/simd.h>..usi
	0x6e, 0x67, 0x20, 0x6e, 0x61, 0x6d, 0x65, 0x73, 0x70, 0x61, 0x63, 0x65, 0x20, 0x6d, 0x65, 0x74, // ng namespace met
	0x61, 0x6c, 0x3b, 0x0a, 0x0a, 0x73, 0x74, 0x72, 0x75, 0x63, 0x74, 0x20, 0x5f, 0x47, 0x6c, 0x6f, // al;..struct _Glo
	0x62, 0x61, 0x6c, 0x0a, 0x7b, 0x0a, 0x20, 0x20, 0x20, 0x20, 0x66, 0x6c, 0x6f, 0x61, 0x74, 0x34, // bal.{.    float4
	0x78, 0x34, 0x20, 0x6d, 0x61, 0x74, 0x57, 0x6f, 0x72, 0x6c, 0x64, 0x56, 0x69, 0x65, 0x77, 0x5b, // x4 matWorldView[
	0x32, 0x5d, 0x3b, 0x0a, 0x20, 0x20, 0x20, 0x20, 0x66, 0x6c, 0x6f, 0x61, 0x74, 0x34, 0x20, 0x73, // 2];.    float4 s
	0x74, 0x61, 0x74, 0x69, 0x63, 0x43, 0x6f, 0x6c, 0x6f, 0x72, 0x5f, 0x41, 0x6c, 0x70, 0x68, 0x61, // taticColor_Alpha
	0x3b, 0x0a, 0x7d, 0x3b, 0x0a, 0x0a, 0x73, 0x74, 0x72, 0x75, 0x63, 0x74, 0x20, 0x78, 0x6c, 0x61, // ;.};..struct xla
	0x74, 0x4d, 0x74, 0x6c, 0x4d, 0x61, 0x69, 0x6e, 0x5f, 0x6f, 0x75, 0x74, 0x0a, 0x7b, 0x0a, 0x20, // tMtlMain_out.{. 
	0x20, 0x20, 0x20, 0x66, 0x6c, 0x6f, 0x61, 0x74, 0x34, 0x20, 0x5f, 0x65, 0x6e, 0x74, 0x72, 0x79, //    float4 _entry
	0x50, 0x6f, 0x69, 0x6e, 0x74, 0x4f, 0x75, 0x74, 0x70, 0x75, 0x74, 0x5f, 0x76, 0x5f, 0x63, 0x6f, // PointOutput_v_co
	0x6c, 0x6f, 0x72, 0x30, 0x20, 0x5b, 0x5b, 0x75, 0x73, 0x65, 0x72, 0x28, 0x6c, 0x6f, 0x63, 0x6e, // lor0 [[user(locn
	0x30, 0x29, 0x5d, 0x5d, 0x3b, 0x0a, 0x20, 0x20, 0x20, 0x20, 0x66, 0x6c, 0x6f, 0x61, 0x74, 0x32, // 0)]];.    float2
	0x20, 0x5f, 0x65, 0x6e, 0x74, 0x72, 0x79, 0x50, 0x6f, 0x69, 0x6e, 0x74, 0x4f, 0x75, 0x74, 0x70, //  _entryPointOutp
	0x75, 0x74, 0x5f, 0x76, 0x5f, 0x74, 0x65, 0x78, 0x63, 0x6f, 0x6f, 0x72, 0x64, 0x30, 0x20, 0x5b, // ut_v_texcoord0 [
	0x5b, 0x75, 0x73, 0x65, 0x72, 0x28, 0x6c, 0x6f, 0x63, 0x6e, 0x31, 0x29, 0x5d, 0x5d, 0x3b, 0x0a, // [user(locn1)]];.
	0x20, 0x20, 0x20, 0x20, 0x66, 0x6c, 0x6f, 0x61, 0x74, 0x32, 0x20, 0x5f, 0x65, 0x6e, 0x74, 0x72, //     float2 _entr
	0x79, 0x50, 0x6f, 0x69, 0x6e, 0x74, 0x4f, 0x75, 0x74, 0x70, 0x75, 0x74, 0x5f, 0x76, 0x5f, 0x74, // yPointOutput_v_t
	0x65, 0x78, 0x63, 0x6f, 0x6f, 0x72, 0x64, 0x31, 0x20, 0x5b, 0x5b, 0x75, 0x73, 0x65, 0x72, 0x28, // excoord1 [[user(
	0x6c, 0x6f, 0x63, 0x6e, 0x32, 0x29, 0x5d, 0x5d, 0x3b, 0x0a, 0x20, 0x20, 0x20, 0x20, 0x66, 0x6c, // locn2)]];.    fl
	0x6f, 0x61, 0x74, 0x34, 0x20, 0x67, 0x6c, 0x5f, 0x50, 0x6f, 0x73, 0x69, 0x74, 0x69, 0x6f, 0x6e, // oat4 gl_Position
	0x20, 0x5b, 0x5b, 0x70, 0x6f, 0x73, 0x69, 0x74, 0x69, 0x6f, 0x6e, 0x5d, 0x5d, 0x3b, 0x0a, 0x20, //  [[position]];. 
	0x20, 0x20, 0x20, 0x75, 0x69, 0x6e, 0x74, 0x20, 0x67, 0x6c, 0x5f, 0x4c, 0x61, 0x79, 0x65, 0x72, //    uint gl_Layer
	0x20, 0x5b, 0x5b, 0x72, 0x65, 0x6e, 0x64, 0x65, 0x72, 0x5f, 0x74, 0x61, 0x72, 0x67, 0x65, 0x74, //  [[render_target
	0x5f, 0x61, 0x72, 0x72, 0x61, 0x79, 0x5f, 0x69, 0x6e, 0x64, 0x65, 0x78, 0x5d, 0x5d, 0x3b, 0x0a, // _array_index]];.
	0x7d, 0x3b, 0x0a, 0x0a, 0x73, 0x74, 0x72, 0x75, 0x63, 0x74, 0x20, 0x78, 0x6c, 0x61, 0x74, 0x4d, // };..struct xlatM
	0x74, 0x6c, 0x4d, 0x61, 0x69, 0x6e, 0x5f, 0x69, 0x6e, 0x0a, 0x7b, 0x0a, 0x20, 0x20, 0x20, 0x20, // tlMain_in.{.    
	0x66, 0x6c, 0x6f, 0x61, 0x74, 0x33, 0x20, 0x61, 0x5f, 0x6e, 0x6f, 0x72, 0x6d, 0x61, 0x6c, 0x20, // float3 a_normal 
	0x5b, 0x5b, 0x61, 0x74, 0x74, 0x72, 0x69, 0x62, 0x75, 0x74, 0x65, 0x28, 0x30, 0x29, 0x5d, 0x5d, // [[attribute(0)]]
	0x3b, 0x0a, 0x20, 0x20, 0x20, 0x20, 0x66, 0x6c, 0x6f, 0x61, 0x74, 0x33, 0x20, 0x61, 0x5f, 0x70, // ;.    float3 a_p
	0x6f, 0x73, 0x69, 0x74, 0x69, 0x6f, 0x6e, 0x20, 0x5b, 0x5b, 0x61, 0x74, 0x74, 0x72, 0x69, 0x62, // osition [[attrib
	0x75, 0x74, 0x65, 0x28, 0x31, 0x29, 0x5d, 0x5d, 0x3b, 0x0a, 0x20, 0x20, 0x20, 0x20, 0x66, 0x6c, // ute(1)]];.    fl
	0x6f, 0x61, 0x74, 0x32, 0x20, 0x61, 0x5f, 0x74, 0x65, 0x78, 0x63, 0x6f, 0x6f, 0x72, 0x64, 0x30, // oat2 a_texcoord0
	0x20, 0x5b, 0x5b, 0x61, 0x74, 0x74, 0x72, 0x69, 0x62, 0x75, 0x74, 0x65, 0x28, 0x32, 0x29, 0x5d, //  [[attribute(2)]
	0x5d, 0x3b, 0x0a, 0x7d, 0x3b, 0x0a, 0x0a, 0x76, 0x65, 0x72, 0x74, 0x65, 0x78, 0x20, 0x78, 0x6c, // ];.};..vertex xl
	0x61, 0x74, 0x4d, 0x74, 0x6c, 0x4d, 0x61, 0x69, 0x6e, 0x5f, 0x6f, 0x75, 0x74, 0x20, 0x78, 0x6c, // atMtlMain_out xl
	0x61, 0x74, 0x4d, 0x74, 0x6c, 0x4d, 0x61, 0x69, 0x6e, 0x28, 0x78, 0x6c, 0x61, 0x74, 0x4d, 0x74, // atMtlMain(xlatMt
	0x6c, 0x4d, 0x61, 0x69, 0x6e, 0x5f, 0x69, 0x6e, 0x20, 0x69, 0x6e, 0x20, 0x5b, 0x5b, 0x73, 0x74, // lMain_in in [[st
	0x61, 0x67, 0x65, 0x5f, 0x69, 0x6e, 0x5d, 0x5d, 0x2c, 0x20, 0x63, 0x6f, 0x6e, 0x73, 0x74, 0x61, // age_in]], consta
	0x6e, 0x74, 0x20, 0x5f, 0x47, 0x6c, 0x6f, 0x62, 0x61, 0x6c, 0x26, 0x20, 0x5f, 0x6d, 0x74, 0x6c, // nt _Global& _mtl
	0x5f, 0x75, 0x20, 0x5b, 0x5b, 0x62, 0x75, 0x66, 0x66, 0x65, 0x72, 0x28, 0x30, 0x29, 0x5d, 0x5d, // _u [[buffer(0)]]
	0x2c, 0x20, 0x75, 0x69, 0x6e, 0x74, 0x20, 0x67, 0x6c, 0x5f, 0x49, 0x6e, 0x73, 0x74, 0x61, 0x6e, // , uint gl_Instan
	0x63, 0x65, 0x49, 0x6e, 0x64, 0x65, 0x78, 0x20, 0x5b, 0x5b, 0x69, 0x6e, 0x73, 0x74, 0x61, 0x6e, // ceIndex [[instan
	0x63, 0x65, 0x5f, 0x69, 0x64, 0x5d, 0x5d, 0x29, 0x0a, 0x7b, 0x0a, 0x20, 0x20, 0x20, 0x20, 0x78, // ce_id]]).{.    x
	0x6c, 0x61, 0x74, 0x4d, 0x74, 0x6c, 0x4d, 0x61, 0x69, 0x6e, 0x5f, 0x6f, 0x75, 0x74, 0x20, 0x6f, // latMtlMain_out o
	0x75, 0x74, 0x20, 0x3d, 0x20, 0x7b, 0x7d, 0x3b, 0x0a, 0x20, 0x20, 0x20, 0x20, 0x66, 0x6c, 0x6f, // ut = {};.    flo
	0x61, 0x74, 0x34, 0x20, 0x5f, 0x31, 0x38, 0x34, 0x20, 0x3d, 0x20, 0x66, 0x6c, 0x6f, 0x61, 0x74, // at4 _184 = float
	0x34, 0x28, 0x69, 0x6e, 0x2e, 0x61, 0x5f, 0x70, 0x6f, 0x73, 0x69, 0x74, 0x69, 0x6f, 0x6e, 0x2e, // 4(in.a_position.
	0x78, 0x79, 0x2c, 0x20, 0x30, 0x2e, 0x30, 0x2c, 0x20, 0x31, 0x2e, 0x30, 0x29, 0x3b, 0x0a, 0x20, // xy, 0.0, 1.0);. 
	0x20, 0x20, 0x20, 0x66, 0x6c, 0x6f, 0x61, 0x74, 0x34, 0x20, 0x5f, 0x32, 0x37, 0x38, 0x3b, 0x0a, //    float4 _278;.
	0x20, 0x20, 0x20, 0x20, 0x69, 0x66, 0x20, 0x28, 0x67, 0x6c, 0x5f, 0x49, 0x6e, 0x73, 0x74, 0x61, //     if (gl_Insta
	0x6e, 0x63, 0x65, 0x49, 0x6e, 0x64, 0x65, 0x78, 0x20, 0x3d, 0x3d, 0x20, 0x30, 0x75, 0x29, 0x0a, // nceIndex == 0u).
	0x20, 0x20, 0x20, 0x20, 0x7b, 0x0a, 0x20, 0x20, 0x20, 0x20, 0x20, 0x20, 0x20, 0x20, 0x66, 0x6c, //     {.        fl
	0x6f, 0x61, 0x74, 0x34, 0x20, 0x5f, 0x32, 0x37, 0x30, 0x20, 0x3d, 0x20, 0x5f, 0x31, 0x38, 0x34, // oat4 _270 = _184
	0x3b, 0x0a, 0x20, 0x20, 0x20, 0x20, 0x20, 0x20, 0x20, 0x20, 0x5f, 0x32, 0x37, 0x30, 0x2e, 0x78, // ;.        _270.x
	0x20, 0x3d, 0x20, 0x69, 0x6e, 0x2e, 0x61, 0x5f, 0x70, 0x6f, 0x73, 0x69, 0x74, 0x69, 0x6f, 0x6e, //  = in.a_position
	0x2e, 0x78, 0x20, 0x2b, 0x20, 0x5f, 0x6d, 0x74, 0x6c, 0x5f, 0x75, 0x2e, 0x73, 0x74, 0x61, 0x74, // .x + _mtl_u.stat
	0x69, 0x63, 0x43, 0x6f, 0x6c, 0x6f, 0x72, 0x5f, 0x41, 0x6c, 0x70, 0x68, 0x61, 0x2e, 0x78, 0x3b, // icColor_Alpha.x;
	0x0a, 0x20, 0x20, 0x20, 0x20, 0x20, 0x20, 0x20, 0x20, 0x5f, 0x32, 0x37, 0x38, 0x20, 0x3d, 0x20, // .        _278 = 
	0x5f, 0x32, 0x37, 0x30, 0x3b, 0x0a, 0x20, 0x20, 0x20, 0x20, 0x7d, 0x0a, 0x20, 0x20, 0x20, 0x20, // _270;.    }.    
	0x65, 0x6c, 0x73, 0x65, 0x0a, 0x20, 0x20, 0x20, 0x20, 0x7b, 0x0a, 0x20, 0x20, 0x20, 0x20, 0x20, // else.    {.     
	0x20, 0x20, 0x20, 0x66, 0x6c, 0x6f, 0x61, 0x74, 0x34, 0x20, 0x5f, 0x32, 0x37, 0x33, 0x20, 0x3d, //    float4 _273 =
	0x20, 0x5f, 0x31, 0x38, 0x34, 0x3b, 0x0a, 0x20, 0x20, 0x20, 0x20, 0x20, 0x20, 0x20, 0x20, 0x5f, //  _184;.        _
	0x32, 0x37, 0x33, 0x2e, 0x78, 0x20, 0x3d, 0x20, 0x69, 0x6e, 0x2e, 0x61, 0x5f, 0x70, 0x6f, 0x73, // 273.x = in.a_pos
	0x69, 0x74, 0x69, 0x6f, 0x6e, 0x2e, 0x78, 0x20, 0x2d, 0x20, 0x5f, 0x6d, 0x74, 0x6c, 0x5f, 0x75, // ition.x - _mtl_u
	0x2e, 0x73, 0x74, 0x61, 0x74, 0x69, 0x63, 0x43, 0x6f, 0x6c, 0x6f, 0x72, 0x5f, 0x41, 0x6c, 0x70, // .staticColor_Alp
	0x68, 0x61, 0x2e, 0x78, 0x3b, 0x0a, 0x20, 0x20, 0x20, 0x20, 0x20, 0x20, 0x20, 0x20, 0x5f, 0x32, // ha.x;.        _2
	0x37, 0x38, 0x20, 0x3d, 0x20, 0x5f, 0x32, 0x37, 0x33, 0x3b, 0x0a, 0x20, 0x20, 0x20, 0x20, 0x7d, // 78 = _273;.    }
	0x0a, 0x20, 0x20, 0x20, 0x20, 0x66, 0x6c, 0x6f, 0x61, 0x74, 0x34, 0x20, 0x5f, 0x32, 0x30, 0x38, // .    float4 _208
	0x20, 0x3d, 0x20, 0x5f, 0x6d, 0x74, 0x6c, 0x5f, 0x75, 0x2e, 0x6d, 0x61, 0x74, 0x57, 0x6f, 0x72, //  = _mtl_u.matWor
	0x6c, 0x64, 0x56, 0x69, 0x65, 0x77, 0x5b, 0x67, 0x6c, 0x5f, 0x49, 0x6e, 0x73, 0x74, 0x61, 0x6e, // ldView[gl_Instan
	0x63, 0x65, 0x49, 0x6e, 0x64, 0x65, 0x78, 0x5d, 0x20, 0x2a, 0x20, 0x5f, 0x32, 0x37, 0x38, 0x3b, // ceIndex] * _278;
	0x0a, 0x20, 0x20, 0x20, 0x20, 0x6f, 0x75, 0x74, 0x2e, 0x67, 0x6c, 0x5f, 0x50, 0x6f, 0x73, 0x69, // .    out.gl_Posi
	0x74, 0x69, 0x6f, 0x6e, 0x20, 0x3d, 0x20, 0x66, 0x6c, 0x6f, 0x61, 0x74, 0x34, 0x28, 0x5f, 0x32, // tion = float4(_2
	0x30, 0x38, 0x2e, 0x78, 0x79, 0x2c, 0x20, 0x30, 0x2e, 0x30, 0x2c, 0x20, 0x5f, 0x32, 0x30, 0x38, // 08.xy, 0.0, _208
	0x2e, 0x77, 0x29, 0x3b, 0x0a, 0x20, 0x20, 0x20, 0x20, 0x6f, 0x75, 0x74, 0x2e, 0x5f, 0x65, 0x6e, // .w);.    out._en
	0x74, 0x72, 0x79, 0x50, 0x6f, 0x69, 0x6e, 0x74, 0x4f, 0x75, 0x74, 0x70, 0x75, 0x74, 0x5f, 0x76, // tryPointOutput_v
	0x5f, 0x63, 0x6f, 0x6c, 0x6f, 0x72, 0x30, 0x20, 0x3d, 0x20, 0x66, 0x6c, 0x6f, 0x61, 0x74, 0x34, // _color0 = float4
	0x28, 0x69, 0x6e, 0x2e, 0x61, 0x5f, 0x6e, 0x6f, 0x72, 0x6d, 0x61, 0x6c, 0x20, 0x2a, 0x20, 0x5f, // (in.a_normal * _
	0x6d, 0x74, 0x6c, 0x5f, 0x75, 0x2e, 0x73, 0x74, 0x61, 0x74, 0x69, 0x63, 0x43, 0x6f, 0x6c, 0x6f, // mtl_u.staticColo
	0x72, 0x5f, 0x41, 0x6c, 0x70, 0x68, 0x61, 0x2e, 0x77, 0x2c, 0x20, 0x69, 0x6e, 0x2e, 0x61, 0x5f, // r_Alpha.w, in.a_
	0x70, 0x6f, 0x73, 0x69, 0x74, 0x69, 0x6f, 0x6e, 0x2e, 0x7a, 0x29, 0x3b, 0x0a, 0x20, 0x20, 0x20, // position.z);.   
	0x20, 0x6f, 0x75, 0x74, 0x2e, 0x5f, 0x65, 0x6e, 0x74, 0x72, 0x79, 0x50, 0x6f, 0x69, 0x6e, 0x74, //  out._entryPoint
	0x4f, 0x75, 0x74, 0x70, 0x75, 0x74, 0x5f, 0x76, 0x5f, 0x74, 0x65, 0x78, 0x63, 0x6f, 0x6f, 0x72, // Output_v_texcoor
	0x64, 0x30, 0x20, 0x3d, 0x20, 0x69, 0x6e, 0x2e, 0x61, 0x5f, 0x74, 0x65, 0x78, 0x63, 0x6f, 0x6f, // d0 = in.a_texcoo
	0x72, 0x64, 0x30, 0x3b, 0x0a, 0x20, 0x20, 0x20, 0x20, 0x6f, 0x75, 0x74, 0x2e, 0x5f, 0x65, 0x6e, // rd0;.    out._en
	0x74, 0x72, 0x79, 0x50, 0x6f, 0x69, 0x6e, 0x74, 0x4f, 0x75, 0x74, 0x70, 0x75, 0x74, 0x5f, 0x76, // tryPointOutput_v
	0x5f, 0x74, 0x65, 0x78, 0x63, 0x6f, 0x6f, 0x72, 0x64, 0x31, 0x20, 0x3d, 0x20, 0x69, 0x6e, 0x2e, // _texcoord1 = in.
	0x61, 0x5f, 0x70, 0x6f, 0x73, 0x69, 0x74, 0x69, 0x6f, 0x6e, 0x2e, 0x78, 0x79, 0x3b, 0x0a, 0x20, // a_position.xy;. 
	0x20, 0x20, 0x20, 0x6f, 0x75, 0x74, 0x2e, 0x67, 0x6c, 0x5f, 0x4c, 0x61, 0x79, 0x65, 0x72, 0x20, //    out.gl_Layer 
	0x3d, 0x20, 0x67, 0x6c, 0x5f, 0x49, 0x6e, 0x73, 0x74, 0x61, 0x6e, 0x63, 0x65, 0x49, 0x6e, 0x64, // = gl_InstanceInd
	0x65, 0x78, 0x3b, 0x0a, 0x20, 0x20, 0x20, 0x20, 0x72, 0x65, 0x74, 0x75, 0x72, 0x6e, 0x20, 0x6f, // ex;.    return o
	0x75, 0x74, 0x3b, 0x0a, 0x7d, 0x0a, 0x0a, 0x00, 0x04, 0x02, 0x00, 0x01, 0x00, 0x10, 0x00, 0xff, // ut;.}...........
	0xff, 0x90, 0x00,                                                                               // ...
};
static const uint8_t vs_imgui_st_essl[964] =
{
	0x56, 0x53, 0x48, 0x0c, 0x00, 0x00, 0x00, 0x00, 0x4f, 0x45, 0x98, 0x49, 0x00, 0x00, 0x00, 0x00, // VSH.....OE.I....
	0x00, 0x00, 0x00, 0x00, 0x02, 0x00, 0x11, 0x73, 0x74, 0x61, 0x74, 0x69, 0x63, 0x43, 0x6f, 0x6c, // .......staticCol
	0x6f, 0x72, 0x5f, 0x41, 0x6c, 0x70, 0x68, 0x61, 0x02, 0x01, 0x00, 0x00, 0x01, 0x00, 0x00, 0x00, // or_Alpha........
	0x00, 0x00, 0x0c, 0x6d, 0x61, 0x74, 0x57, 0x6f, 0x72, 0x6c, 0x64, 0x56, 0x69, 0x65, 0x77, 0x04, // ...matWorldView.
	0x02, 0x00, 0x00, 0x08, 0x00, 0x00, 0x00, 0x00, 0x00, 0x76, 0x03, 0x00, 0x00, 0x23, 0x65, 0x78, // .........v...#ex
	0x74, 0x65, 0x6e, 0x73, 0x69, 0x6f, 0x6e, 0x20, 0x47, 0x4c, 0x5f, 0x4e, 0x56, 0x5f, 0x76, 0x69, // tension GL_NV_vi
	0x65, 0x77, 0x70, 0x6f, 0x72, 0x74, 0x5f, 0x61, 0x72, 0x72, 0x61, 0x79, 0x32, 0x20, 0x3a, 0x20, // ewport_array2 : 
	0x72, 0x65, 0x71, 0x75, 0x69, 0x72, 0x65, 0x0a, 0x0a, 0x75, 0x6e, 0x69, 0x66, 0x6f, 0x72, 0x6d, // require..uniform
	0x20, 0x76, 0x65, 0x63, 0x34, 0x20, 0x73, 0x74, 0x61, 0x74, 0x69, 0x63, 0x43, 0x6f, 0x6c, 0x6f, //  vec4 staticColo
	0x72, 0x5f, 0x41, 0x6c, 0x70, 0x68, 0x61, 0x3b, 0x0a, 0x75, 0x6e, 0x69, 0x66, 0x6f, 0x72, 0x6d, // r_Alpha;.uniform
	0x20, 0x6d, 0x61, 0x74, 0x34, 0x20, 0x6d, 0x61, 0x74, 0x57, 0x6f, 0x72, 0x6c, 0x64, 0x56, 0x69, //  mat4 matWorldVi
	0x65, 0x77, 0x5b, 0x32, 0x5d, 0x3b, 0x0a, 0x0a, 0x6f, 0x75, 0x74, 0x20, 0x76, 0x65, 0x63, 0x32, // ew[2];..out vec2
	0x20, 0x76, 0x5f, 0x74, 0x65, 0x78, 0x63, 0x6f, 0x6f, 0x72, 0x64, 0x31, 0x3b, 0x0a, 0x6c, 0x61, //  v_texcoord1;.la
	0x79, 0x6f, 0x75, 0x74, 0x28, 0x6c, 0x6f, 0x63, 0x61, 0x74, 0x69, 0x6f, 0x6e, 0x20, 0x3d, 0x20, // yout(location = 
	0x31, 0x29, 0x20, 0x69, 0x6e, 0x20, 0x76, 0x65, 0x63, 0x33, 0x20, 0x61, 0x5f, 0x70, 0x6f, 0x73, // 1) in vec3 a_pos
	0x69, 0x74, 0x69, 0x6f, 0x6e, 0x3b, 0x0a, 0x6f, 0x75, 0x74, 0x20, 0x76, 0x65, 0x63, 0x32, 0x20, // ition;.out vec2 
	0x76, 0x5f, 0x74, 0x65, 0x78, 0x63, 0x6f, 0x6f, 0x72, 0x64, 0x30, 0x3b, 0x0a, 0x6c, 0x61, 0x79, // v_texcoord0;.lay
	0x6f, 0x75, 0x74, 0x28, 0x6c, 0x6f, 0x63, 0x61, 0x74, 0x69, 0x6f, 0x6e, 0x20, 0x3d, 0x20, 0x32, // out(location = 2
	0x29, 0x20, 0x69, 0x6e, 0x20, 0x76, 0x65, 0x63, 0x32, 0x20, 0x61, 0x5f, 0x74, 0x65, 0x78, 0x63, // ) in vec2 a_texc
	0x6f, 0x6f, 0x72, 0x64, 0x30, 0x3b, 0x0a, 0x6f, 0x75, 0x74, 0x20, 0x76, 0x65, 0x63, 0x34, 0x20, // oord0;.out vec4 
	0x76, 0x5f, 0x63, 0x6f, 0x6c, 0x6f, 0x72, 0x30, 0x3b, 0x0a, 0x6c, 0x61, 0x79, 0x6f, 0x75, 0x74, // v_color0;.layout
	0x28, 0x6c, 0x6f, 0x63, 0x61, 0x74, 0x69, 0x6f, 0x6e, 0x20, 0x3d, 0x20, 0x30, 0x29, 0x20, 0x69, // (location = 0) i
	0x6e, 0x20, 0x76, 0x65, 0x63, 0x33, 0x20, 0x61, 0x5f, 0x6e, 0x6f, 0x72, 0x6d, 0x61, 0x6c, 0x3b, // n vec3 a_normal;
	0x0a, 0x0a, 0x76, 0x6f, 0x69, 0x64, 0x20, 0x6d, 0x61, 0x69, 0x6e, 0x28, 0x29, 0x0a, 0x7b, 0x0a, // ..void main().{.
	0x20, 0x20, 0x20, 0x20, 0x76, 0x5f, 0x74, 0x65, 0x78, 0x63, 0x6f, 0x6f, 0x72, 0x64, 0x31, 0x20, //     v_texcoord1 
	0x3d, 0x20, 0x61, 0x5f, 0x70, 0x6f, 0x73, 0x69, 0x74, 0x69, 0x6f, 0x6e, 0x2e, 0x78, 0x79, 0x3b, // = a_position.xy;
	0x0a, 0x20, 0x20, 0x20, 0x20, 0x76, 0x65, 0x63, 0x34, 0x20, 0x5f, 0x32, 0x34, 0x20, 0x3d, 0x20, // .    vec4 _24 = 
	0x76, 0x65, 0x63, 0x34, 0x28, 0x61, 0x5f, 0x70, 0x6f, 0x73, 0x69, 0x74, 0x69, 0x6f, 0x6e, 0x2e, // vec4(a_position.
	0x78, 0x79, 0x2c, 0x20, 0x30, 0x2e, 0x30, 0x2c, 0x20, 0x31, 0x2e, 0x30, 0x29, 0x3b, 0x0a, 0x20, // xy, 0.0, 1.0);. 
	0x20, 0x20, 0x20, 0x76, 0x65, 0x63, 0x34, 0x20, 0x5f, 0x31, 0x32, 0x36, 0x3b, 0x0a, 0x20, 0x20, //    vec4 _126;.  
	0x20, 0x20, 0x69, 0x66, 0x20, 0x28, 0x67, 0x6c, 0x5f, 0x49, 0x6e, 0x73, 0x74, 0x61, 0x6e, 0x63, //   if (gl_Instanc
	0x65, 0x49, 0x44, 0x20, 0x3d, 0x3d, 0x20, 0x30, 0x29, 0x0a, 0x20, 0x20, 0x20, 0x20, 0x7b, 0x0a, // eID == 0).    {.
	0x20, 0x20, 0x20, 0x20, 0x20, 0x20, 0x20, 0x20, 0x76, 0x65, 0x63, 0x34, 0x20, 0x5f, 0x31, 0x31, //         vec4 _11
	0x39, 0x20, 0x3d, 0x20, 0x5f, 0x32, 0x34, 0x3b, 0x0a, 0x20, 0x20, 0x20, 0x20, 0x20, 0x20, 0x20, // 9 = _24;.       
	0x20, 0x5f, 0x31, 0x31, 0x39, 0x2e, 0x78, 0x20, 0x3d, 0x20, 0x61, 0x5f, 0x70, 0x6f, 0x73, 0x69, //  _119.x = a_posi
	0x74, 0x69, 0x6f, 0x6e, 0x2e, 0x78, 0x20, 0x2b, 0x20, 0x73, 0x74, 0x61, 0x74, 0x69, 0x63, 0x43, // tion.x + staticC
	0x6f, 0x6c, 0x6f, 0x72, 0x5f, 0x41, 0x6c, 0x70, 0x68, 0x61, 0x2e, 0x78, 0x3b, 0x0a, 0x20, 0x20, // olor_Alpha.x;.  
	0x20, 0x20, 0x20, 0x20, 0x20, 0x20, 0x5f, 0x31, 0x32, 0x36, 0x20, 0x3d, 0x20, 0x5f, 0x31, 0x31, //       _126 = _11
	0x39, 0x3b, 0x0a, 0x20, 0x20, 0x20, 0x20, 0x7d, 0x0a, 0x20, 0x20, 0x20, 0x20, 0x65, 0x6c, 0x73, // 9;.    }.    els
	0x65, 0x0a, 0x20, 0x20, 0x20, 0x20, 0x7b, 0x0a, 0x20, 0x20, 0x20, 0x20, 0x20, 0x20, 0x20, 0x20, // e.    {.        
	0x76, 0x65, 0x63, 0x34, 0x20, 0x5f, 0x31, 0x32, 0x32, 0x20, 0x3d, 0x20, 0x5f, 0x32, 0x34, 0x3b, // vec4 _122 = _24;
	0x0a, 0x20, 0x20, 0x20, 0x20, 0x20, 0x20, 0x20, 0x20, 0x5f, 0x31, 0x32, 0x32, 0x2e, 0x78, 0x20, // .        _122.x 
	0x3d, 0x20, 0x61, 0x5f, 0x70, 0x6f, 0x73, 0x69, 0x74, 0x69, 0x6f, 0x6e, 0x2e, 0x78, 0x20, 0x2d, // = a_position.x -
	0x20, 0x73, 0x74, 0x61, 0x74, 0x69, 0x63, 0x43, 0x6f, 0x6c, 0x6f, 0x72, 0x5f, 0x41, 0x6c, 0x70, //  staticColor_Alp
	0x68, 0x61, 0x2e, 0x78, 0x3b, 0x0a, 0x20, 0x20, 0x20, 0x20, 0x20, 0x20, 0x20, 0x20, 0x5f, 0x31, // ha.x;.        _1
	0x32, 0x36, 0x20, 0x3d, 0x20, 0x5f, 0x31, 0x32, 0x32, 0x3b, 0x0a, 0x20, 0x20, 0x20, 0x20, 0x7d, // 26 = _122;.    }
	0x0a, 0x20, 0x20, 0x20, 0x20, 0x67, 0x6c, 0x5f, 0x4c, 0x61, 0x79, 0x65, 0x72, 0x20, 0x3d, 0x20, // .    gl_Layer = 
	0x67, 0x6c, 0x5f, 0x49, 0x6e, 0x73, 0x74, 0x61, 0x6e, 0x63, 0x65, 0x49, 0x44, 0x3b, 0x0a, 0x20, // gl_InstanceID;. 
	0x20, 0x20, 0x20, 0x76, 0x65, 0x63, 0x34, 0x20, 0x5f, 0x36, 0x37, 0x20, 0x3d, 0x20, 0x6d, 0x61, //    vec4 _67 = ma
	0x74, 0x57, 0x6f, 0x72, 0x6c, 0x64, 0x56, 0x69, 0x65, 0x77, 0x5b, 0x67, 0x6c, 0x5f, 0x49, 0x6e, // tWorldView[gl_In
	0x73, 0x74, 0x61, 0x6e, 0x63, 0x65, 0x49, 0x44, 0x5d, 0x20, 0x2a, 0x20, 0x5f, 0x31, 0x32, 0x36, // stanceID] * _126
	0x3b, 0x0a, 0x20, 0x20, 0x20, 0x20, 0x67, 0x6c, 0x5f, 0x50, 0x6f, 0x73, 0x69, 0x74, 0x69, 0x6f, // ;.    gl_Positio
	0x6e, 0x20, 0x3d, 0x20, 0x76, 0x65, 0x63, 0x34, 0x28, 0x5f, 0x36, 0x37, 0x2e, 0x78, 0x79, 0x2c, // n = vec4(_67.xy,
	0x20, 0x30, 0x2e, 0x30, 0x2c, 0x20, 0x5f, 0x36, 0x37, 0x2e, 0x77, 0x29, 0x3b, 0x0a, 0x20, 0x20, //  0.0, _67.w);.  
	0x20, 0x20, 0x76, 0x5f, 0x74, 0x65, 0x78, 0x63, 0x6f, 0x6f, 0x72, 0x64, 0x30, 0x20, 0x3d, 0x20, //   v_texcoord0 = 
	0x61, 0x5f, 0x74, 0x65, 0x78, 0x63, 0x6f, 0x6f, 0x72, 0x64, 0x30, 0x3b, 0x0a, 0x20, 0x20, 0x20, // a_texcoord0;.   
	0x20, 0x76, 0x5f, 0x63, 0x6f, 0x6c, 0x6f, 0x72, 0x30, 0x20, 0x3d, 0x20, 0x76, 0x65, 0x63, 0x34, //  v_color0 = vec4
	0x28, 0x61, 0x5f, 0x6e, 0x6f, 0x72, 0x6d, 0x61, 0x6c, 0x20, 0x2a, 0x20, 0x73, 0x74, 0x61, 0x74, // (a_normal * stat
	0x69, 0x63, 0x43, 0x6f, 0x6c, 0x6f, 0x72, 0x5f, 0x41, 0x6c, 0x70, 0x68, 0x61, 0x2e, 0x77, 0x2c, // icColor_Alpha.w,
	0x20, 0x61, 0x5f, 0x70, 0x6f, 0x73, 0x69, 0x74, 0x69, 0x6f, 0x6e, 0x2e, 0x7a, 0x29, 0x3b, 0x0a, //  a_position.z);.
	0x7d, 0x0a, 0x0a, 0x00,                                                                         // }...
};
static const uint8_t vs_imgui_st_glsl[977] =
{
	0x56, 0x53, 0x48, 0x0c, 0x00, 0x00, 0x00, 0x00, 0x4f, 0x45, 0x98, 0x49, 0x00, 0x00, 0x00, 0x00, // VSH.....OE.I....
	0x00, 0x00, 0x00, 0x00, 0x02, 0x00, 0x11, 0x73, 0x74, 0x61, 0x74, 0x69, 0x63, 0x43, 0x6f, 0x6c, // .......staticCol
	0x6f, 0x72, 0x5f, 0x41, 0x6c, 0x70, 0x68, 0x61, 0x02, 0x01, 0x00, 0x00, 0x01, 0x00, 0x00, 0x00, // or_Alpha........
	0x00, 0x00, 0x0c, 0x6d, 0x61, 0x74, 0x57, 0x6f, 0x72, 0x6c, 0x64, 0x56, 0x69, 0x65, 0x77, 0x04, // ...matWorldView.
	0x02, 0x00, 0x00, 0x08, 0x00, 0x00, 0x00, 0x00, 0x00, 0x83, 0x03, 0x00, 0x00, 0x23, 0x65, 0x78, // .............#ex
	0x74, 0x65, 0x6e, 0x73, 0x69, 0x6f, 0x6e, 0x20, 0x47, 0x4c, 0x5f, 0x41, 0x52, 0x42, 0x5f, 0x73, // tension GL_ARB_s
	0x68, 0x61, 0x64, 0x65, 0x72, 0x5f, 0x76, 0x69, 0x65, 0x77, 0x70, 0x6f, 0x72, 0x74, 0x5f, 0x6c, // hader_viewport_l
	0x61, 0x79, 0x65, 0x72, 0x5f, 0x61, 0x72, 0x72, 0x61, 0x79, 0x20, 0x3a, 0x20, 0x72, 0x65, 0x71, // ayer_array : req
	0x75, 0x69, 0x72, 0x65, 0x0a, 0x0a, 0x75, 0x6e, 0x69, 0x66, 0x6f, 0x72, 0x6d, 0x20, 0x76, 0x65, // uire..uniform ve
	0x63, 0x34, 0x20, 0x73, 0x74, 0x61, 0x74, 0x69, 0x63, 0x43, 0x6f, 0x6c, 0x6f, 0x72, 0x5f, 0x41, // c4 staticColor_A
	0x6c, 0x70, 0x68, 0x61, 0x3b, 0x0a, 0x75, 0x6e, 0x69, 0x66, 0x6f, 0x72, 0x6d, 0x20, 0x6d, 0x61, // lpha;.uniform ma
	0x74, 0x34, 0x20, 0x6d, 0x61, 0x74, 0x57, 0x6f, 0x72, 0x6c, 0x64, 0x56, 0x69, 0x65, 0x77, 0x5b, // t4 matWorldView[
	0x32, 0x5d, 0x3b, 0x0a, 0x0a, 0x6f, 0x75, 0x74, 0x20, 0x76, 0x65, 0x63, 0x32, 0x20, 0x76, 0x5f, // 2];..out vec2 v_
	0x74, 0x65, 0x78, 0x63, 0x6f, 0x6f, 0x72, 0x64, 0x31, 0x3b, 0x0a, 0x6c, 0x61, 0x79, 0x6f, 0x75, // texcoord1;.layou
	0x74, 0x28, 0x6c, 0x6f, 0x63, 0x61, 0x74, 0x69, 0x6f, 0x6e, 0x20, 0x3d, 0x20, 0x31, 0x29, 0x20, // t(location = 1) 
	0x69, 0x6e, 0x20, 0x76, 0x65, 0x63, 0x33, 0x20, 0x61, 0x5f, 0x70, 0x6f, 0x73, 0x69, 0x74, 0x69, // in vec3 a_positi
	0x6f, 0x6e, 0x3b, 0x0a, 0x6f, 0x75, 0x74, 0x20, 0x76, 0x65, 0x63, 0x32, 0x20, 0x76, 0x5f, 0x74, // on;.out vec2 v_t
	0x65, 0x78, 0x63, 0x6f, 0x6f, 0x72, 0x64, 0x30, 0x3b, 0x0a, 0x6c, 0x61, 0x79, 0x6f, 0x75, 0x74, // excoord0;.layout
	0x28, 0x6c, 0x6f, 0x63, 0x61, 0x74, 0x69, 0x6f, 0x6e, 0x20, 0x3d, 0x20, 0x32, 0x29, 0x20, 0x69, // (location = 2) i
	0x6e, 0x20, 0x76, 0x65, 0x63, 0x32, 0x20, 0x61, 0x5f, 0x74, 0x65, 0x78, 0x63, 0x6f, 0x6f, 0x72, // n vec2 a_texcoor
	0x64, 0x30, 0x3b, 0x0a, 0x6f, 0x75, 0x74, 0x20, 0x76, 0x65, 0x63, 0x34, 0x20, 0x76, 0x5f, 0x63, // d0;.out vec4 v_c
	0x6f, 0x6c, 0x6f, 0x72, 0x30, 0x3b, 0x0a, 0x6c, 0x61, 0x79, 0x6f, 0x75, 0x74, 0x28, 0x6c, 0x6f, // olor0;.layout(lo
	0x63, 0x61, 0x74, 0x69, 0x6f, 0x6e, 0x20, 0x3d, 0x20, 0x30, 0x29, 0x20, 0x69, 0x6e, 0x20, 0x76, // cation = 0) in v
	0x65, 0x63, 0x33, 0x20, 0x61, 0x5f, 0x6e, 0x6f, 0x72, 0x6d, 0x61, 0x6c, 0x3b, 0x0a, 0x0a, 0x76, // ec3 a_normal;..v
	0x6f, 0x69, 0x64, 0x20, 0x6d, 0x61, 0x69, 0x6e, 0x28, 0x29, 0x0a, 0x7b, 0x0a, 0x20, 0x20, 0x20, // oid main().{.   
	0x20, 0x76, 0x5f, 0x74, 0x65, 0x78, 0x63, 0x6f, 0x6f, 0x72, 0x64, 0x31, 0x20, 0x3d, 0x20, 0x61, //  v_texcoord1 = a
	0x5f, 0x70, 0x6f, 0x73, 0x69, 0x74, 0x69, 0x6f, 0x6e, 0x2e, 0x78, 0x79, 0x3b, 0x0a, 0x20, 0x20, // _position.xy;.  
	0x20, 0x20, 0x76, 0x65, 0x63, 0x34, 0x20, 0x5f, 0x32, 0x34, 0x20, 0x3d, 0x20, 0x76, 0x65, 0x63, //   vec4 _24 = vec
	0x34, 0x28, 0x61, 0x5f, 0x70, 0x6f, 0x73, 0x69, 0x74, 0x69, 0x6f, 0x6e, 0x2e, 0x78, 0x79, 0x2c, // 4(a_position.xy,
	0x20, 0x30, 0x2e, 0x30, 0x2c, 0x20, 0x31, 0x2e, 0x30, 0x29, 0x3b, 0x0a, 0x20, 0x20, 0x20, 0x20, //  0.0, 1.0);.    
	0x76, 0x65, 0x63, 0x34, 0x20, 0x5f, 0x31, 0x32, 0x36, 0x3b, 0x0a, 0x20, 0x20, 0x20, 0x20, 0x69, // vec4 _126;.    i
	0x66, 0x20, 0x28, 0x67, 0x6c, 0x5f, 0x49, 0x6e, 0x73, 0x74, 0x61, 0x6e, 0x63, 0x65, 0x49, 0x44, // f (gl_InstanceID
	0x20, 0x3d, 0x3d, 0x20, 0x30, 0x29, 0x0a, 0x20, 0x20, 0x20, 0x20, 0x7b, 0x0a, 0x20, 0x20, 0x20, //  == 0).    {.   
	0x20, 0x20, 0x20, 0x20, 0x20, 0x76, 0x65, 0x63, 0x34, 0x20, 0x5f, 0x31, 0x31, 0x39, 0x20, 0x3d, //      vec4 _119 =
	0x20, 0x5f, 0x32, 0x34, 0x3b, 0x0a, 0x20, 0x20, 0x20, 0x20, 0x20, 0x20, 0x20, 0x20, 0x5f, 0x31, //  _24;.        _1
	0x31, 0x39, 0x2e, 0x78, 0x20, 0x3d, 0x20, 0x61, 0x5f, 0x70, 0x6f, 0x73, 0x69, 0x74, 0x69, 0x6f, // 19.x = a_positio
	0x6e, 0x2e, 0x78, 0x20, 0x2b, 0x20, 0x73, 0x74, 0x61, 0x74, 0x69, 0x63, 0x43, 0x6f, 0x6c, 0x6f, // n.x + staticColo
	0x72, 0x5f, 0x41, 0x6c, 0x70, 0x68, 0x61, 0x2e, 0x78, 0x3b, 0x0a, 0x20, 0x20, 0x20, 0x20, 0x20, // r_Alpha.x;.     
	0x20, 0x20, 0x20, 0x5f, 0x31, 0x32, 0x36, 0x20, 0x3d, 0x20, 0x5f, 0x31, 0x31, 0x39, 0x3b, 0x0a, //    _126 = _119;.
	0x20, 0x20, 0x20, 0x20, 0x7d, 0x0a, 0x20, 0x20, 0x20, 0x20, 0x65, 0x6c, 0x73, 0x65, 0x0a, 0x20, //     }.    else. 
	0x20, 0x20, 0x20, 0x7b, 0x0a, 0x20, 0x20, 0x20, 0x20, 0x20, 0x20, 0x20, 0x20, 0x76, 0x65, 0x63, //    {.        vec
	0x34, 0x20, 0x5f, 0x31, 0x32, 0x32, 0x20, 0x3d, 0x20, 0x5f, 0x32, 0x34, 0x3b, 0x0a, 0x20, 0x20, // 4 _122 = _24;.  
	0x20, 0x20, 0x20, 0x20, 0x20, 0x20, 0x5f, 0x31, 0x32, 0x32, 0x2e, 0x78, 0x20, 0x3d, 0x20, 0x61, //       _122.x = a
	0x5f, 0x70, 0x6f, 0x73, 0x69, 0x74, 0x69, 0x6f, 0x6e, 0x2e, 0x78, 0x20, 0x2d, 0x20, 0x73, 0x74, // _position.x - st
	0x61, 0x74, 0x69, 0x63, 0x43, 0x6f, 0x6c, 0x6f, 0x72, 0x5f, 0x41, 0x6c, 0x70, 0x68, 0x61, 0x2e, // aticColor_Alpha.
	0x78, 0x3b, 0x0a, 0x20, 0x20, 0x20, 0x20, 0x20, 0x20, 0x20, 0x20, 0x5f, 0x31, 0x32, 0x36, 0x20, // x;.        _126 
	0x3d, 0x20, 0x5f, 0x31, 0x32, 0x32, 0x3b, 0x0a, 0x20, 0x20, 0x20, 0x20, 0x7d, 0x0a, 0x20, 0x20, // = _122;.    }.  
	0x20, 0x20, 0x67, 0x6c, 0x5f, 0x4c, 0x61, 0x79, 0x65, 0x72, 0x20, 0x3d, 0x20, 0x67, 0x6c, 0x5f, //   gl_Layer = gl_
	0x49, 0x6e, 0x73, 0x74, 0x61, 0x6e, 0x63, 0x65, 0x49, 0x44, 0x3b, 0x0a, 0x20, 0x20, 0x20, 0x20, // InstanceID;.    
	0x76, 0x65, 0x63, 0x34, 0x20, 0x5f, 0x36, 0x37, 0x20, 0x3d, 0x20, 0x6d, 0x61, 0x74, 0x57, 0x6f, // vec4 _67 = matWo
	0x72, 0x6c, 0x64, 0x56, 0x69, 0x65, 0x77, 0x5b, 0x67, 0x6c, 0x5f, 0x49, 0x6e, 0x73, 0x74, 0x61, // rldView[gl_Insta
	0x6e, 0x63, 0x65, 0x49, 0x44, 0x5d, 0x20, 0x2a, 0x20, 0x5f, 0x31, 0x32, 0x36, 0x3b, 0x0a, 0x20, // nceID] * _126;. 
	0x20, 0x20, 0x20, 0x67, 0x6c, 0x5f, 0x50, 0x6f, 0x73, 0x69, 0x74, 0x69, 0x6f, 0x6e, 0x20, 0x3d, //    gl_Position =
	0x20, 0x76, 0x65, 0x63, 0x34, 0x28, 0x5f, 0x36, 0x37, 0x2e, 0x78, 0x79, 0x2c, 0x20, 0x30, 0x2e, //  vec4(_67.xy, 0.
	0x30, 0x2c, 0x20, 0x5f, 0x36, 0x37, 0x2e, 0x77, 0x29, 0x3b, 0x0a, 0x20, 0x20, 0x20, 0x20, 0x76, // 0, _67.w);.    v
	0x5f, 0x74, 0x65, 0x78, 0x63, 0x6f, 0x6f, 0x72, 0x64, 0x30, 0x20, 0x3d, 0x20, 0x61, 0x5f, 0x74, // _texcoord0 = a_t
	0x65, 0x78, 0x63, 0x6f, 0x6f, 0x72, 0x64, 0x30, 0x3b, 0x0a, 0x20, 0x20, 0x20, 0x20, 0x76, 0x5f, // excoord0;.    v_
	0x63, 0x6f, 0x6c, 0x6f, 0x72, 0x30, 0x20, 0x3d, 0x20, 0x76, 0x65, 0x63, 0x34, 0x28, 0x61, 0x5f, // color0 = vec4(a_
	0x6e, 0x6f, 0x72, 0x6d, 0x61, 0x6c, 0x20, 0x2a, 0x20, 0x73, 0x74, 0x61, 0x74, 0x69, 0x63, 0x43, // normal * staticC
	0x6f, 0x6c, 0x6f, 0x72, 0x5f, 0x41, 0x6c, 0x70, 0x68, 0x61, 0x2e, 0x77, 0x2c, 0x20, 0x61, 0x5f, // olor_Alpha.w, a_
	0x70, 0x6f, 0x73, 0x69, 0x74, 0x69, 0x6f, 0x6e, 0x2e, 0x7a, 0x29, 0x3b, 0x0a, 0x7d, 0x0a, 0x0a, // position.z);.}..
	0x00,                                                                                           // .
};
static const uint8_t vs_imgui_st_dxbc[1051] =
{
	0x56, 0x53, 0x48, 0x0c, 0x00, 0x00, 0x00, 0x00, 0x4f, 0x45, 0x98, 0x49, 0x00, 0x00, 0x00, 0x00, // VSH.....OE.I....
	0x00, 0x00, 0x00, 0x00, 0x02, 0x00, 0x0c, 0x6d, 0x61, 0x74, 0x57, 0x6f, 0x72, 0x6c, 0x64, 0x56, // .......matWorldV
	0x69, 0x65, 0x77, 0x04, 0x02, 0x00, 0x00, 0x08, 0x00, 0x00, 0x00, 0x00, 0x00, 0x11, 0x73, 0x74, // iew...........st
	0x61, 0x74, 0x69, 0x63, 0x43, 0x6f, 0x6c, 0x6f, 0x72, 0x5f, 0x41, 0x6c, 0x70, 0x68, 0x61, 0x02, // aticColor_Alpha.
	0x00, 0x80, 0x00, 0x01, 0x00, 0x00, 0x00, 0x00, 0x00, 0xc4, 0x03, 0x00, 0x00, 0x44, 0x58, 0x42, // .............DXB
	0x43, 0x7c, 0x1e, 0xce, 0x5e, 0x14, 0x43, 0x6f, 0xeb, 0x01, 0x92, 0x37, 0x31, 0x2a, 0xf4, 0x50, // C|..^.Co...71*.P
	0x04, 0x01, 0x00, 0x00, 0x00, 0xc4, 0x03, 0x00, 0x00, 0x04, 0x00, 0x00, 0x00, 0x30, 0x00, 0x00, // .............0..
	0x00, 0xc8, 0x00, 0x00, 0x00, 0x88, 0x01, 0x00, 0x00, 0xb4, 0x03, 0x00, 0x00, 0x49, 0x53, 0x47, // .............ISG
	0x4e, 0x90, 0x00, 0x00, 0x00, 0x04, 0x00, 0x00, 0x00, 0x08, 0x00, 0x00, 0x00, 0x68, 0x00, 0x00, // N............h..
	0x00, 0x00, 0x00, 0x00, 0x00, 0x00, 0x00, 0x00, 0x00, 0x03, 0x00, 0x00, 0x00, 0x00, 0x00, 0x00, // ................
	0x00, 0x07, 0x07, 0x00, 0x00, 0x6f, 0x00, 0x00, 0x00, 0x00, 0x00, 0x00, 0x00, 0x00, 0x00, 0x00, // .....o..........
	0x00, 0x03, 0x00, 0x00, 0x00, 0x01, 0x00, 0x00, 0x00, 0x07, 0x07, 0x00, 0x00, 0x78, 0x00, 0x00, // .............x..
	0x00, 0x00, 0x00, 0x00, 0x00, 0x00, 0x00, 0x00, 0x00, 0x03, 0x00, 0x00, 0x00, 0x02, 0x00, 0x00, // ................
	0x00, 0x03, 0x03, 0x00, 0x00, 0x81, 0x00, 0x00, 0x00, 0x00, 0x00, 0x00, 0x00, 0x08, 0x00, 0x00, // ................
	0x00, 0x01, 0x00, 0x00, 0x00, 0x03, 0x00, 0x00, 0x00, 0x01, 0x01, 0x00, 0x00, 0x4e, 0x4f, 0x52, // .............NOR
	0x4d, 0x41, 0x4c, 0x00, 0x50, 0x4f, 0x53, 0x49, 0x54, 0x49, 0x4f, 0x4e, 0x00, 0x54, 0x45, 0x58, // MAL.POSITION.TEX
	0x43, 0x4f, 0x4f, 0x52, 0x44, 0x00, 0x53, 0x56, 0x5f, 0x49, 0x6e, 0x73, 0x74, 0x61, 0x6e, 0x63, // COORD.SV_Instanc
	0x65, 0x49, 0x44, 0x00, 0xab, 0x4f, 0x53, 0x47, 0x4e, 0xb8, 0x00, 0x00, 0x00, 0x05, 0x00, 0x00, // eID..OSGN.......
	0x00, 0x08, 0x00, 0x00, 0x00, 0x80, 0x00, 0x00, 0x00, 0x00, 0x00, 0x00, 0x00, 0x01, 0x00, 0x00, // ................
	0x00, 0x03, 0x00, 0x00, 0x00, 0x00, 0x00, 0x00, 0x00, 0x0f, 0x00, 0x00, 0x00, 0x8c, 0x00, 0x00, // ................
	0x00, 0x00, 0x00, 0x00, 0x00, 0x00, 0x00, 0x00, 0x00, 0x03, 0x00, 0x00, 0x00, 0x01, 0x00, 0x00, // ................
	0x00, 0x0f, 0x00, 0x00, 0x00, 0x92, 0x00, 0x00, 0x00, 0x00, 0x00, 0x00, 0x00, 0x00, 0x00, 0x00, // ................
	0x00, 0x03, 0x00, 0x00, 0x00, 0x02, 0x00, 0x00, 0x00, 0x03, 0x0c, 0x00, 0x00, 0x92, 0x00, 0x00, // ................
	0x00, 0x01, 0x00, 0x00, 0x00, 0x00, 0x00, 0x00, 0x00, 0x03, 0x00, 0x00, 0x00, 0x02, 0x00, 0x00, // ................
	0x00, 0x0c, 0x03, 0x00, 0x00, 0x9b, 0x00, 0x00, 0x00, 0x00, 0x00, 0x00, 0x00, 0x04, 0x00, 0x00, // ................
	0x00, 0x01, 0x00, 0x00, 0x00, 0x03, 0x00, 0x00, 0x00, 0x01, 0x0e, 0x00, 0x00, 0x53, 0x56, 0x5f, // .............SV_
	0x50, 0x4f, 0x53, 0x49, 0x54, 0x49, 0x4f, 0x4e, 0x00, 0x43, 0x4f, 0x4c, 0x4f, 0x52, 0x00, 0x54, // POSITION.COLOR.T
	0x45, 0x58, 0x43, 0x4f, 0x4f, 0x52, 0x44, 0x00, 0x53, 0x56, 0x5f, 0x52, 0x65, 0x6e, 0x64, 0x65, // EXCOORD.SV_Rende
	0x72, 0x54, 0x61, 0x72, 0x67, 0x65, 0x74, 0x41, 0x72, 0x72, 0x61, 0x79, 0x49, 0x6e, 0x64, 0x65, // rTargetArrayInde
	0x78, 0x00, 0xab, 0xab, 0xab, 0x53, 0x48, 0x45, 0x58, 0x24, 0x02, 0x00, 0x00, 0x50, 0x00, 0x01, // x....SHEX$...P..
	0x00, 0x89, 0x00, 0x00, 0x00, 0x6a, 0x08, 0x00, 0x01, 0x59, 0x08, 0x00, 0x04, 0x46, 0x8e, 0x20, // .....j...Y...F. 
	0x00, 0x00, 0x00, 0x00, 0x00, 0x09, 0x00, 0x00, 0x00, 0x5f, 0x00, 0x00, 0x03, 0x72, 0x10, 0x10, // ........._...r..
	0x00, 0x00, 0x00, 0x00, 0x00, 0x5f, 0x00, 0x00, 0x03, 0x72, 0x10, 0x10, 0x00, 0x01, 0x00, 0x00, // ....._...r......
	0x00, 0x5f, 0x00, 0x00, 0x03, 0x32, 0x10, 0x10, 0x00, 0x02, 0x00, 0x00, 0x00, 0x60, 0x00, 0x00, // ._...2.......`..
	0x04, 0x12, 0x10, 0x10, 0x00, 0x03, 0x00, 0x00, 0x00, 0x08, 0x00, 0x00, 0x00, 0x67, 0x00, 0x00, // .............g..
	0x04, 0xf2, 0x20, 0x10, 0x00, 0x00, 0x00, 0x00, 0x00, 0x01, 0x00, 0x00, 0x00, 0x65, 0x00, 0x00, // .. ..........e..
	0x03, 0xf2, 0x20, 0x10, 0x00, 0x01, 0x00, 0x00, 0x00, 0x65, 0x00, 0x00, 0x03, 0x32, 0x20, 0x10, // .. ......e...2 .
	0x00, 0x02, 0x00, 0x00, 0x00, 0x65, 0x00, 0x00, 0x03, 0xc2, 0x20, 0x10, 0x00, 0x02, 0x00, 0x00, // .....e.... .....
	0x00, 0x67, 0x00, 0x00, 0x04, 0x12, 0x20, 0x10, 0x00, 0x03, 0x00, 0x00, 0x00, 0x04, 0x00, 0x00, // .g.... .........
	0x00, 0x68, 0x00, 0x00, 0x02, 0x02, 0x00, 0x00, 0x00, 0x00, 0x00, 0x00, 0x08, 0x12, 0x00, 0x10, // .h..............
	0x00, 0x00, 0x00, 0x00, 0x00, 0x0a, 0x10, 0x10, 0x00, 0x01, 0x00, 0x00, 0x00, 0x0a, 0x80, 0x20, // ............... 
	0x00, 0x00, 0x00, 0x00, 0x00, 0x08, 0x00, 0x00, 0x00, 0x00, 0x00, 0x00, 0x09, 0x22, 0x00, 0x10, // ............."..
	0x00, 0x00, 0x00, 0x00, 0x00, 0x0a, 0x10, 0x10, 0x00, 0x01, 0x00, 0x00, 0x00, 0x0a, 0x80, 0x20, // ............... 
	0x80, 0x41, 0x00, 0x00, 0x00, 0x00, 0x00, 0x00, 0x00, 0x08, 0x00, 0x00, 0x00, 0x37, 0x00, 0x00, // .A...........7..
	0x09, 0x12, 0x00, 0x10, 0x00, 0x00, 0x00, 0x00, 0x00, 0x0a, 0x10, 0x10, 0x00, 0x03, 0x00, 0x00, // ................
	0x00, 0x1a, 0x00, 0x10, 0x00, 0x00, 0x00, 0x00, 0x00, 0x0a, 0x00, 0x10, 0x00, 0x00, 0x00, 0x00, // ................
	0x00, 0x29, 0x00, 0x00, 0x07, 0x22, 0x00, 0x10, 0x00, 0x00, 0x00, 0x00, 0x00, 0x0a, 0x10, 0x10, // .)..."..........
	0x00, 0x03, 0x00, 0x00, 0x00, 0x01, 0x40, 0x00, 0x00, 0x02, 0x00, 0x00, 0x00, 0x38, 0x00, 0x00, // ......@......8..
	0x0a, 0x72, 0x00, 0x10, 0x00, 0x01, 0x00, 0x00, 0x00, 0x56, 0x15, 0x10, 0x00, 0x01, 0x00, 0x00, // .r.......V......
	0x00, 0x46, 0x83, 0x20, 0x06, 0x00, 0x00, 0x00, 0x00, 0x01, 0x00, 0x00, 0x00, 0x1a, 0x00, 0x10, // .F. ............
	0x00, 0x00, 0x00, 0x00, 0x00, 0x32, 0x00, 0x00, 0x0b, 0xd2, 0x00, 0x10, 0x00, 0x00, 0x00, 0x00, // .....2..........
	0x00, 0x06, 0x8d, 0x20, 0x04, 0x00, 0x00, 0x00, 0x00, 0x1a, 0x00, 0x10, 0x00, 0x00, 0x00, 0x00, // ... ............
	0x00, 0x06, 0x00, 0x10, 0x00, 0x00, 0x00, 0x00, 0x00, 0x06, 0x09, 0x10, 0x00, 0x01, 0x00, 0x00, // ................
	0x00, 0x00, 0x00, 0x00, 0x0a, 0xb2, 0x20, 0x10, 0x00, 0x00, 0x00, 0x00, 0x00, 0x86, 0x0c, 0x10, // ...... .........
	0x00, 0x00, 0x00, 0x00, 0x00, 0x46, 0x8c, 0x20, 0x06, 0x00, 0x00, 0x00, 0x00, 0x03, 0x00, 0x00, // .....F. ........
	0x00, 0x1a, 0x00, 0x10, 0x00, 0x00, 0x00, 0x00, 0x00, 0x36, 0x00, 0x00, 0x05, 0x42, 0x20, 0x10, // .........6...B .
	0x00, 0x00, 0x00, 0x00, 0x00, 0x01, 0x40, 0x00, 0x00, 0x00, 0x00, 0x00, 0x00, 0x38, 0x00, 0x00, // ......@......8..
	0x08, 0x72, 0x20, 0x10, 0x00, 0x01, 0x00, 0x00, 0x00, 0x46, 0x12, 0x10, 0x00, 0x00, 0x00, 0x00, // .r ......F......
	0x00, 0xf6, 0x8f, 0x20, 0x00, 0x00, 0x00, 0x00, 0x00, 0x08, 0x00, 0x00, 0x00, 0x36, 0x00, 0x00, // ... .........6..
	0x05, 0x82, 0x20, 0x10, 0x00, 0x01, 0x00, 0x00, 0x00, 0x2a, 0x10, 0x10, 0x00, 0x01, 0x00, 0x00, // .. ......*......
	0x00, 0x36, 0x00, 0x00, 0x05, 0x32, 0x20, 0x10, 0x00, 0x02, 0x00, 0x00, 0x00, 0x46, 0x10, 0x10, // .6...2 ......F..
	0x00, 0x02, 0x00, 0x00, 0x00, 0x36, 0x00, 0x00, 0x05, 0xc2, 0x20, 0x10, 0x00, 0x02, 0x00, 0x00, // .....6.... .....
	0x00, 0x06, 0x14, 0x10, 0x00, 0x01, 0x00, 0x00, 0x00, 0x36, 0x00, 0x00, 0x05, 0x12, 0x20, 0x10, // .........6.... .
	0x00, 0x03, 0x00, 0x00, 0x00, 0x0a, 0x10, 0x10, 0x00, 0x03, 0x00, 0x00, 0x00, 0x3e, 0x00, 0x00, // .............>..
	0x01, 0x53, 0x46, 0x49, 0x30, 0x08, 0x00, 0x00, 0x00, 0x00, 0x20, 0x00, 0x00, 0x00, 0x00, 0x00, // .SFI0..... .....
	0x00, 0x00, 0x03, 0x02, 0x00, 0x01, 0x00, 0x10, 0x00, 0x90, 0x00,                               // ...........
};
static const uint8_t vs_imgui_st_dxil[3303] =
{
	0x56, 0x53, 0x48, 0x0c, 0x00, 0x00, 0x00, 0x00, 0x4f, 0x45, 0x98, 0x49, 0x00, 0x00, 0x00, 0x00, // VSH.....OE.I....
	0x00, 0x00, 0x00, 0x00, 0x02, 0x00, 0x0c, 0x6d, 0x61, 0x74, 0x57, 0x6f, 0x72, 0x6c, 0x64, 0x56, // .......matWorldV
	0x69, 0x65, 0x77, 0x04, 0x02, 0x00, 0x00, 0x08, 0x00, 0x00, 0x00, 0x00, 0x00, 0x11, 0x73, 0x74, // iew...........st
	0x61, 0x74, 0x69, 0x63, 0x43, 0x6f, 0x6c, 0x6f, 0x72, 0x5f, 0x41, 0x6c, 0x70, 0x68, 0x61, 0x02, // aticColor_Alpha.
	0x00, 0x80, 0x00, 0x01, 0x00, 0x00, 0x00, 0x00, 0x00, 0x90, 0x0c, 0x00, 0x00, 0x44, 0x58, 0x42, // .............DXB
	0x43, 0x61, 0x9d, 0x58, 0x40, 0x2b, 0x13, 0x1c, 0x60, 0xe5, 0xfe, 0xf2, 0x15, 0x21, 0x3d, 0xb9, // Ca.X@+..`....!=.
	0x02, 0x01, 0x00, 0x00, 0x00, 0x90, 0x0c, 0x00, 0x00, 0x07, 0x00, 0x00, 0x00, 0x3c, 0x00, 0x00, // .............<..
	0x00, 0x4c, 0x00, 0x00, 0x00, 0x04, 0x01, 0x00, 0x00, 0xec, 0x01, 0x00, 0x00, 0x68, 0x03, 0x00, // .L...........h..
	0x00, 0x9c, 0x03, 0x00, 0x00, 0xb8, 0x03, 0x00, 0x00, 0x53, 0x46, 0x49, 0x30, 0x08, 0x00, 0x00, // .........SFI0...
	0x00, 0x00, 0x20, 0x00, 0x00, 0x00, 0x00, 0x00, 0x00, 0x49, 0x53, 0x47, 0x31, 0xb0, 0x00, 0x00, // .. ......ISG1...
	0x00, 0x04, 0x00, 0x00, 0x00, 0x08, 0x00, 0x00, 0x00, 0x00, 0x00, 0x00, 0x00, 0x88, 0x00, 0x00, // ................
	0x00, 0x00, 0x00, 0x00, 0x00, 0x00, 0x00, 0x00, 0x00, 0x03, 0x00, 0x00, 0x00, 0x00, 0x00, 0x00, // ................
	0x00, 0x07, 0x07, 0x00, 0x00, 0x00, 0x00, 0x00, 0x00, 0x00, 0x00, 0x00, 0x00, 0x8f, 0x00, 0x00, // ................
	0x00, 0x00, 0x00, 0x00, 0x00, 0x00, 0x00, 0x00, 0x00, 0x03, 0x00, 0x00, 0x00, 0x01, 0x00, 0x00, // ................
	0x00, 0x07, 0x07, 0x00, 0x00, 0x00, 0x00, 0x00, 0x00, 0x00, 0x00, 0x00, 0x00, 0x98, 0x00, 0x00, // ................
	0x00, 0x00, 0x00, 0x00, 0x00, 0x00, 0x00, 0x00, 0x00, 0x03, 0x00, 0x00, 0x00, 0x02, 0x00, 0x00, // ................
	0x00, 0x03, 0x03, 0x00, 0x00, 0x00, 0x00, 0x00, 0x00, 0x00, 0x00, 0x00, 0x00, 0xa1, 0x00, 0x00, // ................
	0x00, 0x00, 0x00, 0x00, 0x00, 0x08, 0x00, 0x00, 0x00, 0x01, 0x00, 0x00, 0x00, 0x03, 0x00, 0x00, // ................
	0x00, 0x01, 0x01, 0x00, 0x00, 0x00, 0x00, 0x00, 0x00, 0x4e, 0x4f, 0x52, 0x4d, 0x41, 0x4c, 0x00, // .........NORMAL.
	0x50, 0x4f, 0x53, 0x49, 0x54, 0x49, 0x4f, 0x4e, 0x00, 0x54, 0x45, 0x58, 0x43, 0x4f, 0x4f, 0x52, // POSITION.TEXCOOR
	0x44, 0x00, 0x53, 0x56, 0x5f, 0x49, 0x6e, 0x73, 0x74, 0x61, 0x6e, 0x63, 0x65, 0x49, 0x44, 0x00, // D.SV_InstanceID.
	0x00, 0x4f, 0x53, 0x47, 0x31, 0xe0, 0x00, 0x00, 0x00, 0x05, 0x00, 0x00, 0x00, 0x08, 0x00, 0x00, // .OSG1...........
	0x00, 0x00, 0x00, 0x00, 0x00, 0xa8, 0x00, 0x00, 0x00, 0x00, 0x00, 0x00, 0x00, 0x01, 0x00, 0x00, // ................
	0x00, 0x03, 0x00, 0x00, 0x00, 0x00, 0x00, 0x00, 0x00, 0x0f, 0x00, 0x00, 0x00, 0x00, 0x00, 0x00, // ................
	0x00, 0x00, 0x00, 0x00, 0x00, 0xb4, 0x00, 0x00, 0x00, 0x00, 0x00, 0x00, 0x00, 0x00, 0x00, 0x00, // ................
	0x00, 0x03, 0x00, 0x00, 0x00, 0x01, 0x00, 0x00, 0x00, 0x0f, 0x00, 0x00, 0x00, 0x00, 0x00, 0x00, // ................
	0x00, 0x00, 0x00, 0x00, 0x00, 0xba, 0x00, 0x00, 0x00, 0x00, 0x00, 0x00, 0x00, 0x00, 0x00, 0x00, // ................
	0x00, 0x03, 0x00, 0x00, 0x00, 0x02, 0x00, 0x00, 0x00, 0x03, 0x0c, 0x00, 0x00, 0x00, 0x00, 0x00, // ................
	0x00, 0x00, 0x00, 0x00, 0x00, 0xba, 0x00, 0x00, 0x00, 0x01, 0x00, 0x00, 0x00, 0x00, 0x00, 0x00, // ................
	0x00, 0x03, 0x00, 0x00, 0x00, 0x02, 0x00, 0x00, 0x00, 0x0c, 0x03, 0x00, 0x00, 0x00, 0x00, 0x00, // ................
	0x00, 0x00, 0x00, 0x00, 0x00, 0xc3, 0x00, 0x00, 0x00, 0x00, 0x00, 0x00, 0x00, 0x04, 0x00, 0x00, // ................
	0x00, 0x01, 0x00, 0x00, 0x00, 0x03, 0x00, 0x00, 0x00, 0x01, 0x0e, 0x00, 0x00, 0x00, 0x00, 0x00, // ................
	0x00, 0x53, 0x56, 0x5f, 0x50, 0x6f, 0x73, 0x69, 0x74, 0x69, 0x6f, 0x6e, 0x00, 0x43, 0x4f, 0x4c, // .SV_Position.COL
	0x4f, 0x52, 0x00, 0x54, 0x45, 0x58, 0x43, 0x4f, 0x4f, 0x52, 0x44, 0x00, 0x53, 0x56, 0x5f, 0x52, // OR.TEXCOORD.SV_R
	0x65, 0x6e, 0x64, 0x65, 0x72, 0x54, 0x61, 0x72, 0x67, 0x65, 0x74, 0x41, 0x72, 0x72, 0x61, 0x79, // enderTargetArray
	0x49, 0x6e, 0x64, 0x65, 0x78, 0x00, 0x00, 0x00, 0x00, 0x50, 0x53, 0x56, 0x30, 0x74, 0x01, 0x00, // Index....PSV0t..
	0x00, 0x34, 0x00, 0x00, 0x00, 0x01, 0x00, 0x00, 0x00, 0x00, 0x00, 0x00, 0x00, 0x00, 0x00, 0x00, // .4..............
	0x00, 0x00, 0x00, 0x00, 0x00, 0x00, 0x00, 0x00, 0x00, 0xff, 0xff, 0xff, 0xff, 0x01, 0x00, 0x00, // ................
	0x00, 0x04, 0x05, 0x00, 0x04, 0x04, 0x00, 0x00, 0x00, 0x00, 0x00, 0x00, 0x00, 0x00, 0x00, 0x00, // ................
	0x00, 0x00, 0x00, 0x00, 0x00, 0x32, 0x00, 0x00, 0x00, 0x01, 0x00, 0x00, 0x00, 0x18, 0x00, 0x00, // .....2..........
	0x00, 0x02, 0x00, 0x00, 0x00, 0x00, 0x00, 0x00, 0x00, 0x00, 0x00, 0x00, 0x00, 0x00, 0x00, 0x00, // ................
	0x00, 0x0d, 0x00, 0x00, 0x00, 0x00, 0x00, 0x00, 0x00, 0x38, 0x00, 0x00, 0x00, 0x00, 0x4e, 0x4f, // .........8....NO
	0x52, 0x4d, 0x41, 0x4c, 0x00, 0x50, 0x4f, 0x53, 0x49, 0x54, 0x49, 0x4f, 0x4e, 0x00, 0x54, 0x45, // RMAL.POSITION.TE
	0x58, 0x43, 0x4f, 0x4f, 0x52, 0x44, 0x00, 0x43, 0x4f, 0x4c, 0x4f, 0x52, 0x00, 0x54, 0x45, 0x58, // XCOORD.COLOR.TEX
	0x43, 0x4f, 0x4f, 0x52, 0x44, 0x00, 0x54, 0x45, 0x58, 0x43, 0x4f, 0x4f, 0x52, 0x44, 0x00, 0x6d, // COORD.TEXCOORD.m
	0x61, 0x69, 0x6e, 0x00, 0x00, 0x02, 0x00, 0x00, 0x00, 0x00, 0x00, 0x00, 0x00, 0x01, 0x00, 0x00, // ain.............
	0x00, 0x10, 0x00, 0x00, 0x00, 0x01, 0x00, 0x00, 0x00, 0x00, 0x00, 0x00, 0x00, 0x01, 0x00, 0x43, // ...............C
	0x00, 0x03, 0x00, 0x00, 0x00, 0x08, 0x00, 0x00, 0x00, 0x00, 0x00, 0x00, 0x00, 0x01, 0x01, 0x43, // ...............C
	0x00, 0x03, 0x00, 0x00, 0x00, 0x11, 0x00, 0x00, 0x00, 0x00, 0x00, 0x00, 0x00, 0x01, 0x02, 0x42, // ...............B
	0x00, 0x03, 0x00, 0x00, 0x00, 0x00, 0x00, 0x00, 0x00, 0x00, 0x00, 0x00, 0x00, 0x01, 0x03, 0x41, // ...............A
	0x02, 0x01, 0x00, 0x00, 0x00, 0x00, 0x00, 0x00, 0x00, 0x00, 0x00, 0x00, 0x00, 0x01, 0x00, 0x44, // ...............D
	0x03, 0x03, 0x04, 0x00, 0x00, 0x1a, 0x00, 0x00, 0x00, 0x00, 0x00, 0x00, 0x00, 0x01, 0x01, 0x44, // ...............D
	0x00, 0x03, 0x02, 0x00, 0x00, 0x20, 0x00, 0x00, 0x00, 0x00, 0x00, 0x00, 0x00, 0x01, 0x02, 0x42, // ..... .........B
	0x00, 0x03, 0x02, 0x00, 0x00, 0x29, 0x00, 0x00, 0x00, 0x01, 0x00, 0x00, 0x00, 0x01, 0x02, 0x62, // .....).........b
	0x00, 0x03, 0x02, 0x00, 0x00, 0x00, 0x00, 0x00, 0x00, 0x00, 0x00, 0x00, 0x00, 0x01, 0x03, 0x41, // ...............A
	0x04, 0x01, 0x01, 0x00, 0x00, 0x10, 0x00, 0x00, 0x00, 0x20, 0x00, 0x00, 0x00, 0x40, 0x00, 0x00, // ......... ...@..
	0x00, 0x00, 0x00, 0x00, 0x00, 0x0b, 0x04, 0x00, 0x00, 0x0b, 0x08, 0x00, 0x00, 0x80, 0x00, 0x00, // ................
	0x00, 0x00, 0x00, 0x00, 0x00, 0x00, 0x01, 0x00, 0x00, 0x00, 0x02, 0x00, 0x00, 0x00, 0x00, 0x00, // ................
	0x00, 0x00, 0x00, 0x00, 0x00, 0x0b, 0x10, 0x00, 0x00, 0x00, 0x00, 0x00, 0x00, 0x00, 0x00, 0x00, // ................
	0x00, 0x00, 0x00, 0x00, 0x00, 0x49, 0x4c, 0x44, 0x4e, 0x2c, 0x00, 0x00, 0x00, 0x00, 0x00, 0x24, // .....ILDN,.....$
	0x00, 0x32, 0x62, 0x39, 0x66, 0x30, 0x64, 0x39, 0x30, 0x35, 0x36, 0x64, 0x63, 0x35, 0x65, 0x32, // .2b9f0d9056dc5e2
	0x66, 0x36, 0x33, 0x66, 0x33, 0x33, 0x35, 0x37, 0x63, 0x37, 0x62, 0x61, 0x35, 0x37, 0x62, 0x36, // f63f3357c7ba57b6
	0x64, 0x2e, 0x70, 0x64, 0x62, 0x00, 0x00, 0x00, 0x00, 0x48, 0x41, 0x53, 0x48, 0x14, 0x00, 0x00, // d.pdb....HASH...
	0x00, 0x00, 0x00, 0x00, 0x00, 0x2b, 0x9f, 0x0d, 0x90, 0x56, 0xdc, 0x5e, 0x2f, 0x63, 0xf3, 0x35, // .....+...V.^/c.5
	0x7c, 0x7b, 0xa5, 0x7b, 0x6d, 0x44, 0x58, 0x49, 0x4c, 0xd0, 0x08, 0x00, 0x00, 0x60, 0x00, 0x01, // |{.{mDXIL....`..
	0x00, 0x34, 0x02, 0x00, 0x00, 0x44, 0x58, 0x49, 0x4c, 0x00, 0x01, 0x00, 0x00, 0x10, 0x00, 0x00, // .4...DXIL.......
	0x00, 0xb8, 0x08, 0x00, 0x00, 0x42, 0x43, 0xc0, 0xde, 0x21, 0x0c, 0x00, 0x00, 0x2b, 0x02, 0x00, // .....BC..!...+..
	0x00, 0x0b, 0x82, 0x20, 0x00, 0x02, 0x00, 0x00, 0x00, 0x13, 0x00, 0x00, 0x00, 0x07, 0x81, 0x23, // ... ...........#
	0x91, 0x41, 0xc8, 0x04, 0x49, 0x06, 0x10, 0x32, 0x39, 0x92, 0x01, 0x84, 0x0c, 0x25, 0x05, 0x08, // .A..I..29....%..
	0x19, 0x1e, 0x04, 0x8b, 0x62, 0x80, 0x18, 0x45, 0x02, 0x42, 0x92, 0x0b, 0x42, 0xc4, 0x10, 0x32, // ....b..E.B..B..2
	0x14, 0x38, 0x08, 0x18, 0x4b, 0x0a, 0x32, 0x62, 0x88, 0x48, 0x90, 0x14, 0x20, 0x43, 0x46, 0x88, // .8..K.2b.H.. CF.
	0xa5, 0x00, 0x19, 0x32, 0x42, 0xe4, 0x48, 0x0e, 0x90, 0x11, 0x23, 0xc4, 0x50, 0x41, 0x51, 0x81, // ...2B.H...#.PAQ.
	0x8c, 0xe1, 0x83, 0xe5, 0x8a, 0x04, 0x31, 0x46, 0x06, 0x51, 0x18, 0x00, 0x00, 0x08, 0x00, 0x00, // ......1F.Q......
	0x00, 0x1b, 0x8c, 0xe0, 0xff, 0xff, 0xff, 0xff, 0x07, 0x40, 0x02, 0xa8, 0x0d, 0x84, 0xf0, 0xff, // .........@......
	0xff, 0xff, 0xff, 0x03, 0x20, 0x6d, 0x30, 0x86, 0xff, 0xff, 0xff, 0xff, 0x1f, 0x00, 0x09, 0xa8, // .... m0.........
	0x00, 0x49, 0x18, 0x00, 0x00, 0x03, 0x00, 0x00, 0x00, 0x13, 0x82, 0x60, 0x42, 0x20, 0x4c, 0x08, // .I.........`B L.
	0x06, 0x00, 0x00, 0x00, 0x00, 0x89, 0x20, 0x00, 0x00, 0x2e, 0x00, 0x00, 0x00, 0x32, 0x22, 0x88, // ...... ......2".
	0x09, 0x20, 0x64, 0x85, 0x04, 0x13, 0x23, 0xa4, 0x84, 0x04, 0x13, 0x23, 0xe3, 0x84, 0xa1, 0x90, // . d...#....#....
	0x14, 0x12, 0x4c, 0x8c, 0x8c, 0x0b, 0x84, 0xc4, 0x4c, 0x10, 0x80, 0xc1, 0x08, 0x40, 0x09, 0x00, // ..L.....L....@..
	0x0a, 0x66, 0x00, 0xe6, 0x08, 0xc0, 0x60, 0x8e, 0x00, 0x29, 0xc6, 0x40, 0x10, 0x44, 0x41, 0x90, // .f....`..).@.DA.
	0x51, 0x0c, 0x82, 0x20, 0x88, 0x82, 0x20, 0xa4, 0x18, 0x00, 0x41, 0x10, 0xc5, 0x40, 0x4a, 0x31, // Q.. .. ...A..@J1
	0x00, 0x82, 0x20, 0x0a, 0x82, 0x98, 0xa3, 0x86, 0xcb, 0x9f, 0xb0, 0x87, 0x90, 0x7c, 0x6e, 0xa3, // .. ..........|n.
	0x8a, 0x95, 0x98, 0xfc, 0xe2, 0xb6, 0x11, 0x31, 0x0c, 0xc3, 0x40, 0xc5, 0x3d, 0xc3, 0xe5, 0x4f, // .......1..@.=..O
	0xd8, 0x43, 0x48, 0x7e, 0x08, 0x34, 0xc3, 0x42, 0xa0, 0xe0, 0x29, 0x84, 0x43, 0x40, 0x04, 0x45, // .CH~.4.B..).C@.E
	0xa5, 0x18, 0x88, 0x61, 0x18, 0x68, 0x9a, 0x23, 0x08, 0x8a, 0x01, 0x11, 0x05, 0x41, 0x54, 0x64, // ...a.h.#.....ATd
	0x0d, 0x04, 0x0c, 0x23, 0x10, 0x43, 0x12, 0x64, 0x29, 0xa0, 0xcd, 0x34, 0xa1, 0xc3, 0x3b, 0xcc, // ...#.C.d)..4..;.
	0x03, 0x3d, 0xb0, 0x43, 0x38, 0xe4, 0xc3, 0x3b, 0xd4, 0x03, 0x3d, 0xb8, 0x01, 0x19, 0x9c, 0x02, // .=.C8..;..=.....
	0x3b, 0xbc, 0x83, 0x38, 0x84, 0x03, 0x3b, 0xcc, 0x03, 0x12, 0xb6, 0x8c, 0xb8, 0x7c, 0x20, 0xe6, // ;..8..;......| .
	0x08, 0x40, 0x01, 0x00, 0x00, 0x13, 0x14, 0x72, 0xc0, 0x87, 0x74, 0x60, 0x87, 0x36, 0x68, 0x87, // .@.....r..t`.6h.
	0x79, 0x68, 0x03, 0x72, 0xc0, 0x87, 0x0d, 0xaf, 0x50, 0x0e, 0x6d, 0xd0, 0x0e, 0x7a, 0x50, 0x0e, // yh.r....P.m..zP.
	0x6d, 0x00, 0x0f, 0x7a, 0x30, 0x07, 0x72, 0xa0, 0x07, 0x73, 0x20, 0x07, 0x6d, 0x90, 0x0e, 0x71, // m..z0.r..s .m..q
	0xa0, 0x07, 0x73, 0x20, 0x07, 0x6d, 0x90, 0x0e, 0x78, 0xa0, 0x07, 0x73, 0x20, 0x07, 0x6d, 0x90, // ..s .m..x..s .m.
	0x0e, 0x71, 0x60, 0x07, 0x7a, 0x30, 0x07, 0x72, 0xd0, 0x06, 0xe9, 0x30, 0x07, 0x72, 0xa0, 0x07, // .q`.z0.r...0.r..
	0x73, 0x20, 0x07, 0x6d, 0x90, 0x0e, 0x76, 0x40, 0x07, 0x7a, 0x60, 0x07, 0x74, 0xd0, 0x06, 0xe6, // s .m..v@.z`.t...
	0x10, 0x07, 0x76, 0xa0, 0x07, 0x73, 0x20, 0x07, 0x6d, 0x60, 0x0e, 0x73, 0x20, 0x07, 0x7a, 0x30, // ..v..s .m`.s .z0
	0x07, 0x72, 0xd0, 0x06, 0xe6, 0x60, 0x07, 0x74, 0xa0, 0x07, 0x76, 0x40, 0x07, 0x6d, 0xe0, 0x0e, // .r...`.t..v@.m..
	0x78, 0xa0, 0x07, 0x71, 0x60, 0x07, 0x7a, 0x30, 0x07, 0x72, 0xa0, 0x07, 0x76, 0x40, 0x07, 0x43, // x..q`.z0.r..v@.C
	0x9e, 0x00, 0x00, 0x00, 0x00, 0x00, 0x00, 0x00, 0x00, 0x00, 0x00, 0x00, 0x86, 0x3c, 0x06, 0x10, // .............<..
	0x00, 0x01, 0x00, 0x00, 0x00, 0x00, 0x00, 0x00, 0x00, 0x0c, 0x79, 0x10, 0x20, 0x00, 0x02, 0x00, // ..........y. ...
	0x00, 0x00, 0x00, 0x00, 0x00, 0x00, 0x18, 0xf2, 0x28, 0x40, 0x00, 0x08, 0x00, 0x00, 0x00, 0x00, // ........(@......
	0x00, 0x00, 0x00, 0x30, 0xe4, 0x61, 0x80, 0x00, 0x10, 0x00, 0x00, 0x00, 0x00, 0x00, 0x00, 0x00, // ...0.a..........
	0x60, 0xc8, 0x13, 0x01, 0x01, 0x30, 0x00, 0x00, 0x00, 0x00, 0x00, 0x00, 0x00, 0xc0, 0x90, 0x67, // `....0.........g
	0x02, 0x02, 0x20, 0x00, 0x00, 0x00, 0x00, 0x00, 0x00, 0x00, 0x80, 0x21, 0x8f, 0x05, 0x04, 0xc0, // .. ........!....
	0x00, 0x00, 0x00, 0x00, 0x00, 0x00, 0x00, 0x00, 0x59, 0x20, 0x00, 0x00, 0x00, 0x13, 0x00, 0x00, // ........Y ......
	0x00, 0x32, 0x1e, 0x98, 0x14, 0x19, 0x11, 0x4c, 0x90, 0x8c, 0x09, 0x26, 0x47, 0xc6, 0x04, 0x43, // .2.....L...&G..C
	0x22, 0x4a, 0x60, 0x04, 0xa0, 0x20, 0x8a, 0xa1, 0x40, 0x05, 0xca, 0xa0, 0x1c, 0x8a, 0xa0, 0x3c, // "J`.. ..@......<
	0x0a, 0x81, 0x8a, 0x92, 0x18, 0x01, 0x28, 0x83, 0x22, 0x28, 0x85, 0x12, 0x28, 0x04, 0xfa, 0x0a, // ......(."(..(...
	0x10, 0x81, 0xbc, 0xb1, 0x9e, 0xa6, 0x81, 0xc0, 0x00, 0x14, 0x80, 0x15, 0x0c, 0x56, 0x50, 0x00, // .............VP.
	0x09, 0x00, 0x44, 0x40, 0x08, 0x00, 0x56, 0x90, 0xa0, 0x6e, 0x06, 0x00, 0x00, 0x79, 0x18, 0x00, // ..D@..V..n...y..
	0x00, 0x82, 0x00, 0x00, 0x00, 0x1a, 0x03, 0x4c, 0x90, 0x46, 0x02, 0x13, 0x44, 0x8f, 0x0c, 0x6f, // .......L.F..D..o
	0xec, 0xed, 0x4d, 0x0c, 0x24, 0xc6, 0x05, 0xc7, 0x45, 0xa6, 0x06, 0x46, 0xc6, 0x25, 0x26, 0x06, // ..M.$...E..F.%&.
	0x04, 0x45, 0x66, 0x26, 0x27, 0x47, 0x26, 0xa6, 0x46, 0x46, 0x26, 0x65, 0x43, 0x10, 0x4c, 0x10, // .Ef&'G&.FF&eC.L.
	0x08, 0x64, 0x82, 0x40, 0x24, 0x1b, 0x84, 0x81, 0x98, 0x20, 0x10, 0xca, 0x06, 0x61, 0x30, 0x28, // .d.@$.... ...a0(
	0xd8, 0xcd, 0x4d, 0x10, 0x88, 0x65, 0xc3, 0x80, 0x24, 0xc4, 0x04, 0xa1, 0xdb, 0x08, 0x4c, 0x10, // ..M..e..$.....L.
	0x08, 0x66, 0x03, 0x42, 0x2c, 0x0c, 0x41, 0x0c, 0x0d, 0xb0, 0x21, 0x70, 0x36, 0x10, 0x00, 0xf0, // .f.B,.A...!p6...
	0x00, 0x13, 0x04, 0x4f, 0xdb, 0x10, 0x44, 0x13, 0x04, 0x01, 0x20, 0xd1, 0x16, 0x96, 0xe6, 0x46, // ...O..D... ....F
	0xc3, 0xe9, 0x49, 0xaa, 0x29, 0x88, 0x69, 0x82, 0x50, 0x48, 0x13, 0x84, 0x62, 0xda, 0x10, 0x10, // ..I.).i.PH..b...
	0x13, 0x84, 0x82, 0x9a, 0x20, 0x10, 0xcd, 0x04, 0x81, 0x70, 0x36, 0x08, 0xda, 0xb6, 0x61, 0x21, // .... ....p6...a!
	0x2a, 0xeb, 0xc2, 0xae, 0x21, 0x23, 0x2e, 0x8e, 0x08, 0xd4, 0xd3, 0x54, 0x12, 0x55, 0xd2, 0x93, // *...!#.....T.U..
	0xd3, 0x86, 0x65, 0xf0, 0xac, 0x0b, 0xbb, 0x86, 0x6c, 0xb8, 0xb8, 0x09, 0x02, 0xf1, 0x10, 0xa1, // ..e.....l.......
	0x2a, 0xc2, 0x1a, 0x7a, 0x7a, 0x92, 0x22, 0x9a, 0x20, 0x14, 0xd5, 0x06, 0x41, 0xd3, 0x36, 0x2c, // *..zz.". ...A.6,
	0x60, 0x10, 0x06, 0xd6, 0x85, 0x5d, 0x83, 0x18, 0x80, 0xc1, 0x35, 0x06, 0x6c, 0xa6, 0xac, 0xbe, // `....]....5.l...
	0x92, 0xdc, 0xe6, 0xe8, 0xc2, 0xdc, 0xc6, 0xca, 0x92, 0x88, 0x26, 0x08, 0x85, 0x35, 0x41, 0x28, // ..........&..5A(
	0xae, 0x0d, 0x82, 0x36, 0x6c, 0x58, 0xb4, 0x32, 0x30, 0x03, 0x31, 0xc0, 0xae, 0xe1, 0x0c, 0xb4, // ...6lX.20.1.....
	0x0b, 0x0d, 0x36, 0x10, 0xdd, 0x47, 0x06, 0x69, 0xc0, 0x65, 0xca, 0xea, 0x0b, 0xea, 0x6d, 0x2e, // ..6..G.i.e....m.
	0x8d, 0x2e, 0xed, 0xcd, 0x6d, 0x82, 0x50, 0x60, 0x13, 0x04, 0x02, 0xda, 0x20, 0x68, 0x6d, 0xb0, // ....m.P`.... hm.
	0x61, 0x21, 0xd6, 0xc0, 0xca, 0x30, 0x36, 0x18, 0xd8, 0x80, 0xb8, 0xdc, 0x80, 0xc5, 0xd0, 0x13, // a!...06.........
	0xd3, 0x93, 0xd4, 0x86, 0x65, 0x80, 0x03, 0xeb, 0xc2, 0xc4, 0x60, 0x60, 0x83, 0xe1, 0x72, 0x83, // ....e.....``..r.
	0x0d, 0x0b, 0x18, 0x84, 0x81, 0x75, 0x61, 0x62, 0x30, 0x88, 0x01, 0x18, 0x5c, 0x63, 0xb0, 0x21, // .....uab0....c.!
	0x18, 0x36, 0x2c, 0x5a, 0x18, 0x58, 0xd7, 0x1c, 0x88, 0xc1, 0x20, 0x06, 0x60, 0x20, 0x06, 0x63, // .6,Z.X.... .` .c
	0x30, 0x41, 0x20, 0x22, 0x66, 0x53, 0x56, 0x5f, 0x52, 0x65, 0x6e, 0x64, 0x65, 0x72, 0x54, 0x61, // 0A "fSV_RenderTa
	0x72, 0x67, 0x65, 0x74, 0x41, 0x72, 0x72, 0x61, 0x79, 0x49, 0x6e, 0x64, 0x65, 0x78, 0x1b, 0x96, // rgetArrayIndex..
	0x3a, 0xb0, 0x03, 0x33, 0x60, 0x03, 0xec, 0x0c, 0x86, 0x33, 0xd0, 0x2e, 0x34, 0xd8, 0x50, 0xbc, // :..3`....3..4.P.
	0x41, 0x1c, 0xc8, 0x01, 0x1d, 0xdc, 0xc1, 0x86, 0x41, 0x0d, 0xf0, 0x00, 0x98, 0x20, 0x7c, 0xd9, // A.......A.... |.
	0x06, 0x81, 0xd0, 0x83, 0x0d, 0xc5, 0x44, 0xe5, 0x01, 0xb4, 0x07, 0x55, 0xd8, 0xd8, 0xec, 0xda, // ......D....U....
	0x5c, 0xd2, 0xc8, 0xca, 0xdc, 0xe8, 0xa6, 0x04, 0x41, 0x15, 0x32, 0x3c, 0x17, 0xbb, 0x32, 0xb9, // ........A.2<..2.
	0xb9, 0xb4, 0x37, 0xb7, 0x29, 0x01, 0xd1, 0x84, 0x0c, 0xcf, 0xc5, 0x2e, 0x8c, 0xcd, 0xae, 0x4c, // ..7.)..........L
	0x6e, 0x4a, 0x60, 0xd4, 0x21, 0xc3, 0x73, 0x99, 0x43, 0x0b, 0x23, 0x2b, 0x93, 0x6b, 0x7a, 0x23, // nJ`.!.s.C.#+.kz#
	0x2b, 0x63, 0x9b, 0x12, 0x24, 0x65, 0xc8, 0xf0, 0x5c, 0xe4, 0xca, 0xe6, 0xde, 0xea, 0xe4, 0xc6, // +c..$e..........
	0xca, 0xe6, 0xa6, 0x04, 0x4f, 0x1d, 0x32, 0x3c, 0x17, 0xbb, 0xb4, 0xb2, 0xbb, 0x24, 0xb2, 0x29, // ....O.2<.....$.)
	0xba, 0x30, 0xba, 0xb2, 0x29, 0x41, 0x54, 0x87, 0x0c, 0xcf, 0xa5, 0xcc, 0x8d, 0x4e, 0x2e, 0x0f, // .0..)AT......N..
	0xea, 0x2d, 0xcd, 0x8d, 0x6e, 0x6e, 0x4a, 0xb0, 0x07, 0x00, 0x00, 0x00, 0x00, 0x79, 0x18, 0x00, // .-..nnJ......y..
	0x00, 0x4c, 0x00, 0x00, 0x00, 0x33, 0x08, 0x80, 0x1c, 0xc4, 0xe1, 0x1c, 0x66, 0x14, 0x01, 0x3d, // .L...3......f..=
	0x88, 0x43, 0x38, 0x84, 0xc3, 0x8c, 0x42, 0x80, 0x07, 0x79, 0x78, 0x07, 0x73, 0x98, 0x71, 0x0c, // .C8...B..yx.s.q.
	0xe6, 0x00, 0x0f, 0xed, 0x10, 0x0e, 0xf4, 0x80, 0x0e, 0x33, 0x0c, 0x42, 0x1e, 0xc2, 0xc1, 0x1d, // .........3.B....
	0xce, 0xa1, 0x1c, 0x66, 0x30, 0x05, 0x3d, 0x88, 0x43, 0x38, 0x84, 0x83, 0x1b, 0xcc, 0x03, 0x3d, // ...f0.=.C8.....=
	0xc8, 0x43, 0x3d, 0x8c, 0x03, 0x3d, 0xcc, 0x78, 0x8c, 0x74, 0x70, 0x07, 0x7b, 0x08, 0x07, 0x79, // .C=..=.x.tp.{..y
	0x48, 0x87, 0x70, 0x70, 0x07, 0x7a, 0x70, 0x03, 0x76, 0x78, 0x87, 0x70, 0x20, 0x87, 0x19, 0xcc, // H.pp.zp.vx.p ...
	0x11, 0x0e, 0xec, 0x90, 0x0e, 0xe1, 0x30, 0x0f, 0x6e, 0x30, 0x0f, 0xe3, 0xf0, 0x0e, 0xf0, 0x50, // ......0.n0.....P
	0x0e, 0x33, 0x10, 0xc4, 0x1d, 0xde, 0x21, 0x1c, 0xd8, 0x21, 0x1d, 0xc2, 0x61, 0x1e, 0x66, 0x30, // .3....!..!..a.f0
	0x89, 0x3b, 0xbc, 0x83, 0x3b, 0xd0, 0x43, 0x39, 0xb4, 0x03, 0x3c, 0xbc, 0x83, 0x3c, 0x84, 0x03, // .;..;.C9..<..<..
	0x3b, 0xcc, 0xf0, 0x14, 0x76, 0x60, 0x07, 0x7b, 0x68, 0x07, 0x37, 0x68, 0x87, 0x72, 0x68, 0x07, // ;...v`.{h.7h.rh.
	0x37, 0x80, 0x87, 0x70, 0x90, 0x87, 0x70, 0x60, 0x07, 0x76, 0x28, 0x07, 0x76, 0xf8, 0x05, 0x76, // 7..p..p`.v(.v..v
	0x78, 0x87, 0x77, 0x80, 0x87, 0x5f, 0x08, 0x87, 0x71, 0x18, 0x87, 0x72, 0x98, 0x87, 0x79, 0x98, // x.w.._..q..r..y.
	0x81, 0x2c, 0xee, 0xf0, 0x0e, 0xee, 0xe0, 0x0e, 0xf5, 0xc0, 0x0e, 0xec, 0x30, 0x03, 0x62, 0xc8, // .,..........0.b.
	0xa1, 0x1c, 0xe4, 0xa1, 0x1c, 0xcc, 0xa1, 0x1c, 0xe4, 0xa1, 0x1c, 0xdc, 0x61, 0x1c, 0xca, 0x21, // ............a..!
	0x1c, 0xc4, 0x81, 0x1d, 0xca, 0x61, 0x06, 0xd6, 0x90, 0x43, 0x39, 0xc8, 0x43, 0x39, 0x98, 0x43, // .....a...C9.C9.C
	0x39, 0xc8, 0x43, 0x39, 0xb8, 0xc3, 0x38, 0x94, 0x43, 0x38, 0x88, 0x03, 0x3b, 0x94, 0xc3, 0x2f, // 9.C9..8.C8..;../
	0xbc, 0x83, 0x3c, 0xfc, 0x82, 0x3b, 0xd4, 0x03, 0x3b, 0xb0, 0xc3, 0x0c, 0xc4, 0x21, 0x07, 0x7c, // ..<..;..;....!.|
	0x70, 0x03, 0x7a, 0x28, 0x87, 0x76, 0x80, 0x87, 0x19, 0xd1, 0x43, 0x0e, 0xf8, 0xe0, 0x06, 0xe4, // p.z(.v....C.....
	0x20, 0x0e, 0xe7, 0xe0, 0x06, 0xf6, 0x10, 0x0e, 0xf2, 0xc0, 0x0e, 0xe1, 0x90, 0x0f, 0xef, 0x50, //  ..............P
	0x0f, 0xf4, 0x00, 0x00, 0x00, 0x71, 0x20, 0x00, 0x00, 0x21, 0x00, 0x00, 0x00, 0x56, 0xb0, 0x0d, // .....q ..!...V..
	0x97, 0xef, 0x3c, 0xbe, 0x10, 0x50, 0x45, 0x41, 0x44, 0xa5, 0x03, 0x0c, 0x25, 0x61, 0x00, 0x02, // ..<..PEAD...%a..
	0xe6, 0x17, 0xb7, 0x6d, 0x07, 0xd2, 0x70, 0xf9, 0xce, 0xe3, 0x0b, 0x11, 0x01, 0x4c, 0x44, 0x08, // ...m..p......LD.
	0x34, 0xc3, 0x42, 0x58, 0xc0, 0x34, 0x5c, 0xbe, 0xf3, 0xf8, 0x8b, 0x03, 0x0c, 0x62, 0xf3, 0x50, // 4.BX.4.......b.P
	0x93, 0x5f, 0xdc, 0xb6, 0x09, 0x4c, 0xc3, 0xe5, 0x3b, 0x8f, 0xbf, 0x38, 0xc0, 0x20, 0x36, 0x0f, // ._...L..;..8. 6.
	0x35, 0xf9, 0xc8, 0x6d, 0xdb, 0x40, 0x35, 0x5c, 0xbe, 0xf3, 0xf8, 0xd2, 0xe4, 0x44, 0x04, 0x4a, // 5..m.@5......D.J
	0x4d, 0x0f, 0x35, 0xf9, 0xc5, 0x6d, 0x1b, 0x41, 0x35, 0x5c, 0xbe, 0xf3, 0xf8, 0xd2, 0xe4, 0x44, // M.5..m.A5......D
	0x04, 0x4a, 0x4d, 0x0f, 0x35, 0xf9, 0xc8, 0x6d, 0x9b, 0x81, 0x34, 0x5c, 0xbe, 0xf3, 0xf8, 0x13, // .JM.5..m..4.....
	0x11, 0x4d, 0x08, 0x10, 0x61, 0x7e, 0x71, 0xdb, 0x06, 0x40, 0x30, 0x00, 0xd2, 0x00, 0x00, 0x00, // .M..a~q..@0.....
	0x00, 0x61, 0x20, 0x00, 0x00, 0x8c, 0x00, 0x00, 0x00, 0x13, 0x04, 0x41, 0x2c, 0x10, 0x00, 0x00, // .a ........A,...
	0x00, 0x06, 0x00, 0x00, 0x00, 0x54, 0x8d, 0x00, 0x10, 0x51, 0x72, 0xa5, 0x30, 0x03, 0x50, 0x76, // .....T...Qr.0.Pv
	0xc5, 0x45, 0xc3, 0x08, 0xc0, 0x18, 0x01, 0x08, 0x82, 0x20, 0x08, 0x0a, 0x00, 0x23, 0x06, 0x09, // .E....... ...#..
	0x00, 0x82, 0x60, 0x60, 0x75, 0xc7, 0xb3, 0x6d, 0xc8, 0x88, 0x41, 0x02, 0x80, 0x20, 0x18, 0x20, // ..``u..m..A.. . 
	0x63, 0x40, 0x61, 0x9c, 0x64, 0x8c, 0x18, 0x24, 0x00, 0x08, 0x82, 0x81, 0x51, 0x06, 0xd5, 0xd5, // c@a.d..$....Q...
	0x4d, 0xc7, 0x88, 0x41, 0x02, 0x80, 0x20, 0x18, 0x18, 0x66, 0x60, 0x61, 0x1e, 0x84, 0x8c, 0x18, // M..A.. ..f`a....
	0x24, 0x00, 0x08, 0x82, 0x81, 0x71, 0x06, 0x17, 0x18, 0x7c, 0x55, 0x32, 0x62, 0x90, 0x00, 0x20, // $....q...|U2b.. 
	0x08, 0x06, 0x06, 0x1a, 0x60, 0x61, 0x00, 0x06, 0x92, 0x32, 0x62, 0x90, 0x00, 0x20, 0x08, 0x06, // ....`a...2b.. ..
	0x46, 0x1a, 0x64, 0x62, 0x10, 0x06, 0xd5, 0x32, 0x62, 0x90, 0x00, 0x20, 0x08, 0x06, 0x86, 0x1a, // F.db...2b.. ....
	0x68, 0x62, 0x20, 0x06, 0x18, 0x33, 0x62, 0x90, 0x00, 0x20, 0x08, 0x06, 0xc6, 0x1a, 0x6c, 0x63, // hb ..3b.. ....lc
	0x30, 0x06, 0x55, 0x33, 0x62, 0x90, 0x00, 0x20, 0x08, 0x06, 0x06, 0x1b, 0x70, 0x64, 0x40, 0x06, // 0.U3b.. ....pd@.
	0x98, 0x33, 0xdc, 0x90, 0x94, 0x01, 0x18, 0x8c, 0x18, 0x1c, 0x00, 0x08, 0x82, 0x41, 0xa4, 0x06, // .3...........A..
	0xcf, 0x52, 0x06, 0xa3, 0x09, 0x01, 0x60, 0x4e, 0x10, 0x9f, 0xe9, 0x06, 0x21, 0x20, 0x6c, 0x09, // .R....`N....! l.
	0xe0, 0x53, 0x4f, 0x19, 0xdc, 0x88, 0xc1, 0x01, 0x80, 0x20, 0x18, 0x44, 0x70, 0x50, 0x45, 0xc1, // .SO...... .DpPE.
	0x68, 0x42, 0x00, 0x8c, 0x26, 0x08, 0xc1, 0x68, 0xc2, 0x30, 0x54, 0x11, 0x07, 0x3b, 0x62, 0x70, // hB..&..h.0T..;bp
	0x00, 0x20, 0x08, 0x06, 0x51, 0x1d, 0x68, 0x56, 0x30, 0x9a, 0x10, 0x00, 0xa3, 0x09, 0x42, 0x30, // . ..Q.hV0.....B0
	0x9a, 0x30, 0x0c, 0xa5, 0xc4, 0xc1, 0x8e, 0x18, 0x1c, 0x00, 0x08, 0x82, 0x41, 0xa4, 0x07, 0xdf, // .0..........A...
	0x16, 0x8c, 0x26, 0x04, 0xc0, 0x68, 0x82, 0x10, 0x8c, 0x26, 0x0c, 0x83, 0x35, 0x90, 0x7c, 0x46, // ..&..h...&..5.|F
	0x0c, 0x10, 0x00, 0x04, 0xc1, 0x60, 0xf2, 0x83, 0x31, 0x48, 0xb6, 0xc0, 0x8a, 0x00, 0x3a, 0xf6, // .....`..1H....:.
	0x4c, 0xf2, 0x19, 0x31, 0x40, 0x00, 0x10, 0x04, 0x83, 0x29, 0x14, 0xcc, 0x60, 0xf1, 0x02, 0x0b, // L..1@....)..`...
	0x0e, 0xe8, 0x58, 0x64, 0xc9, 0x67, 0xc4, 0x00, 0x01, 0x40, 0x10, 0x0c, 0x26, 0x52, 0x48, 0x83, // ..Xd.g...@..&RH.
	0x26, 0x0c, 0x02, 0x0b, 0x12, 0xe8, 0x8c, 0x26, 0x74, 0x83, 0x05, 0x62, 0x20, 0x1f, 0x13, 0xc4, // &......&t..b ...
	0x40, 0x3e, 0x36, 0x88, 0x81, 0x7c, 0x46, 0x0c, 0x12, 0x00, 0x04, 0xc1, 0x40, 0x69, 0x05, 0x39, // @>6..|F.....@i.9
	0x38, 0x85, 0x53, 0xe8, 0x83, 0x65, 0xc4, 0x20, 0x01, 0x40, 0x10, 0x0c, 0x94, 0x56, 0x90, 0x83, // 8.S..e. .@...V..
	0x53, 0x38, 0x85, 0x3c, 0x40, 0x46, 0x0c, 0x12, 0x00, 0x04, 0xc1, 0x40, 0x69, 0x05, 0x39, 0x38, // S8.<@F.....@i.98
	0x85, 0x53, 0xd8, 0x03, 0x37, 0x18, 0x31, 0x48, 0x00, 0x10, 0x04, 0x03, 0xa5, 0x15, 0xe4, 0xe0, // .S..7.1H........
	0x14, 0x4e, 0x81, 0x0f, 0x8a, 0x11, 0x83, 0x04, 0x00, 0x41, 0x30, 0x50, 0x5a, 0x41, 0x0e, 0x50, // .N.......A0PZA.P
	0xe1, 0x14, 0xfa, 0x60, 0x18, 0x31, 0x48, 0x00, 0x10, 0x04, 0x03, 0xa5, 0x15, 0xe4, 0x00, 0x15, // ...`.1H.........
	0x4e, 0x21, 0x0f, 0x84, 0x11, 0x83, 0x04, 0x00, 0x41, 0x30, 0x50, 0x5a, 0x41, 0x0e, 0x50, 0xe1, // N!......A0PZA.P.
	0x14, 0xf6, 0x20, 0x18, 0x31, 0x48, 0x00, 0x10, 0x04, 0x03, 0xa5, 0x15, 0xe4, 0x00, 0x15, 0x4e, // .. .1H.........N
	0x81, 0x0f, 0xcc, 0x60, 0xc4, 0x20, 0x01, 0x40, 0x10, 0x0c, 0x94, 0x56, 0x90, 0x83, 0x50, 0x38, // ...`. .@...V..P8
	0x85, 0x3e, 0x50, 0x83, 0x11, 0x83, 0x04, 0x00, 0x41, 0x30, 0x50, 0x5a, 0x41, 0x0e, 0x42, 0xe1, // .>P.....A0PZA.B.
	0x14, 0xf2, 0x20, 0x0d, 0x46, 0x0c, 0x12, 0x00, 0x04, 0xc1, 0x40, 0x69, 0x05, 0x39, 0x18, 0x85, // .. .F.....@i.9..
	0x53, 0xe8, 0x03, 0x34, 0x18, 0x31, 0x48, 0x00, 0x10, 0x04, 0x03, 0xa5, 0x15, 0xe4, 0x60, 0x14, // S..4.1H.......`.
	0x4e, 0x21, 0x0f, 0xce, 0x60, 0xc4, 0x20, 0x01, 0x40, 0x10, 0x0c, 0x18, 0x56, 0x90, 0x83, 0x3f, // N!..`. .@...V..?
	0x38, 0x85, 0x3e, 0x58, 0x03, 0x04, 0x00, 0x00, 0x00, 0x00, 0x00, 0x00, 0x00, 0x00, 0x03, 0x02, // 8.>X............
	0x00, 0x01, 0x00, 0x10, 0x00, 0x90, 0x00,                                                       // .......
};
static const uint8_t vs_imgui_st_spv[2377] =
{
	0x56, 0x53, 0x48, 0x0c, 0x00, 0x00, 0x00, 0x00, 0x4f, 0x45, 0x98, 0x49, 0x00, 0x00, 0x00, 0x00, // VSH.....OE.I....
	0x00, 0x00, 0x00, 0x00, 0x02, 0x00, 0x11, 0x73, 0x74, 0x61, 0x74, 0x69, 0x63, 0x43, 0x6f, 0x6c, // .......staticCol
	0x6f, 0x72, 0x5f, 0x41, 0x6c, 0x70, 0x68, 0x61, 0x02, 0x01, 0x80, 0x00, 0x01, 0x00, 0x00, 0x00, // or_Alpha........
	0x00, 0x00, 0x0c, 0x6d, 0x61, 0x74, 0x57, 0x6f, 0x72, 0x6c, 0x64, 0x56, 0x69, 0x65, 0x77, 0x04, // ...matWorldView.
	0x02, 0x00, 0x00, 0x08, 0x00, 0x00, 0x00, 0x00, 0x00, 0xf0, 0x08, 0x00, 0x00, 0x03, 0x02, 0x23, // ...............#
	0x07, 0x00, 0x00, 0x01, 0x00, 0x0b, 0x00, 0x08, 0x00, 0x17, 0x01, 0x00, 0x00, 0x00, 0x00, 0x00, // ................
	0x00, 0x11, 0x00, 0x02, 0x00, 0x01, 0x00, 0x00, 0x00, 0x11, 0x00, 0x02, 0x00, 0x86, 0x14, 0x00, // ................
	0x00, 0x0a, 0x00, 0x0a, 0x00, 0x53, 0x50, 0x56, 0x5f, 0x45, 0x58, 0x54, 0x5f, 0x73, 0x68, 0x61, // .....SPV_EXT_sha
	0x64, 0x65, 0x72, 0x5f, 0x76, 0x69, 0x65, 0x77, 0x70, 0x6f, 0x72, 0x74, 0x5f, 0x69, 0x6e, 0x64, // der_viewport_ind
	0x65, 0x78, 0x5f, 0x6c, 0x61, 0x79, 0x65, 0x72, 0x00, 0x0b, 0x00, 0x06, 0x00, 0x01, 0x00, 0x00, // ex_layer........
	0x00, 0x47, 0x4c, 0x53, 0x4c, 0x2e, 0x73, 0x74, 0x64, 0x2e, 0x34, 0x35, 0x30, 0x00, 0x00, 0x00, // .GLSL.std.450...
	0x00, 0x0e, 0x00, 0x03, 0x00, 0x00, 0x00, 0x00, 0x00, 0x01, 0x00, 0x00, 0x00, 0x0f, 0x00, 0x0e, // ................
	0x00, 0x00, 0x00, 0x00, 0x00, 0x04, 0x00, 0x00, 0x00, 0x6d, 0x61, 0x69, 0x6e, 0x00, 0x00, 0x00, // .........main...
	0x00, 0x6f, 0x00, 0x00, 0x00, 0x72, 0x00, 0x00, 0x00, 0x76, 0x00, 0x00, 0x00, 0x7a, 0x00, 0x00, // .o...r...v...z..
	0x00, 0x87, 0x00, 0x00, 0x00, 0x8a, 0x00, 0x00, 0x00, 0x8e, 0x00, 0x00, 0x00, 0x91, 0x00, 0x00, // ................
	0x00, 0x95, 0x00, 0x00, 0x00, 0x03, 0x00, 0x03, 0x00, 0x05, 0x00, 0x00, 0x00, 0xf4, 0x01, 0x00, // ................
	0x00, 0x05, 0x00, 0x04, 0x00, 0x04, 0x00, 0x00, 0x00, 0x6d, 0x61, 0x69, 0x6e, 0x00, 0x00, 0x00, // .........main...
	0x00, 0x05, 0x00, 0x06, 0x00, 0x36, 0x00, 0x00, 0x00, 0x55, 0x6e, 0x69, 0x66, 0x6f, 0x72, 0x6d, // .....6...Uniform
	0x42, 0x6c, 0x6f, 0x63, 0x6b, 0x00, 0x00, 0x00, 0x00, 0x06, 0x00, 0x07, 0x00, 0x36, 0x00, 0x00, // Block........6..
	0x00, 0x00, 0x00, 0x00, 0x00, 0x6d, 0x61, 0x74, 0x57, 0x6f, 0x72, 0x6c, 0x64, 0x56, 0x69, 0x65, // .....matWorldVie
	0x77, 0x00, 0x00, 0x00, 0x00, 0x06, 0x00, 0x08, 0x00, 0x36, 0x00, 0x00, 0x00, 0x01, 0x00, 0x00, // w........6......
	0x00, 0x73, 0x74, 0x61, 0x74, 0x69, 0x63, 0x43, 0x6f, 0x6c, 0x6f, 0x72, 0x5f, 0x41, 0x6c, 0x70, // .staticColor_Alp
	0x68, 0x61, 0x00, 0x00, 0x00, 0x05, 0x00, 0x03, 0x00, 0x38, 0x00, 0x00, 0x00, 0x00, 0x00, 0x00, // ha.......8......
	0x00, 0x05, 0x00, 0x05, 0x00, 0x6f, 0x00, 0x00, 0x00, 0x61, 0x5f, 0x6e, 0x6f, 0x72, 0x6d, 0x61, // .....o...a_norma
	0x6c, 0x00, 0x00, 0x00, 0x00, 0x05, 0x00, 0x05, 0x00, 0x72, 0x00, 0x00, 0x00, 0x61, 0x5f, 0x70, // l........r...a_p
	0x6f, 0x73, 0x69, 0x74, 0x69, 0x6f, 0x6e, 0x00, 0x00, 0x05, 0x00, 0x05, 0x00, 0x76, 0x00, 0x00, // osition......v..
	0x00, 0x61, 0x5f, 0x74, 0x65, 0x78, 0x63, 0x6f, 0x6f, 0x72, 0x64, 0x30, 0x00, 0x05, 0x00, 0x06, // .a_texcoord0....
	0x00, 0x7a, 0x00, 0x00, 0x00, 0x67, 0x6c, 0x5f, 0x49, 0x6e, 0x73, 0x74, 0x61, 0x6e, 0x63, 0x65, // .z...gl_Instance
	0x49, 0x44, 0x00, 0x00, 0x00, 0x05, 0x00, 0x0a, 0x00, 0x87, 0x00, 0x00, 0x00, 0x40, 0x65, 0x6e, // ID...........@en
	0x74, 0x72, 0x79, 0x50, 0x6f, 0x69, 0x6e, 0x74, 0x4f, 0x75, 0x74, 0x70, 0x75, 0x74, 0x2e, 0x67, // tryPointOutput.g
	0x6c, 0x5f, 0x50, 0x6f, 0x73, 0x69, 0x74, 0x69, 0x6f, 0x6e, 0x00, 0x00, 0x00, 0x05, 0x00, 0x09, // l_Position......
	0x00, 0x8a, 0x00, 0x00, 0x00, 0x40, 0x65, 0x6e, 0x74, 0x72, 0x79, 0x50, 0x6f, 0x69, 0x6e, 0x74, // .....@entryPoint
	0x4f, 0x75, 0x74, 0x70, 0x75, 0x74, 0x2e, 0x76, 0x5f, 0x63, 0x6f, 0x6c, 0x6f, 0x72, 0x30, 0x00, // Output.v_color0.
	0x00, 0x05, 0x00, 0x0a, 0x00, 0x8e, 0x00, 0x00, 0x00, 0x40, 0x65, 0x6e, 0x74, 0x72, 0x79, 0x50, // .........@entryP
	0x6f, 0x69, 0x6e, 0x74, 0x4f, 0x75, 0x74, 0x70, 0x75, 0x74, 0x2e, 0x76, 0x5f, 0x74, 0x65, 0x78, // ointOutput.v_tex
	0x63, 0x6f, 0x6f, 0x72, 0x64, 0x30, 0x00, 0x00, 0x00, 0x05, 0x00, 0x0a, 0x00, 0x91, 0x00, 0x00, // coord0..........
	0x00, 0x40, 0x65, 0x6e, 0x74, 0x72, 0x79, 0x50, 0x6f, 0x69, 0x6e, 0x74, 0x4f, 0x75, 0x74, 0x70, // .@entryPointOutp
	0x75, 0x74, 0x2e, 0x76, 0x5f, 0x74, 0x65, 0x78, 0x63, 0x6f, 0x6f, 0x72, 0x64, 0x31, 0x00, 0x00, // ut.v_texcoord1..
	0x00, 0x05, 0x00, 0x09, 0x00, 0x95, 0x00, 0x00, 0x00, 0x40, 0x65, 0x6e, 0x74, 0x72, 0x79, 0x50, // .........@entryP
	0x6f, 0x69, 0x6e, 0x74, 0x4f, 0x75, 0x74, 0x70, 0x75, 0x74, 0x2e, 0x67, 0x6c, 0x5f, 0x4c, 0x61, // ointOutput.gl_La
	0x79, 0x65, 0x72, 0x00, 0x00, 0x47, 0x00, 0x04, 0x00, 0x35, 0x00, 0x00, 0x00, 0x06, 0x00, 0x00, // yer..G...5......
	0x00, 0x40, 0x00, 0x00, 0x00, 0x47, 0x00, 0x03, 0x00, 0x36, 0x00, 0x00, 0x00, 0x02, 0x00, 0x00, // .@...G...6......
	0x00, 0x48, 0x00, 0x04, 0x00, 0x36, 0x00, 0x00, 0x00, 0x00, 0x00, 0x00, 0x00, 0x04, 0x00, 0x00, // .H...6..........
	0x00, 0x48, 0x00, 0x05, 0x00, 0x36, 0x00, 0x00, 0x00, 0x00, 0x00, 0x00, 0x00, 0x07, 0x00, 0x00, // .H...6..........
	0x00, 0x10, 0x00, 0x00, 0x00, 0x48, 0x00, 0x05, 0x00, 0x36, 0x00, 0x00, 0x00, 0x00, 0x00, 0x00, // .....H...6......
	0x00, 0x23, 0x00, 0x00, 0x00, 0x00, 0x00, 0x00, 0x00, 0x48, 0x00, 0x05, 0x00, 0x36, 0x00, 0x00, // .#.......H...6..
	0x00, 0x01, 0x00, 0x00, 0x00, 0x23, 0x00, 0x00, 0x00, 0x80, 0x00, 0x00, 0x00, 0x47, 0x00, 0x04, // .....#.......G..
	0x00, 0x38, 0x00, 0x00, 0x00, 0x21, 0x00, 0x00, 0x00, 0x00, 0x00, 0x00, 0x00, 0x47, 0x00, 0x04, // .8...!.......G..
	0x00, 0x38, 0x00, 0x00, 0x00, 0x22, 0x00, 0x00, 0x00, 0x00, 0x00, 0x00, 0x00, 0x47, 0x00, 0x04, // .8...".......G..
	0x00, 0x6f, 0x00, 0x00, 0x00, 0x1e, 0x00, 0x00, 0x00, 0x00, 0x00, 0x00, 0x00, 0x47, 0x00, 0x04, // .o...........G..
	0x00, 0x72, 0x00, 0x00, 0x00, 0x1e, 0x00, 0x00, 0x00, 0x01, 0x00, 0x00, 0x00, 0x47, 0x00, 0x04, // .r...........G..
	0x00, 0x76, 0x00, 0x00, 0x00, 0x1e, 0x00, 0x00, 0x00, 0x02, 0x00, 0x00, 0x00, 0x47, 0x00, 0x04, // .v...........G..
	0x00, 0x7a, 0x00, 0x00, 0x00, 0x0b, 0x00, 0x00, 0x00, 0x2b, 0x00, 0x00, 0x00, 0x47, 0x00, 0x04, // .z.......+...G..
	0x00, 0x87, 0x00, 0x00, 0x00, 0x0b, 0x00, 0x00, 0x00, 0x00, 0x00, 0x00, 0x00, 0x47, 0x00, 0x04, // .............G..
	0x00, 0x8a, 0x00, 0x00, 0x00, 0x1e, 0x00, 0x00, 0x00, 0x00, 0x00, 0x00, 0x00, 0x47, 0x00, 0x04, // .............G..
	0x00, 0x8e, 0x00, 0x00, 0x00, 0x1e, 0x00, 0x00, 0x00, 0x01, 0x00, 0x00, 0x00, 0x47, 0x00, 0x04, // .............G..
	0x00, 0x91, 0x00, 0x00, 0x00, 0x1e, 0x00, 0x00, 0x00, 0x02, 0x00, 0x00, 0x00, 0x47, 0x00, 0x04, // .............G..
	0x00, 0x95, 0x00, 0x00, 0x00, 0x0b, 0x00, 0x00, 0x00, 0x09, 0x00, 0x00, 0x00, 0x13, 0x00, 0x02, // ................
	0x00, 0x02, 0x00, 0x00, 0x00, 0x21, 0x00, 0x03, 0x00, 0x03, 0x00, 0x00, 0x00, 0x02, 0x00, 0x00, // .....!..........
	0x00, 0x16, 0x00, 0x03, 0x00, 0x06, 0x00, 0x00, 0x00, 0x20, 0x00, 0x00, 0x00, 0x17, 0x00, 0x04, // ......... ......
	0x00, 0x07, 0x00, 0x00, 0x00, 0x06, 0x00, 0x00, 0x00, 0x03, 0x00, 0x00, 0x00, 0x17, 0x00, 0x04, // ................
	0x00, 0x09, 0x00, 0x00, 0x00, 0x06, 0x00, 0x00, 0x00, 0x02, 0x00, 0x00, 0x00, 0x15, 0x00, 0x04, // ................
	0x00, 0x0b, 0x00, 0x00, 0x00, 0x20, 0x00, 0x00, 0x00, 0x00, 0x00, 0x00, 0x00, 0x17, 0x00, 0x04, // ..... ..........
	0x00, 0x0d, 0x00, 0x00, 0x00, 0x06, 0x00, 0x00, 0x00, 0x04, 0x00, 0x00, 0x00, 0x15, 0x00, 0x04, // ................
	0x00, 0x18, 0x00, 0x00, 0x00, 0x20, 0x00, 0x00, 0x00, 0x01, 0x00, 0x00, 0x00, 0x2b, 0x00, 0x04, // ..... .......+..
	0x00, 0x18, 0x00, 0x00, 0x00, 0x19, 0x00, 0x00, 0x00, 0x01, 0x00, 0x00, 0x00, 0x2b, 0x00, 0x04, // .............+..
	0x00, 0x06, 0x00, 0x00, 0x00, 0x1a, 0x00, 0x00, 0x00, 0x00, 0x00, 0x80, 0x3f, 0x2b, 0x00, 0x04, // ............?+..
	0x00, 0x06, 0x00, 0x00, 0x00, 0x1b, 0x00, 0x00, 0x00, 0x00, 0x00, 0x00, 0x00, 0x2b, 0x00, 0x04, // .............+..
	0x00, 0x0b, 0x00, 0x00, 0x00, 0x2e, 0x00, 0x00, 0x00, 0x00, 0x00, 0x00, 0x00, 0x14, 0x00, 0x02, // ................
	0x00, 0x2f, 0x00, 0x00, 0x00, 0x18, 0x00, 0x04, 0x00, 0x33, 0x00, 0x00, 0x00, 0x0d, 0x00, 0x00, // ./.......3......
	0x00, 0x04, 0x00, 0x00, 0x00, 0x2b, 0x00, 0x04, 0x00, 0x0b, 0x00, 0x00, 0x00, 0x34, 0x00, 0x00, // .....+.......4..
	0x00, 0x02, 0x00, 0x00, 0x00, 0x1c, 0x00, 0x04, 0x00, 0x35, 0x00, 0x00, 0x00, 0x33, 0x00, 0x00, // .........5...3..
	0x00, 0x34, 0x00, 0x00, 0x00, 0x1e, 0x00, 0x04, 0x00, 0x36, 0x00, 0x00, 0x00, 0x35, 0x00, 0x00, // .4.......6...5..
	0x00, 0x0d, 0x00, 0x00, 0x00, 0x20, 0x00, 0x04, 0x00, 0x37, 0x00, 0x00, 0x00, 0x02, 0x00, 0x00, // ..... ...7......
	0x00, 0x36, 0x00, 0x00, 0x00, 0x3b, 0x00, 0x04, 0x00, 0x37, 0x00, 0x00, 0x00, 0x38, 0x00, 0x00, // .6...;...7...8..
	0x00, 0x02, 0x00, 0x00, 0x00, 0x20, 0x00, 0x04, 0x00, 0x39, 0x00, 0x00, 0x00, 0x02, 0x00, 0x00, // ..... ...9......
	0x00, 0x06, 0x00, 0x00, 0x00, 0x2b, 0x00, 0x04, 0x00, 0x18, 0x00, 0x00, 0x00, 0x4d, 0x00, 0x00, // .....+.......M..
	0x00, 0x00, 0x00, 0x00, 0x00, 0x20, 0x00, 0x04, 0x00, 0x4f, 0x00, 0x00, 0x00, 0x02, 0x00, 0x00, // ..... ...O......
	0x00, 0x33, 0x00, 0x00, 0x00, 0x2b, 0x00, 0x04, 0x00, 0x0b, 0x00, 0x00, 0x00, 0x58, 0x00, 0x00, // .3...+.......X..
	0x00, 0x03, 0x00, 0x00, 0x00, 0x20, 0x00, 0x04, 0x00, 0x6e, 0x00, 0x00, 0x00, 0x01, 0x00, 0x00, // ..... ...n......
	0x00, 0x07, 0x00, 0x00, 0x00, 0x3b, 0x00, 0x04, 0x00, 0x6e, 0x00, 0x00, 0x00, 0x6f, 0x00, 0x00, // .....;...n...o..
	0x00, 0x01, 0x00, 0x00, 0x00, 0x3b, 0x00, 0x04, 0x00, 0x6e, 0x00, 0x00, 0x00, 0x72, 0x00, 0x00, // .....;...n...r..
	0x00, 0x01, 0x00, 0x00, 0x00, 0x20, 0x00, 0x04, 0x00, 0x75, 0x00, 0x00, 0x00, 0x01, 0x00, 0x00, // ..... ...u......
	0x00, 0x09, 0x00, 0x00, 0x00, 0x3b, 0x00, 0x04, 0x00, 0x75, 0x00, 0x00, 0x00, 0x76, 0x00, 0x00, // .....;...u...v..
	0x00, 0x01, 0x00, 0x00, 0x00, 0x20, 0x00, 0x04, 0x00, 0x79, 0x00, 0x00, 0x00, 0x01, 0x00, 0x00, // ..... ...y......
	0x00, 0x0b, 0x00, 0x00, 0x00, 0x3b, 0x00, 0x04, 0x00, 0x79, 0x00, 0x00, 0x00, 0x7a, 0x00, 0x00, // .....;...y...z..
	0x00, 0x01, 0x00, 0x00, 0x00, 0x20, 0x00, 0x04, 0x00, 0x86, 0x00, 0x00, 0x00, 0x03, 0x00, 0x00, // ..... ..........
	0x00, 0x0d, 0x00, 0x00, 0x00, 0x3b, 0x00, 0x04, 0x00, 0x86, 0x00, 0x00, 0x00, 0x87, 0x00, 0x00, // .....;..........
	0x00, 0x03, 0x00, 0x00, 0x00, 0x3b, 0x00, 0x04, 0x00, 0x86, 0x00, 0x00, 0x00, 0x8a, 0x00, 0x00, // .....;..........
	0x00, 0x03, 0x00, 0x00, 0x00, 0x20, 0x00, 0x04, 0x00, 0x8d, 0x00, 0x00, 0x00, 0x03, 0x00, 0x00, // ..... ..........
	0x00, 0x09, 0x00, 0x00, 0x00, 0x3b, 0x00, 0x04, 0x00, 0x8d, 0x00, 0x00, 0x00, 0x8e, 0x00, 0x00, // .....;..........
	0x00, 0x03, 0x00, 0x00, 0x00, 0x3b, 0x00, 0x04, 0x00, 0x8d, 0x00, 0x00, 0x00, 0x91, 0x00, 0x00, // .....;..........
	0x00, 0x03, 0x00, 0x00, 0x00, 0x20, 0x00, 0x04, 0x00, 0x94, 0x00, 0x00, 0x00, 0x03, 0x00, 0x00, // ..... ..........
	0x00, 0x0b, 0x00, 0x00, 0x00, 0x3b, 0x00, 0x04, 0x00, 0x94, 0x00, 0x00, 0x00, 0x95, 0x00, 0x00, // .....;..........
	0x00, 0x03, 0x00, 0x00, 0x00, 0x36, 0x00, 0x05, 0x00, 0x02, 0x00, 0x00, 0x00, 0x04, 0x00, 0x00, // .....6..........
	0x00, 0x00, 0x00, 0x00, 0x00, 0x03, 0x00, 0x00, 0x00, 0xf8, 0x00, 0x02, 0x00, 0x05, 0x00, 0x00, // ................
	0x00, 0x3d, 0x00, 0x04, 0x00, 0x07, 0x00, 0x00, 0x00, 0x70, 0x00, 0x00, 0x00, 0x6f, 0x00, 0x00, // .=.......p...o..
	0x00, 0x3d, 0x00, 0x04, 0x00, 0x07, 0x00, 0x00, 0x00, 0x73, 0x00, 0x00, 0x00, 0x72, 0x00, 0x00, // .=.......s...r..
	0x00, 0x3d, 0x00, 0x04, 0x00, 0x09, 0x00, 0x00, 0x00, 0x77, 0x00, 0x00, 0x00, 0x76, 0x00, 0x00, // .=.......w...v..
	0x00, 0x3d, 0x00, 0x04, 0x00, 0x0b, 0x00, 0x00, 0x00, 0x7b, 0x00, 0x00, 0x00, 0x7a, 0x00, 0x00, // .=.......{...z..
	0x00, 0x4f, 0x00, 0x07, 0x00, 0x09, 0x00, 0x00, 0x00, 0xb2, 0x00, 0x00, 0x00, 0x73, 0x00, 0x00, // .O...........s..
	0x00, 0x73, 0x00, 0x00, 0x00, 0x00, 0x00, 0x00, 0x00, 0x01, 0x00, 0x00, 0x00, 0x51, 0x00, 0x05, // .s...........Q..
	0x00, 0x06, 0x00, 0x00, 0x00, 0xb6, 0x00, 0x00, 0x00, 0x73, 0x00, 0x00, 0x00, 0x00, 0x00, 0x00, // .........s......
	0x00, 0x51, 0x00, 0x05, 0x00, 0x06, 0x00, 0x00, 0x00, 0xb7, 0x00, 0x00, 0x00, 0x73, 0x00, 0x00, // .Q...........s..
	0x00, 0x01, 0x00, 0x00, 0x00, 0x50, 0x00, 0x07, 0x00, 0x0d, 0x00, 0x00, 0x00, 0xb8, 0x00, 0x00, // .....P..........
	0x00, 0xb6, 0x00, 0x00, 0x00, 0xb7, 0x00, 0x00, 0x00, 0x1b, 0x00, 0x00, 0x00, 0x1a, 0x00, 0x00, // ................
	0x00, 0xaa, 0x00, 0x05, 0x00, 0x2f, 0x00, 0x00, 0x00, 0xba, 0x00, 0x00, 0x00, 0x7b, 0x00, 0x00, // ...../.......{..
	0x00, 0x2e, 0x00, 0x00, 0x00, 0xf7, 0x00, 0x03, 0x00, 0xc9, 0x00, 0x00, 0x00, 0x00, 0x00, 0x00, // ................
	0x00, 0xfa, 0x00, 0x04, 0x00, 0xba, 0x00, 0x00, 0x00, 0xbb, 0x00, 0x00, 0x00, 0xc2, 0x00, 0x00, // ................
	0x00, 0xf8, 0x00, 0x02, 0x00, 0xbb, 0x00, 0x00, 0x00, 0x41, 0x00, 0x06, 0x00, 0x39, 0x00, 0x00, // .........A...9..
	0x00, 0xbc, 0x00, 0x00, 0x00, 0x38, 0x00, 0x00, 0x00, 0x19, 0x00, 0x00, 0x00, 0x2e, 0x00, 0x00, // .....8..........
	0x00, 0x3d, 0x00, 0x04, 0x00, 0x06, 0x00, 0x00, 0x00, 0xbd, 0x00, 0x00, 0x00, 0xbc, 0x00, 0x00, // .=..............
	0x00, 0x81, 0x00, 0x05, 0x00, 0x06, 0x00, 0x00, 0x00, 0xc0, 0x00, 0x00, 0x00, 0xb6, 0x00, 0x00, // ................
	0x00, 0xbd, 0x00, 0x00, 0x00, 0x52, 0x00, 0x06, 0x00, 0x0d, 0x00, 0x00, 0x00, 0x0e, 0x01, 0x00, // .....R..........
	0x00, 0xc0, 0x00, 0x00, 0x00, 0xb8, 0x00, 0x00, 0x00, 0x00, 0x00, 0x00, 0x00, 0xf9, 0x00, 0x02, // ................
	0x00, 0xc9, 0x00, 0x00, 0x00, 0xf8, 0x00, 0x02, 0x00, 0xc2, 0x00, 0x00, 0x00, 0x41, 0x00, 0x06, // .............A..
	0x00, 0x39, 0x00, 0x00, 0x00, 0xc3, 0x00, 0x00, 0x00, 0x38, 0x00, 0x00, 0x00, 0x19, 0x00, 0x00, // .9.......8......
	0x00, 0x2e, 0x00, 0x00, 0x00, 0x3d, 0x00, 0x04, 0x00, 0x06, 0x00, 0x00, 0x00, 0xc4, 0x00, 0x00, // .....=..........
	0x00, 0xc3, 0x00, 0x00, 0x00, 0x83, 0x00, 0x05, 0x00, 0x06, 0x00, 0x00, 0x00, 0xc7, 0x00, 0x00, // ................
	0x00, 0xb6, 0x00, 0x00, 0x00, 0xc4, 0x00, 0x00, 0x00, 0x52, 0x00, 0x06, 0x00, 0x0d, 0x00, 0x00, // .........R......
	0x00, 0x11, 0x01, 0x00, 0x00, 0xc7, 0x00, 0x00, 0x00, 0xb8, 0x00, 0x00, 0x00, 0x00, 0x00, 0x00, // ................
	0x00, 0xf9, 0x00, 0x02, 0x00, 0xc9, 0x00, 0x00, 0x00, 0xf8, 0x00, 0x02, 0x00, 0xc9, 0x00, 0x00, // ................
	0x00, 0xf5, 0x00, 0x07, 0x00, 0x0d, 0x00, 0x00, 0x00, 0x16, 0x01, 0x00, 0x00, 0x0e, 0x01, 0x00, // ................
	0x00, 0xbb, 0x00, 0x00, 0x00, 0x11, 0x01, 0x00, 0x00, 0xc2, 0x00, 0x00, 0x00, 0x41, 0x00, 0x06, // .............A..
	0x00, 0x4f, 0x00, 0x00, 0x00, 0xce, 0x00, 0x00, 0x00, 0x38, 0x00, 0x00, 0x00, 0x4d, 0x00, 0x00, // .O.......8...M..
	0x00, 0x7b, 0x00, 0x00, 0x00, 0x3d, 0x00, 0x04, 0x00, 0x33, 0x00, 0x00, 0x00, 0xcf, 0x00, 0x00, // .{...=...3......
	0x00, 0xce, 0x00, 0x00, 0x00, 0x90, 0x00, 0x05, 0x00, 0x0d, 0x00, 0x00, 0x00, 0xd0, 0x00, 0x00, // ................
	0x00, 0x16, 0x01, 0x00, 0x00, 0xcf, 0x00, 0x00, 0x00, 0x51, 0x00, 0x05, 0x00, 0x06, 0x00, 0x00, // .........Q......
	0x00, 0xd2, 0x00, 0x00, 0x00, 0xd0, 0x00, 0x00, 0x00, 0x00, 0x00, 0x00, 0x00, 0x51, 0x00, 0x05, // .............Q..
	0x00, 0x06, 0x00, 0x00, 0x00, 0xd4, 0x00, 0x00, 0x00, 0xd0, 0x00, 0x00, 0x00, 0x01, 0x00, 0x00, // ................
	0x00, 0x51, 0x00, 0x05, 0x00, 0x06, 0x00, 0x00, 0x00, 0xd6, 0x00, 0x00, 0x00, 0xd0, 0x00, 0x00, // .Q..............
	0x00, 0x03, 0x00, 0x00, 0x00, 0x50, 0x00, 0x07, 0x00, 0x0d, 0x00, 0x00, 0x00, 0xd7, 0x00, 0x00, // .....P..........
	0x00, 0xd2, 0x00, 0x00, 0x00, 0xd4, 0x00, 0x00, 0x00, 0x1b, 0x00, 0x00, 0x00, 0xd6, 0x00, 0x00, // ................
	0x00, 0x41, 0x00, 0x06, 0x00, 0x39, 0x00, 0x00, 0x00, 0xdb, 0x00, 0x00, 0x00, 0x38, 0x00, 0x00, // .A...9.......8..
	0x00, 0x19, 0x00, 0x00, 0x00, 0x58, 0x00, 0x00, 0x00, 0x3d, 0x00, 0x04, 0x00, 0x06, 0x00, 0x00, // .....X...=......
	0x00, 0xdc, 0x00, 0x00, 0x00, 0xdb, 0x00, 0x00, 0x00, 0x8e, 0x00, 0x05, 0x00, 0x07, 0x00, 0x00, // ................
	0x00, 0xde, 0x00, 0x00, 0x00, 0x70, 0x00, 0x00, 0x00, 0xdc, 0x00, 0x00, 0x00, 0x51, 0x00, 0x05, // .....p.......Q..
	0x00, 0x06, 0x00, 0x00, 0x00, 0xe0, 0x00, 0x00, 0x00, 0x73, 0x00, 0x00, 0x00, 0x02, 0x00, 0x00, // .........s......
	0x00, 0x51, 0x00, 0x05, 0x00, 0x06, 0x00, 0x00, 0x00, 0xe1, 0x00, 0x00, 0x00, 0xde, 0x00, 0x00, // .Q..............
	0x00, 0x00, 0x00, 0x00, 0x00, 0x51, 0x00, 0x05, 0x00, 0x06, 0x00, 0x00, 0x00, 0xe2, 0x00, 0x00, // .....Q..........
	0x00, 0xde, 0x00, 0x00, 0x00, 0x01, 0x00, 0x00, 0x00, 0x51, 0x00, 0x05, 0x00, 0x06, 0x00, 0x00, // .........Q......
	0x00, 0xe3, 0x00, 0x00, 0x00, 0xde, 0x00, 0x00, 0x00, 0x02, 0x00, 0x00, 0x00, 0x50, 0x00, 0x07, // .............P..
	0x00, 0x0d, 0x00, 0x00, 0x00, 0xe4, 0x00, 0x00, 0x00, 0xe1, 0x00, 0x00, 0x00, 0xe2, 0x00, 0x00, // ................
	0x00, 0xe3, 0x00, 0x00, 0x00, 0xe0, 0x00, 0x00, 0x00, 0x3e, 0x00, 0x03, 0x00, 0x87, 0x00, 0x00, // .........>......
	0x00, 0xd7, 0x00, 0x00, 0x00, 0x3e, 0x00, 0x03, 0x00, 0x8a, 0x00, 0x00, 0x00, 0xe4, 0x00, 0x00, // .....>..........
	0x00, 0x3e, 0x00, 0x03, 0x00, 0x8e, 0x00, 0x00, 0x00, 0x77, 0x00, 0x00, 0x00, 0x3e, 0x00, 0x03, // .>.......w...>..
	0x00, 0x91, 0x00, 0x00, 0x00, 0xb2, 0x00, 0x00, 0x00, 0x3e, 0x00, 0x03, 0x00, 0x95, 0x00, 0x00, // .........>......
	0x00, 0x7b, 0x00, 0x00, 0x00, 0xfd, 0x00, 0x01, 0x00, 0x38, 0x00, 0x01, 0x00, 0x00, 0x04, 0x02, // .{.......8......
	0x00, 0x01, 0x00, 0x10, 0x00, 0xff, 0xff, 0x90, 0x00,                                           // .........
};
static const bgfx::EmbeddedShader vs_imgui_st = BGFX_EMBEDDED_SHADER(vs_imgui_st);

//////////////////////////////////////////////////////////////////////////////////////////////////////////////////////
// Build of fragment shader from fs_imgui.sc to fs_imgui_st with options: STEREO
static const uint8_t fs_imgui_st_mtl[963] =
{
	0x46, 0x53, 0x48, 0x0c, 0x4f, 0x45, 0x98, 0x49, 0x00, 0x00, 0x00, 0x00, 0x00, 0x00, 0x00, 0x00, // FSH.OE.I........
	0x00, 0x00, 0x00, 0x00, 0x04, 0x00, 0x15, 0x74, 0x65, 0x78, 0x5f, 0x62, 0x61, 0x73, 0x65, 0x5f, // .......tex_base_
	0x63, 0x6f, 0x6c, 0x6f, 0x72, 0x53, 0x61, 0x6d, 0x70, 0x6c, 0x65, 0x72, 0x11, 0x01, 0xff, 0xff, // colorSampler....
	0x01, 0x00, 0x00, 0x00, 0x00, 0x00, 0x15, 0x74, 0x65, 0x78, 0x5f, 0x62, 0x61, 0x73, 0x65, 0x5f, // .......tex_base_
	0x63, 0x6f, 0x6c, 0x6f, 0x72, 0x54, 0x65, 0x78, 0x74, 0x75, 0x72, 0x65, 0x11, 0x01, 0xff, 0xff, // colorTexture....
	0x01, 0x00, 0x00, 0x00, 0x00, 0x00, 0x0a, 0x63, 0x6c, 0x69, 0x70, 0x5f, 0x70, 0x6c, 0x61, 0x6e, // .......clip_plan
	0x65, 0x12, 0x01, 0x00, 0x00, 0x01, 0x00, 0x00, 0x00, 0x00, 0x00, 0x0e, 0x74, 0x65, 0x78, 0x5f, // e...........tex_
	0x62, 0x61, 0x73, 0x65, 0x5f, 0x63, 0x6f, 0x6c, 0x6f, 0x72, 0x10, 0x00, 0x00, 0x00, 0x00, 0x00, // base_color......
	0x00, 0x02, 0x00, 0x00, 0x37, 0x03, 0x00, 0x00, 0x23, 0x69, 0x6e, 0x63, 0x6c, 0x75, 0x64, 0x65, // ....7...#include
	0x20, 0x3c, 0x6d, 0x65, 0x74, 0x61, 0x6c, 0x5f, 0x73, 0x74, 0x64, 0x6c, 0x69, 0x62, 0x3e, 0x0a, //  <metal_stdlib>.
	0x23, 0x69, 0x6e, 0x63, 0x6c, 0x75, 0x64, 0x65, 0x20, 0x3c, 0x73, 0x69, 0x6d, 0x64, 0x2f, 0x73, // #include <simd/s
	0x69, 0x6d, 0x64, 0x2e, 0x68, 0x3e, 0x0a, 0x0a, 0x75, 0x73, 0x69, 0x6e, 0x67, 0x20, 0x6e, 0x61, // imd.h>..using na
	0x6d, 0x65, 0x73, 0x70, 0x61, 0x63, 0x65, 0x20, 0x6d, 0x65, 0x74, 0x61, 0x6c, 0x3b, 0x0a, 0x0a, // mespace metal;..
	0x73, 0x74, 0x72, 0x75, 0x63, 0x74, 0x20, 0x5f, 0x47, 0x6c, 0x6f, 0x62, 0x61, 0x6c, 0x0a, 0x7b, // struct _Global.{
	0x0a, 0x20, 0x20, 0x20, 0x20, 0x66, 0x6c, 0x6f, 0x61, 0x74, 0x34, 0x20, 0x63, 0x6c, 0x69, 0x70, // .    float4 clip
	0x5f, 0x70, 0x6c, 0x61, 0x6e, 0x65, 0x3b, 0x0a, 0x7d, 0x3b, 0x0a, 0x0a, 0x73, 0x74, 0x72, 0x75, // _plane;.};..stru
	0x63, 0x74, 0x20, 0x78, 0x6c, 0x61, 0x74, 0x4d, 0x74, 0x6c, 0x4d, 0x61, 0x69, 0x6e, 0x5f, 0x6f, // ct xlatMtlMain_o
	0x75, 0x74, 0x0a, 0x7b, 0x0a, 0x20, 0x20, 0x20, 0x20, 0x66, 0x6c, 0x6f, 0x61, 0x74, 0x34, 0x20, // ut.{.    float4 
	0x62, 0x67, 0x66, 0x78, 0x5f, 0x46, 0x72, 0x61, 0x67, 0x44, 0x61, 0x74, 0x61, 0x30, 0x20, 0x5b, // bgfx_FragData0 [
	0x5b, 0x63, 0x6f, 0x6c, 0x6f, 0x72, 0x28, 0x30, 0x29, 0x5d, 0x5d, 0x3b, 0x0a, 0x7d, 0x3b, 0x0a, // [color(0)]];.};.
	0x0a, 0x73, 0x74, 0x72, 0x75, 0x63, 0x74, 0x20, 0x78, 0x6c, 0x61, 0x74, 0x4d, 0x74, 0x6c, 0x4d, // .struct xlatMtlM
	0x61, 0x69, 0x6e, 0x5f, 0x69, 0x6e, 0x0a, 0x7b, 0x0a, 0x20, 0x20, 0x20, 0x20, 0x66, 0x6c, 0x6f, // ain_in.{.    flo
	0x61, 0x74, 0x34, 0x20, 0x76, 0x5f, 0x63, 0x6f, 0x6c, 0x6f, 0x72, 0x30, 0x20, 0x5b, 0x5b, 0x75, // at4 v_color0 [[u
	0x73, 0x65, 0x72, 0x28, 0x6c, 0x6f, 0x63, 0x6e, 0x30, 0x29, 0x5d, 0x5d, 0x3b, 0x0a, 0x20, 0x20, // ser(locn0)]];.  
	0x20, 0x20, 0x66, 0x6c, 0x6f, 0x61, 0x74, 0x32, 0x20, 0x76, 0x5f, 0x74, 0x65, 0x78, 0x63, 0x6f, //   float2 v_texco
	0x6f, 0x72, 0x64, 0x30, 0x20, 0x5b, 0x5b, 0x75, 0x73, 0x65, 0x72, 0x28, 0x6c, 0x6f, 0x63, 0x6e, // ord0 [[user(locn
	0x31, 0x29, 0x5d, 0x5d, 0x3b, 0x0a, 0x20, 0x20, 0x20, 0x20, 0x66, 0x6c, 0x6f, 0x61, 0x74, 0x32, // 1)]];.    float2
	0x20, 0x76, 0x5f, 0x74, 0x65, 0x78, 0x63, 0x6f, 0x6f, 0x72, 0x64, 0x31, 0x20, 0x5b, 0x5b, 0x75, //  v_texcoord1 [[u
	0x73, 0x65, 0x72, 0x28, 0x6c, 0x6f, 0x63, 0x6e, 0x32, 0x29, 0x5d, 0x5d, 0x3b, 0x0a, 0x7d, 0x3b, // ser(locn2)]];.};
	0x0a, 0x0a, 0x66, 0x72, 0x61, 0x67, 0x6d, 0x65, 0x6e, 0x74, 0x20, 0x78, 0x6c, 0x61, 0x74, 0x4d, // ..fragment xlatM
	0x74, 0x6c, 0x4d, 0x61, 0x69, 0x6e, 0x5f, 0x6f, 0x75, 0x74, 0x20, 0x78, 0x6c, 0x61, 0x74, 0x4d, // tlMain_out xlatM
	0x74, 0x6c, 0x4d, 0x61, 0x69, 0x6e, 0x28, 0x78, 0x6c, 0x61, 0x74, 0x4d, 0x74, 0x6c, 0x4d, 0x61, // tlMain(xlatMtlMa
	0x69, 0x6e, 0x5f, 0x69, 0x6e, 0x20, 0x69, 0x6e, 0x20, 0x5b, 0x5b, 0x73, 0x74, 0x61, 0x67, 0x65, // in_in in [[stage
	0x5f, 0x69, 0x6e, 0x5d, 0x5d, 0x2c, 0x20, 0x63, 0x6f, 0x6e, 0x73, 0x74, 0x61, 0x6e, 0x74, 0x20, // _in]], constant 
	0x5f, 0x47, 0x6c, 0x6f, 0x62, 0x61, 0x6c, 0x26, 0x20, 0x5f, 0x6d, 0x74, 0x6c, 0x5f, 0x75, 0x20, // _Global& _mtl_u 
	0x5b, 0x5b, 0x62, 0x75, 0x66, 0x66, 0x65, 0x72, 0x28, 0x30, 0x29, 0x5d, 0x5d, 0x2c, 0x20, 0x74, // [[buffer(0)]], t
	0x65, 0x78, 0x74, 0x75, 0x72, 0x65, 0x32, 0x64, 0x3c, 0x66, 0x6c, 0x6f, 0x61, 0x74, 0x3e, 0x20, // exture2d<float> 
	0x74, 0x65, 0x78, 0x5f, 0x62, 0x61, 0x73, 0x65, 0x5f, 0x63, 0x6f, 0x6c, 0x6f, 0x72, 0x20, 0x5b, // tex_base_color [
	0x5b, 0x74, 0x65, 0x78, 0x74, 0x75, 0x72, 0x65, 0x28, 0x30, 0x29, 0x5d, 0x5d, 0x2c, 0x20, 0x73, // [texture(0)]], s
	0x61, 0x6d, 0x70, 0x6c, 0x65, 0x72, 0x20, 0x74, 0x65, 0x78, 0x5f, 0x62, 0x61, 0x73, 0x65, 0x5f, // ampler tex_base_
	0x63, 0x6f, 0x6c, 0x6f, 0x72, 0x53, 0x61, 0x6d, 0x70, 0x6c, 0x65, 0x72, 0x20, 0x5b, 0x5b, 0x73, // colorSampler [[s
	0x61, 0x6d, 0x70, 0x6c, 0x65, 0x72, 0x28, 0x30, 0x29, 0x5d, 0x5d, 0x29, 0x0a, 0x7b, 0x0a, 0x20, // ampler(0)]]).{. 
	0x20, 0x20, 0x20, 0x78, 0x6c, 0x61, 0x74, 0x4d, 0x74, 0x6c, 0x4d, 0x61, 0x69, 0x6e, 0x5f, 0x6f, //    xlatMtlMain_o
	0x75, 0x74, 0x20, 0x6f, 0x75, 0x74, 0x20, 0x3d, 0x20, 0x7b, 0x7d, 0x3b, 0x0a, 0x20, 0x20, 0x20, // ut out = {};.   
	0x20, 0x69, 0x66, 0x20, 0x28, 0x61, 0x6e, 0x79, 0x28, 0x69, 0x6e, 0x2e, 0x76, 0x5f, 0x74, 0x65, //  if (any(in.v_te
	0x78, 0x63, 0x6f, 0x6f, 0x72, 0x64, 0x31, 0x20, 0x3c, 0x20, 0x5f, 0x6d, 0x74, 0x6c, 0x5f, 0x75, // xcoord1 < _mtl_u
	0x2e, 0x63, 0x6c, 0x69, 0x70, 0x5f, 0x70, 0x6c, 0x61, 0x6e, 0x65, 0x2e, 0x78, 0x79, 0x29, 0x20, // .clip_plane.xy) 
	0x7c, 0x7c, 0x20, 0x61, 0x6e, 0x79, 0x28, 0x69, 0x6e, 0x2e, 0x76, 0x5f, 0x74, 0x65, 0x78, 0x63, // || any(in.v_texc
	0x6f, 0x6f, 0x72, 0x64, 0x31, 0x20, 0x3e, 0x20, 0x5f, 0x6d, 0x74, 0x6c, 0x5f, 0x75, 0x2e, 0x63, // oord1 > _mtl_u.c
	0x6c, 0x69, 0x70, 0x5f, 0x70, 0x6c, 0x61, 0x6e, 0x65, 0x2e, 0x7a, 0x77, 0x29, 0x29, 0x0a, 0x20, // lip_plane.zw)). 
	0x20, 0x20, 0x20, 0x7b, 0x0a, 0x20, 0x20, 0x20, 0x20, 0x20, 0x20, 0x20, 0x20, 0x64, 0x69, 0x73, //    {.        dis
	0x63, 0x61, 0x72, 0x64, 0x5f, 0x66, 0x72, 0x61, 0x67, 0x6d, 0x65, 0x6e, 0x74, 0x28, 0x29, 0x3b, // card_fragment();
	0x0a, 0x20, 0x20, 0x20, 0x20, 0x7d, 0x0a, 0x20, 0x20, 0x20, 0x20, 0x6f, 0x75, 0x74, 0x2e, 0x62, // .    }.    out.b
	0x67, 0x66, 0x78, 0x5f, 0x46, 0x72, 0x61, 0x67, 0x44, 0x61, 0x74, 0x61, 0x30, 0x20, 0x3d, 0x20, // gfx_FragData0 = 
	0x74, 0x65, 0x78, 0x5f, 0x62, 0x61, 0x73, 0x65, 0x5f, 0x63, 0x6f, 0x6c, 0x6f, 0x72, 0x2e, 0x73, // tex_base_color.s
	0x61, 0x6d, 0x70, 0x6c, 0x65, 0x28, 0x74, 0x65, 0x78, 0x5f, 0x62, 0x61, 0x73, 0x65, 0x5f, 0x63, // ample(tex_base_c
	0x6f, 0x6c, 0x6f, 0x72, 0x53, 0x61, 0x6d, 0x70, 0x6c, 0x65, 0x72, 0x2c, 0x20, 0x69, 0x6e, 0x2e, // olorSampler, in.
	0x76, 0x5f, 0x74, 0x65, 0x78, 0x63, 0x6f, 0x6f, 0x72, 0x64, 0x30, 0x29, 0x20, 0x2a, 0x20, 0x69, // v_texcoord0) * i
	0x6e, 0x2e, 0x76, 0x5f, 0x63, 0x6f, 0x6c, 0x6f, 0x72, 0x30, 0x3b, 0x0a, 0x20, 0x20, 0x20, 0x20, // n.v_color0;.    
	0x72, 0x65, 0x74, 0x75, 0x72, 0x6e, 0x20, 0x6f, 0x75, 0x74, 0x3b, 0x0a, 0x7d, 0x0a, 0x0a, 0x00, // return out;.}...
	0x00, 0x30, 0x00,                                                                               // .0.
};
static const uint8_t fs_imgui_st_essl[650] =
{
	0x46, 0x53, 0x48, 0x0c, 0x4f, 0x45, 0x98, 0x49, 0x00, 0x00, 0x00, 0x00, 0x00, 0x00, 0x00, 0x00, // FSH.OE.I........
	0x00, 0x00, 0x00, 0x00, 0x02, 0x00, 0x0a, 0x63, 0x6c, 0x69, 0x70, 0x5f, 0x70, 0x6c, 0x61, 0x6e, // .......clip_plan
	0x65, 0x02, 0x01, 0x00, 0x00, 0x01, 0x00, 0x00, 0x00, 0x00, 0x00, 0x0e, 0x74, 0x65, 0x78, 0x5f, // e...........tex_
	0x62, 0x61, 0x73, 0x65, 0x5f, 0x63, 0x6f, 0x6c, 0x6f, 0x72, 0x00, 0x01, 0x00, 0x00, 0x01, 0x00, // base_color......
	0x00, 0x02, 0x00, 0x00, 0x41, 0x02, 0x00, 0x00, 0x70, 0x72, 0x65, 0x63, 0x69, 0x73, 0x69, 0x6f, // ....A...precisio
	0x6e, 0x20, 0x6d, 0x65, 0x64, 0x69, 0x75, 0x6d, 0x70, 0x20, 0x66, 0x6c, 0x6f, 0x61, 0x74, 0x3b, // n mediump float;
	0x0a, 0x70, 0x72, 0x65, 0x63, 0x69, 0x73, 0x69, 0x6f, 0x6e, 0x20, 0x68, 0x69, 0x67, 0x68, 0x70, // .precision highp
	0x20, 0x69, 0x6e, 0x74, 0x3b, 0x0a, 0x0a, 0x75, 0x6e, 0x69, 0x66, 0x6f, 0x72, 0x6d, 0x20, 0x68, //  int;..uniform h
	0x69, 0x67, 0x68, 0x70, 0x20, 0x76, 0x65, 0x63, 0x34, 0x20, 0x63, 0x6c, 0x69, 0x70, 0x5f, 0x70, // ighp vec4 clip_p
	0x6c, 0x61, 0x6e, 0x65, 0x3b, 0x0a, 0x75, 0x6e, 0x69, 0x66, 0x6f, 0x72, 0x6d, 0x20, 0x68, 0x69, // lane;.uniform hi
	0x67, 0x68, 0x70, 0x20, 0x73, 0x61, 0x6d, 0x70, 0x6c, 0x65, 0x72, 0x32, 0x44, 0x20, 0x74, 0x65, // ghp sampler2D te
	0x78, 0x5f, 0x62, 0x61, 0x73, 0x65, 0x5f, 0x63, 0x6f, 0x6c, 0x6f, 0x72, 0x3b, 0x0a, 0x0a, 0x69, // x_base_color;..i
	0x6e, 0x20, 0x68, 0x69, 0x67, 0x68, 0x70, 0x20, 0x76, 0x65, 0x63, 0x32, 0x20, 0x76, 0x5f, 0x74, // n highp vec2 v_t
	0x65, 0x78, 0x63, 0x6f, 0x6f, 0x72, 0x64, 0x31, 0x3b, 0x0a, 0x6c, 0x61, 0x79, 0x6f, 0x75, 0x74, // excoord1;.layout
	0x28, 0x6c, 0x6f, 0x63, 0x61, 0x74, 0x69, 0x6f, 0x6e, 0x20, 0x3d, 0x20, 0x30, 0x29, 0x20, 0x6f, // (location = 0) o
	0x75, 0x74, 0x20, 0x68, 0x69, 0x67, 0x68, 0x70, 0x20, 0x76, 0x65, 0x63, 0x34, 0x20, 0x62, 0x67, // ut highp vec4 bg
	0x66, 0x78, 0x5f, 0x46, 0x72, 0x61, 0x67, 0x43, 0x6f, 0x6c, 0x6f, 0x72, 0x3b, 0x0a, 0x69, 0x6e, // fx_FragColor;.in
	0x20, 0x68, 0x69, 0x67, 0x68, 0x70, 0x20, 0x76, 0x65, 0x63, 0x32, 0x20, 0x76, 0x5f, 0x74, 0x65, //  highp vec2 v_te
	0x78, 0x63, 0x6f, 0x6f, 0x72, 0x64, 0x30, 0x3b, 0x0a, 0x69, 0x6e, 0x20, 0x68, 0x69, 0x67, 0x68, // xcoord0;.in high
	0x70, 0x20, 0x76, 0x65, 0x63, 0x34, 0x20, 0x76, 0x5f, 0x63, 0x6f, 0x6c, 0x6f, 0x72, 0x30, 0x3b, // p vec4 v_color0;
	0x0a, 0x0a, 0x76, 0x6f, 0x69, 0x64, 0x20, 0x6d, 0x61, 0x69, 0x6e, 0x28, 0x29, 0x0a, 0x7b, 0x0a, // ..void main().{.
	0x20, 0x20, 0x20, 0x20, 0x62, 0x6f, 0x6f, 0x6c, 0x20, 0x5f, 0x31, 0x39, 0x20, 0x3d, 0x20, 0x61, //     bool _19 = a
	0x6e, 0x79, 0x28, 0x6c, 0x65, 0x73, 0x73, 0x54, 0x68, 0x61, 0x6e, 0x28, 0x76, 0x5f, 0x74, 0x65, // ny(lessThan(v_te
	0x78, 0x63, 0x6f, 0x6f, 0x72, 0x64, 0x31, 0x2c, 0x20, 0x63, 0x6c, 0x69, 0x70, 0x5f, 0x70, 0x6c, // xcoord1, clip_pl
	0x61, 0x6e, 0x65, 0x2e, 0x78, 0x79, 0x29, 0x29, 0x3b, 0x0a, 0x20, 0x20, 0x20, 0x20, 0x62, 0x6f, // ane.xy));.    bo
	0x6f, 0x6c, 0x20, 0x5f, 0x32, 0x38, 0x3b, 0x0a, 0x20, 0x20, 0x20, 0x20, 0x69, 0x66, 0x20, 0x28, // ol _28;.    if (
	0x21, 0x5f, 0x31, 0x39, 0x29, 0x0a, 0x20, 0x20, 0x20, 0x20, 0x7b, 0x0a, 0x20, 0x20, 0x20, 0x20, // !_19).    {.    
	0x20, 0x20, 0x20, 0x20, 0x5f, 0x32, 0x38, 0x20, 0x3d, 0x20, 0x61, 0x6e, 0x79, 0x28, 0x67, 0x72, //     _28 = any(gr
	0x65, 0x61, 0x74, 0x65, 0x72, 0x54, 0x68, 0x61, 0x6e, 0x28, 0x76, 0x5f, 0x74, 0x65, 0x78, 0x63, // eaterThan(v_texc
	0x6f, 0x6f, 0x72, 0x64, 0x31, 0x2c, 0x20, 0x63, 0x6c, 0x69, 0x70, 0x5f, 0x70, 0x6c, 0x61, 0x6e, // oord1, clip_plan
	0x65, 0x2e, 0x7a, 0x77, 0x29, 0x29, 0x3b, 0x0a, 0x20, 0x20, 0x20, 0x20, 0x7d, 0x0a, 0x20, 0x20, // e.zw));.    }.  
	0x20, 0x20, 0x65, 0x6c, 0x73, 0x65, 0x0a, 0x20, 0x20, 0x20, 0x20, 0x7b, 0x0a, 0x20, 0x20, 0x20, //   else.    {.   
	0x20, 0x20, 0x20, 0x20, 0x20, 0x5f, 0x32, 0x38, 0x20, 0x3d, 0x20, 0x5f, 0x31, 0x39, 0x3b, 0x0a, //      _28 = _19;.
	0x20, 0x20, 0x20, 0x20, 0x7d, 0x0a, 0x20, 0x20, 0x20, 0x20, 0x69, 0x66, 0x20, 0x28, 0x5f, 0x32, //     }.    if (_2
	0x38, 0x29, 0x0a, 0x20, 0x20, 0x20, 0x20, 0x7b, 0x0a, 0x20, 0x20, 0x20, 0x20, 0x20, 0x20, 0x20, // 8).    {.       
	0x20, 0x64, 0x69, 0x73, 0x63, 0x61, 0x72, 0x64, 0x3b, 0x0a, 0x20, 0x20, 0x20, 0x20, 0x7d, 0x0a, //  discard;.    }.
	0x20, 0x20, 0x20, 0x20, 0x62, 0x67, 0x66, 0x78, 0x5f, 0x46, 0x72, 0x61, 0x67, 0x43, 0x6f, 0x6c, //     bgfx_FragCol
	0x6f, 0x72, 0x20, 0x3d, 0x20, 0x74, 0x65, 0x78, 0x74, 0x75, 0x72, 0x65, 0x28, 0x74, 0x65, 0x78, // or = texture(tex
	0x5f, 0x62, 0x61, 0x73, 0x65, 0x5f, 0x63, 0x6f, 0x6c, 0x6f, 0x72, 0x2c, 0x20, 0x76, 0x5f, 0x74, // _base_color, v_t
	0x65, 0x78, 0x63, 0x6f, 0x6f, 0x72, 0x64, 0x30, 0x29, 0x20, 0x2a, 0x20, 0x76, 0x5f, 0x63, 0x6f, // excoord0) * v_co
	0x6c, 0x6f, 0x72, 0x30, 0x3b, 0x0a, 0x7d, 0x0a, 0x0a, 0x00,                                     // lor0;.}...
};
static const uint8_t fs_imgui_st_glsl[568] =
{
	0x46, 0x53, 0x48, 0x0c, 0x4f, 0x45, 0x98, 0x49, 0x00, 0x00, 0x00, 0x00, 0x00, 0x00, 0x00, 0x00, // FSH.OE.I........
	0x00, 0x00, 0x00, 0x00, 0x02, 0x00, 0x0a, 0x63, 0x6c, 0x69, 0x70, 0x5f, 0x70, 0x6c, 0x61, 0x6e, // .......clip_plan
	0x65, 0x02, 0x01, 0x00, 0x00, 0x01, 0x00, 0x00, 0x00, 0x00, 0x00, 0x0e, 0x74, 0x65, 0x78, 0x5f, // e...........tex_
	0x62, 0x61, 0x73, 0x65, 0x5f, 0x63, 0x6f, 0x6c, 0x6f, 0x72, 0x00, 0x01, 0x00, 0x00, 0x01, 0x00, // base_color......
	0x00, 0x02, 0x00, 0x00, 0xef, 0x01, 0x00, 0x00, 0x0a, 0x75, 0x6e, 0x69, 0x66, 0x6f, 0x72, 0x6d, // .........uniform
	0x20, 0x76, 0x65, 0x63, 0x34, 0x20, 0x63, 0x6c, 0x69, 0x70, 0x5f, 0x70, 0x6c, 0x61, 0x6e, 0x65, //  vec4 clip_plane
	0x3b, 0x0a, 0x75, 0x6e, 0x69, 0x66, 0x6f, 0x72, 0x6d, 0x20, 0x73, 0x61, 0x6d, 0x70, 0x6c, 0x65, // ;.uniform sample
	0x72, 0x32, 0x44, 0x20, 0x74, 0x65, 0x78, 0x5f, 0x62, 0x61, 0x73, 0x65, 0x5f, 0x63, 0x6f, 0x6c, // r2D tex_base_col
	0x6f, 0x72, 0x3b, 0x0a, 0x0a, 0x69, 0x6e, 0x20, 0x76, 0x65, 0x63, 0x32, 0x20, 0x76, 0x5f, 0x74, // or;..in vec2 v_t
	0x65, 0x78, 0x63, 0x6f, 0x6f, 0x72, 0x64, 0x31, 0x3b, 0x0a, 0x6c, 0x61, 0x79, 0x6f, 0x75, 0x74, // excoord1;.layout
	0x28, 0x6c, 0x6f, 0x63, 0x61, 0x74, 0x69, 0x6f, 0x6e, 0x20, 0x3d, 0x20, 0x30, 0x29, 0x20, 0x6f, // (location = 0) o
	0x75, 0x74, 0x20, 0x76, 0x65, 0x63, 0x34, 0x20, 0x62, 0x67, 0x66, 0x78, 0x5f, 0x46, 0x72, 0x61, // ut vec4 bgfx_Fra
	0x67, 0x43, 0x6f, 0x6c, 0x6f, 0x72, 0x3b, 0x0a, 0x69, 0x6e, 0x20, 0x76, 0x65, 0x63, 0x32, 0x20, // gColor;.in vec2 
	0x76, 0x5f, 0x74, 0x65, 0x78, 0x63, 0x6f, 0x6f, 0x72, 0x64, 0x30, 0x3b, 0x0a, 0x69, 0x6e, 0x20, // v_texcoord0;.in 
	0x76, 0x65, 0x63, 0x34, 0x20, 0x76, 0x5f, 0x63, 0x6f, 0x6c, 0x6f, 0x72, 0x30, 0x3b, 0x0a, 0x0a, // vec4 v_color0;..
	0x76, 0x6f, 0x69, 0x64, 0x20, 0x6d, 0x61, 0x69, 0x6e, 0x28, 0x29, 0x0a, 0x7b, 0x0a, 0x20, 0x20, // void main().{.  
	0x20, 0x20, 0x62, 0x6f, 0x6f, 0x6c, 0x20, 0x5f, 0x31, 0x39, 0x20, 0x3d, 0x20, 0x61, 0x6e, 0x79, //   bool _19 = any
	0x28, 0x6c, 0x65, 0x73, 0x73, 0x54, 0x68, 0x61, 0x6e, 0x28, 0x76, 0x5f, 0x74, 0x65, 0x78, 0x63, // (lessThan(v_texc
	0x6f, 0x6f, 0x72, 0x64, 0x31, 0x2c, 0x20, 0x63, 0x6c, 0x69, 0x70, 0x5f, 0x70, 0x6c, 0x61, 0x6e, // oord1, clip_plan
	0x65, 0x2e, 0x78, 0x79, 0x29, 0x29, 0x3b, 0x0a, 0x20, 0x20, 0x20, 0x20, 0x62, 0x6f, 0x6f, 0x6c, // e.xy));.    bool
	0x20, 0x5f, 0x32, 0x38, 0x3b, 0x0a, 0x20, 0x20, 0x20, 0x20, 0x69, 0x66, 0x20, 0x28, 0x21, 0x5f, //  _28;.    if (!_
	0x31, 0x39, 0x29, 0x0a, 0x20, 0x20, 0x20, 0x20, 0x7b, 0x0a, 0x20, 0x20, 0x20, 0x20, 0x20, 0x20, // 19).    {.      
	0x20, 0x20, 0x5f, 0x32, 0x38, 0x20, 0x3d, 0x20, 0x61, 0x6e, 0x79, 0x28, 0x67, 0x72, 0x65, 0x61, //   _28 = any(grea
	0x74, 0x65, 0x72, 0x54, 0x68, 0x61, 0x6e, 0x28, 0x76, 0x5f, 0x74, 0x65, 0x78, 0x63, 0x6f, 0x6f, // terThan(v_texcoo
	0x72, 0x64, 0x31, 0x2c, 0x20, 0x63, 0x6c, 0x69, 0x70, 0x5f, 0x70, 0x6c, 0x61, 0x6e, 0x65, 0x2e, // rd1, clip_plane.
	0x7a, 0x77, 0x29, 0x29, 0x3b, 0x0a, 0x20, 0x20, 0x20, 0x20, 0x7d, 0x0a, 0x20, 0x20, 0x20, 0x20, // zw));.    }.    
	0x65, 0x6c, 0x73, 0x65, 0x0a, 0x20, 0x20, 0x20, 0x20, 0x7b, 0x0a, 0x20, 0x20, 0x20, 0x20, 0x20, // else.    {.     
	0x20, 0x20, 0x20, 0x5f, 0x32, 0x38, 0x20, 0x3d, 0x20, 0x5f, 0x31, 0x39, 0x3b, 0x0a, 0x20, 0x20, //    _28 = _19;.  
	0x20, 0x20, 0x7d, 0x0a, 0x20, 0x20, 0x20, 0x20, 0x69, 0x66, 0x20, 0x28, 0x5f, 0x32, 0x38, 0x29, //   }.    if (_28)
	0x0a, 0x20, 0x20, 0x20, 0x20, 0x7b, 0x0a, 0x20, 0x20, 0x20, 0x20, 0x20, 0x20, 0x20, 0x20, 0x64, // .    {.        d
	0x69, 0x73, 0x63, 0x61, 0x72, 0x64, 0x3b, 0x0a, 0x20, 0x20, 0x20, 0x20, 0x7d, 0x0a, 0x20, 0x20, // iscard;.    }.  
	0x20, 0x20, 0x62, 0x67, 0x66, 0x78, 0x5f, 0x46, 0x72, 0x61, 0x67, 0x43, 0x6f, 0x6c, 0x6f, 0x72, //   bgfx_FragColor
	0x20, 0x3d, 0x20, 0x74, 0x65, 0x78, 0x74, 0x75, 0x72, 0x65, 0x28, 0x74, 0x65, 0x78, 0x5f, 0x62, //  = texture(tex_b
	0x61, 0x73, 0x65, 0x5f, 0x63, 0x6f, 0x6c, 0x6f, 0x72, 0x2c, 0x20, 0x76, 0x5f, 0x74, 0x65, 0x78, // ase_color, v_tex
	0x63, 0x6f, 0x6f, 0x72, 0x64, 0x30, 0x29, 0x20, 0x2a, 0x20, 0x76, 0x5f, 0x63, 0x6f, 0x6c, 0x6f, // coord0) * v_colo
	0x72, 0x30, 0x3b, 0x0a, 0x7d, 0x0a, 0x0a, 0x00,                                                 // r0;.}...
};
static const uint8_t fs_imgui_st_dxbc[668] =
{
	0x46, 0x53, 0x48, 0x0c, 0x4f, 0x45, 0x98, 0x49, 0x00, 0x00, 0x00, 0x00, 0x00, 0x00, 0x00, 0x00, // FSH.OE.I........
	0x00, 0x00, 0x00, 0x00, 0x02, 0x00, 0x0a, 0x63, 0x6c, 0x69, 0x70, 0x5f, 0x70, 0x6c, 0x61, 0x6e, // .......clip_plan
	0x65, 0x12, 0x00, 0x00, 0x00, 0x01, 0x00, 0x00, 0x00, 0x00, 0x00, 0x0e, 0x74, 0x65, 0x78, 0x5f, // e...........tex_
	0x62, 0x61, 0x73, 0x65, 0x5f, 0x63, 0x6f, 0x6c, 0x6f, 0x72, 0x30, 0x01, 0x00, 0x00, 0x01, 0x00, // base_color0.....
	0x00, 0x02, 0x00, 0x00, 0x50, 0x02, 0x00, 0x00, 0x44, 0x58, 0x42, 0x43, 0x83, 0xbc, 0x6e, 0x98, // ....P...DXBC..n.
	0xca, 0x8a, 0x72, 0xb9, 0xfb, 0xb7, 0xdf, 0xab, 0x64, 0x53, 0x65, 0x73, 0x01, 0x00, 0x00, 0x00, // ..r.....dSes....
	0x50, 0x02, 0x00, 0x00, 0x03, 0x00, 0x00, 0x00, 0x2c, 0x00, 0x00, 0x00, 0xb8, 0x00, 0x00, 0x00, // P.......,.......
	0xec, 0x00, 0x00, 0x00, 0x49, 0x53, 0x47, 0x4e, 0x84, 0x00, 0x00, 0x00, 0x04, 0x00, 0x00, 0x00, // ....ISGN........
	0x08, 0x00, 0x00, 0x00, 0x68, 0x00, 0x00, 0x00, 0x00, 0x00, 0x00, 0x00, 0x01, 0x00, 0x00, 0x00, // ....h...........
	0x03, 0x00, 0x00, 0x00, 0x00, 0x00, 0x00, 0x00, 0x0f, 0x00, 0x00, 0x00, 0x74, 0x00, 0x00, 0x00, // ............t...
	0x00, 0x00, 0x00, 0x00, 0x00, 0x00, 0x00, 0x00, 0x03, 0x00, 0x00, 0x00, 0x01, 0x00, 0x00, 0x00, // ................
	0x0f, 0x0f, 0x00, 0x00, 0x7a, 0x00, 0x00, 0x00, 0x00, 0x00, 0x00, 0x00, 0x00, 0x00, 0x00, 0x00, // ....z...........
	0x03, 0x00, 0x00, 0x00, 0x02, 0x00, 0x00, 0x00, 0x03, 0x03, 0x00, 0x00, 0x7a, 0x00, 0x00, 0x00, // ............z...
	0x01, 0x00, 0x00, 0x00, 0x00, 0x00, 0x00, 0x00, 0x03, 0x00, 0x00, 0x00, 0x02, 0x00, 0x00, 0x00, // ................
	0x0c, 0x0c, 0x00, 0x00, 0x53, 0x56, 0x5f, 0x50, 0x4f, 0x53, 0x49, 0x54, 0x49, 0x4f, 0x4e, 0x00, // ....SV_POSITION.
	0x43, 0x4f, 0x4c, 0x4f, 0x52, 0x00, 0x54, 0x45, 0x58, 0x43, 0x4f, 0x4f, 0x52, 0x44, 0x00, 0xab, // COLOR.TEXCOORD..
	0x4f, 0x53, 0x47, 0x4e, 0x2c, 0x00, 0x00, 0x00, 0x01, 0x00, 0x00, 0x00, 0x08, 0x00, 0x00, 0x00, // OSGN,...........
	0x20, 0x00, 0x00, 0x00, 0x00, 0x00, 0x00, 0x00, 0x00, 0x00, 0x00, 0x00, 0x03, 0x00, 0x00, 0x00, //  ...............
	0x00, 0x00, 0x00, 0x00, 0x0f, 0x00, 0x00, 0x00, 0x53, 0x56, 0x5f, 0x54, 0x41, 0x52, 0x47, 0x45, // ........SV_TARGE
	0x54, 0x00, 0xab, 0xab, 0x53, 0x48, 0x45, 0x58, 0x5c, 0x01, 0x00, 0x00, 0x50, 0x00, 0x00, 0x00, // T...SHEX....P...
	0x57, 0x00, 0x00, 0x00, 0x6a, 0x08, 0x00, 0x01, 0x59, 0x00, 0x00, 0x04, 0x46, 0x8e, 0x20, 0x00, // W...j...Y...F. .
	0x00, 0x00, 0x00, 0x00, 0x01, 0x00, 0x00, 0x00, 0x5a, 0x00, 0x00, 0x03, 0x00, 0x60, 0x10, 0x00, // ........Z....`..
	0x00, 0x00, 0x00, 0x00, 0x58, 0x18, 0x00, 0x04, 0x00, 0x70, 0x10, 0x00, 0x00, 0x00, 0x00, 0x00, // ....X....p......
	0x55, 0x55, 0x00, 0x00, 0x62, 0x10, 0x00, 0x03, 0xf2, 0x10, 0x10, 0x00, 0x01, 0x00, 0x00, 0x00, // UU..b...........
	0x62, 0x10, 0x00, 0x03, 0x32, 0x10, 0x10, 0x00, 0x02, 0x00, 0x00, 0x00, 0x62, 0x10, 0x00, 0x03, // b...2.......b...
	0xc2, 0x10, 0x10, 0x00, 0x02, 0x00, 0x00, 0x00, 0x65, 0x00, 0x00, 0x03, 0xf2, 0x20, 0x10, 0x00, // ........e.... ..
	0x00, 0x00, 0x00, 0x00, 0x68, 0x00, 0x00, 0x02, 0x01, 0x00, 0x00, 0x00, 0x31, 0x00, 0x00, 0x08, // ....h.......1...
	0x32, 0x00, 0x10, 0x00, 0x00, 0x00, 0x00, 0x00, 0xe6, 0x1a, 0x10, 0x00, 0x02, 0x00, 0x00, 0x00, // 2...............
	0x46, 0x80, 0x20, 0x00, 0x00, 0x00, 0x00, 0x00, 0x00, 0x00, 0x00, 0x00, 0x3c, 0x00, 0x00, 0x07, // F. .........<...
	0x12, 0x00, 0x10, 0x00, 0x00, 0x00, 0x00, 0x00, 0x1a, 0x00, 0x10, 0x00, 0x00, 0x00, 0x00, 0x00, // ................
	0x0a, 0x00, 0x10, 0x00, 0x00, 0x00, 0x00, 0x00, 0x31, 0x00, 0x00, 0x08, 0x62, 0x00, 0x10, 0x00, // ........1...b...
	0x00, 0x00, 0x00, 0x00, 0xa6, 0x8b, 0x20, 0x00, 0x00, 0x00, 0x00, 0x00, 0x00, 0x00, 0x00, 0x00, // ...... .........
	0xa6, 0x1b, 0x10, 0x00, 0x02, 0x00, 0x00, 0x00, 0x3c, 0x00, 0x00, 0x07, 0x22, 0x00, 0x10, 0x00, // ........<..."...
	0x00, 0x00, 0x00, 0x00, 0x2a, 0x00, 0x10, 0x00, 0x00, 0x00, 0x00, 0x00, 0x1a, 0x00, 0x10, 0x00, // ....*...........
	0x00, 0x00, 0x00, 0x00, 0x3c, 0x00, 0x00, 0x07, 0x12, 0x00, 0x10, 0x00, 0x00, 0x00, 0x00, 0x00, // ....<...........
	0x1a, 0x00, 0x10, 0x00, 0x00, 0x00, 0x00, 0x00, 0x0a, 0x00, 0x10, 0x00, 0x00, 0x00, 0x00, 0x00, // ................
	0x0d, 0x00, 0x04, 0x03, 0x0a, 0x00, 0x10, 0x00, 0x00, 0x00, 0x00, 0x00, 0x45, 0x00, 0x00, 0x8b, // ............E...
	0xc2, 0x00, 0x00, 0x80, 0x43, 0x55, 0x15, 0x00, 0xf2, 0x00, 0x10, 0x00, 0x00, 0x00, 0x00, 0x00, // ....CU..........
	0x46, 0x10, 0x10, 0x00, 0x02, 0x00, 0x00, 0x00, 0x46, 0x7e, 0x10, 0x00, 0x00, 0x00, 0x00, 0x00, // F.......F~......
	0x00, 0x60, 0x10, 0x00, 0x00, 0x00, 0x00, 0x00, 0x38, 0x00, 0x00, 0x07, 0xf2, 0x20, 0x10, 0x00, // .`......8.... ..
	0x00, 0x00, 0x00, 0x00, 0x46, 0x0e, 0x10, 0x00, 0x00, 0x00, 0x00, 0x00, 0x46, 0x1e, 0x10, 0x00, // ....F.......F...
	0x01, 0x00, 0x00, 0x00, 0x3e, 0x00, 0x00, 0x01, 0x00, 0x00, 0x10, 0x00,                         // ....>.......
};
static const uint8_t fs_imgui_st_dxil[2896] =
{
	0x46, 0x53, 0x48, 0x0c, 0x4f, 0x45, 0x98, 0x49, 0x00, 0x00, 0x00, 0x00, 0x00, 0x00, 0x00, 0x00, // FSH.OE.I........
	0x00, 0x00, 0x00, 0x00, 0x02, 0x00, 0x0a, 0x63, 0x6c, 0x69, 0x70, 0x5f, 0x70, 0x6c, 0x61, 0x6e, // .......clip_plan
	0x65, 0x12, 0x00, 0x00, 0x00, 0x01, 0x00, 0x00, 0x00, 0x00, 0x00, 0x0e, 0x74, 0x65, 0x78, 0x5f, // e...........tex_
	0x62, 0x61, 0x73, 0x65, 0x5f, 0x63, 0x6f, 0x6c, 0x6f, 0x72, 0x30, 0x01, 0x00, 0x00, 0x01, 0x00, // base_color0.....
	0x00, 0x02, 0x00, 0x00, 0x04, 0x0b, 0x00, 0x00, 0x44, 0x58, 0x42, 0x43, 0x45, 0xea, 0xc1, 0x6c, // ........DXBCE..l
	0xcc, 0x9a, 0x36, 0x41, 0xaa, 0x64, 0x90, 0x42, 0xaf, 0x49, 0x22, 0x1b, 0x01, 0x00, 0x00, 0x00, // ..6A.d.B.I".....
	0x04, 0x0b, 0x00, 0x00, 0x07, 0x00, 0x00, 0x00, 0x3c, 0x00, 0x00, 0x00, 0x4c, 0x00, 0x00, 0x00, // ........<...L...
	0xf8, 0x00, 0x00, 0x00, 0x34, 0x01, 0x00, 0x00, 0x78, 0x02, 0x00, 0x00, 0xac, 0x02, 0x00, 0x00, // ....4...x.......
	0xc8, 0x02, 0x00, 0x00, 0x53, 0x46, 0x49, 0x30, 0x08, 0x00, 0x00, 0x00, 0x00, 0x00, 0x00, 0x00, // ....SFI0........
	0x00, 0x00, 0x00, 0x00, 0x49, 0x53, 0x47, 0x31, 0xa4, 0x00, 0x00, 0x00, 0x04, 0x00, 0x00, 0x00, // ....ISG1........
	0x08, 0x00, 0x00, 0x00, 0x00, 0x00, 0x00, 0x00, 0x88, 0x00, 0x00, 0x00, 0x00, 0x00, 0x00, 0x00, // ................
	0x01, 0x00, 0x00, 0x00, 0x03, 0x00, 0x00, 0x00, 0x00, 0x00, 0x00, 0x00, 0x0f, 0x00, 0x00, 0x00, // ................
	0x00, 0x00, 0x00, 0x00, 0x00, 0x00, 0x00, 0x00, 0x94, 0x00, 0x00, 0x00, 0x00, 0x00, 0x00, 0x00, // ................
	0x00, 0x00, 0x00, 0x00, 0x03, 0x00, 0x00, 0x00, 0x01, 0x00, 0x00, 0x00, 0x0f, 0x0f, 0x00, 0x00, // ................
	0x00, 0x00, 0x00, 0x00, 0x00, 0x00, 0x00, 0x00, 0x9a, 0x00, 0x00, 0x00, 0x00, 0x00, 0x00, 0x00, // ................
	0x00, 0x00, 0x00, 0x00, 0x03, 0x00, 0x00, 0x00, 0x02, 0x00, 0x00, 0x00, 0x03, 0x03, 0x00, 0x00, // ................
	0x00, 0x00, 0x00, 0x00, 0x00, 0x00, 0x00, 0x00, 0x9a, 0x00, 0x00, 0x00, 0x01, 0x00, 0x00, 0x00, // ................
	0x00, 0x00, 0x00, 0x00, 0x03, 0x00, 0x00, 0x00, 0x02, 0x00, 0x00, 0x00, 0x0c, 0x0c, 0x00, 0x00, // ................
	0x00, 0x00, 0x00, 0x00, 0x53, 0x56, 0x5f, 0x50, 0x6f, 0x73, 0x69, 0x74, 0x69, 0x6f, 0x6e, 0x00, // ....SV_Position.
	0x43, 0x4f, 0x4c, 0x4f, 0x52, 0x00, 0x54, 0x45, 0x58, 0x43, 0x4f, 0x4f, 0x52, 0x44, 0x00, 0x00, // COLOR.TEXCOORD..
	0x4f, 0x53, 0x47, 0x31, 0x34, 0x00, 0x00, 0x00, 0x01, 0x00, 0x00, 0x00, 0x08, 0x00, 0x00, 0x00, // OSG14...........
	0x00, 0x00, 0x00, 0x00, 0x28, 0x00, 0x00, 0x00, 0x00, 0x00, 0x00, 0x00, 0x40, 0x00, 0x00, 0x00, // ....(.......@...
	0x03, 0x00, 0x00, 0x00, 0x00, 0x00, 0x00, 0x00, 0x0f, 0x00, 0x00, 0x00, 0x00, 0x00, 0x00, 0x00, // ................
	0x53, 0x56, 0x5f, 0x54, 0x61, 0x72, 0x67, 0x65, 0x74, 0x00, 0x00, 0x00, 0x50, 0x53, 0x56, 0x30, // SV_Target...PSV0
	0x3c, 0x01, 0x00, 0x00, 0x34, 0x00, 0x00, 0x00, 0x00, 0x00, 0x00, 0x00, 0x00, 0x00, 0x00, 0x00, // <...4...........
	0x00, 0x00, 0x00, 0x00, 0x00, 0x00, 0x00, 0x00, 0x00, 0x00, 0x00, 0x00, 0xff, 0xff, 0xff, 0xff, // ................
	0x00, 0x00, 0x00, 0x00, 0x04, 0x01, 0x00, 0x03, 0x01, 0x00, 0x00, 0x00, 0x00, 0x00, 0x00, 0x00, // ................
	0x00, 0x00, 0x00, 0x00, 0x00, 0x00, 0x00, 0x00, 0x19, 0x00, 0x00, 0x00, 0x03, 0x00, 0x00, 0x00, // ................
	0x18, 0x00, 0x00, 0x00, 0x02, 0x00, 0x00, 0x00, 0x00, 0x00, 0x00, 0x00, 0x00, 0x00, 0x00, 0x00, // ................
	0x00, 0x00, 0x00, 0x00, 0x0d, 0x00, 0x00, 0x00, 0x00, 0x00, 0x00, 0x00, 0x01, 0x00, 0x00, 0x00, // ................
	0x00, 0x00, 0x00, 0x00, 0x00, 0x00, 0x00, 0x00, 0x00, 0x00, 0x00, 0x00, 0x0e, 0x00, 0x00, 0x00, // ................
	0x00, 0x00, 0x00, 0x00, 0x03, 0x00, 0x00, 0x00, 0x00, 0x00, 0x00, 0x00, 0x00, 0x00, 0x00, 0x00, // ................
	0x00, 0x00, 0x00, 0x00, 0x02, 0x00, 0x00, 0x00, 0x00, 0x00, 0x00, 0x00, 0x20, 0x00, 0x00, 0x00, // ............ ...
	0x00, 0x43, 0x4f, 0x4c, 0x4f, 0x52, 0x00, 0x54, 0x45, 0x58, 0x43, 0x4f, 0x4f, 0x52, 0x44, 0x00, // .COLOR.TEXCOORD.
	0x54, 0x45, 0x58, 0x43, 0x4f, 0x4f, 0x52, 0x44, 0x00, 0x6d, 0x61, 0x69, 0x6e, 0x00, 0x00, 0x00, // TEXCOORD.main...
	0x02, 0x00, 0x00, 0x00, 0x00, 0x00, 0x00, 0x00, 0x01, 0x00, 0x00, 0x00, 0x10, 0x00, 0x00, 0x00, // ................
	0x00, 0x00, 0x00, 0x00, 0x00, 0x00, 0x00, 0x00, 0x01, 0x00, 0x44, 0x03, 0x03, 0x04, 0x00, 0x00, // ..........D.....
	0x01, 0x00, 0x00, 0x00, 0x00, 0x00, 0x00, 0x00, 0x01, 0x01, 0x44, 0x00, 0x03, 0x02, 0x00, 0x00, // ..........D.....
	0x07, 0x00, 0x00, 0x00, 0x00, 0x00, 0x00, 0x00, 0x01, 0x02, 0x42, 0x00, 0x03, 0x02, 0x00, 0x00, // ..........B.....
	0x10, 0x00, 0x00, 0x00, 0x01, 0x00, 0x00, 0x00, 0x01, 0x02, 0x62, 0x00, 0x03, 0x02, 0x00, 0x00, // ..........b.....
	0x00, 0x00, 0x00, 0x00, 0x00, 0x00, 0x00, 0x00, 0x01, 0x00, 0x44, 0x10, 0x03, 0x00, 0x00, 0x00, // ..........D.....
	0x00, 0x00, 0x00, 0x00, 0x00, 0x00, 0x00, 0x00, 0x00, 0x00, 0x00, 0x00, 0x00, 0x00, 0x00, 0x00, // ................
	0x01, 0x00, 0x00, 0x00, 0x02, 0x00, 0x00, 0x00, 0x04, 0x00, 0x00, 0x00, 0x08, 0x00, 0x00, 0x00, // ................
	0x0f, 0x00, 0x00, 0x00, 0x0f, 0x00, 0x00, 0x00, 0x00, 0x00, 0x00, 0x00, 0x00, 0x00, 0x00, 0x00, // ................
	0x49, 0x4c, 0x44, 0x4e, 0x2c, 0x00, 0x00, 0x00, 0x00, 0x00, 0x24, 0x00, 0x32, 0x34, 0x62, 0x36, // ILDN,.....$.24b6
	0x66, 0x35, 0x61, 0x64, 0x33, 0x65, 0x39, 0x66, 0x39, 0x62, 0x61, 0x39, 0x66, 0x66, 0x30, 0x65, // f5ad3e9f9ba9ff0e
	0x35, 0x32, 0x38, 0x65, 0x63, 0x65, 0x66, 0x66, 0x35, 0x32, 0x38, 0x30, 0x2e, 0x70, 0x64, 0x62, // 528eceff5280.pdb
	0x00, 0x00, 0x00, 0x00, 0x48, 0x41, 0x53, 0x48, 0x14, 0x00, 0x00, 0x00, 0x00, 0x00, 0x00, 0x00, // ....HASH........
	0x24, 0xb6, 0xf5, 0xad, 0x3e, 0x9f, 0x9b, 0xa9, 0xff, 0x0e, 0x52, 0x8e, 0xce, 0xff, 0x52, 0x80, // $...>.....R...R.
	0x44, 0x58, 0x49, 0x4c, 0x34, 0x08, 0x00, 0x00, 0x60, 0x00, 0x00, 0x00, 0x0d, 0x02, 0x00, 0x00, // DXIL4...`.......
	0x44, 0x58, 0x49, 0x4c, 0x00, 0x01, 0x00, 0x00, 0x10, 0x00, 0x00, 0x00, 0x1c, 0x08, 0x00, 0x00, // DXIL............
	0x42, 0x43, 0xc0, 0xde, 0x21, 0x0c, 0x00, 0x00, 0x04, 0x02, 0x00, 0x00, 0x0b, 0x82, 0x20, 0x00, // BC..!......... .
	0x02, 0x00, 0x00, 0x00, 0x13, 0x00, 0x00, 0x00, 0x07, 0x81, 0x23, 0x91, 0x41, 0xc8, 0x04, 0x49, // ..........#.A..I
	0x06, 0x10, 0x32, 0x39, 0x92, 0x01, 0x84, 0x0c, 0x25, 0x05, 0x08, 0x19, 0x1e, 0x04, 0x8b, 0x62, // ..29....%......b
	0x80, 0x18, 0x45, 0x02, 0x42, 0x92, 0x0b, 0x42, 0xc4, 0x10, 0x32, 0x14, 0x38, 0x08, 0x18, 0x4b, // ..E.B..B..2.8..K
	0x0a, 0x32, 0x62, 0x88, 0x48, 0x90, 0x14, 0x20, 0x43, 0x46, 0x88, 0xa5, 0x00, 0x19, 0x32, 0x42, // .2b.H.. CF....2B
	0xe4, 0x48, 0x0e, 0x90, 0x11, 0x23, 0xc4, 0x50, 0x41, 0x51, 0x81, 0x8c, 0xe1, 0x83, 0xe5, 0x8a, // .H...#.PAQ......
	0x04, 0x31, 0x46, 0x06, 0x51, 0x18, 0x00, 0x00, 0x08, 0x00, 0x00, 0x00, 0x1b, 0x8c, 0xe0, 0xff, // .1F.Q...........
	0xff, 0xff, 0xff, 0x07, 0x40, 0x02, 0xa8, 0x0d, 0x84, 0xf0, 0xff, 0xff, 0xff, 0xff, 0x03, 0x20, // ....@.......... 
	0x6d, 0x30, 0x86, 0xff, 0xff, 0xff, 0xff, 0x1f, 0x00, 0x09, 0xa8, 0x00, 0x49, 0x18, 0x00, 0x00, // m0..........I...
	0x03, 0x00, 0x00, 0x00, 0x13, 0x82, 0x60, 0x42, 0x20, 0x4c, 0x08, 0x06, 0x00, 0x00, 0x00, 0x00, // ......`B L......
	0x89, 0x20, 0x00, 0x00, 0x52, 0x00, 0x00, 0x00, 0x32, 0x22, 0x88, 0x09, 0x20, 0x64, 0x85, 0x04, // . ..R...2".. d..
	0x13, 0x23, 0xa4, 0x84, 0x04, 0x13, 0x23, 0xe3, 0x84, 0xa1, 0x90, 0x14, 0x12, 0x4c, 0x8c, 0x8c, // .#....#......L..
	0x0b, 0x84, 0xc4, 0x4c, 0x10, 0x88, 0xc1, 0x08, 0x40, 0x09, 0x00, 0x0a, 0x66, 0x00, 0xe6, 0x08, // ...L....@...f...
	0xc0, 0x60, 0x8e, 0x00, 0x29, 0xc6, 0x40, 0x10, 0x44, 0x41, 0x90, 0x51, 0x0c, 0x80, 0x20, 0x88, // .`..).@.DA.Q.. .
	0x62, 0x20, 0x64, 0x8e, 0x20, 0x28, 0x03, 0x40, 0x28, 0xb4, 0xdc, 0x34, 0x5c, 0xfe, 0x84, 0x3d, // b d. (.@(..4...=
	0x84, 0xe4, 0xaf, 0x84, 0xb4, 0x12, 0x93, 0x5f, 0xdc, 0x36, 0x2a, 0x86, 0x61, 0x18, 0x08, 0x2a, // ......._.6*.a..*
	0xee, 0x19, 0x2e, 0x7f, 0xc2, 0x1e, 0x42, 0xf2, 0x43, 0xa0, 0x19, 0x16, 0x02, 0x05, 0x4e, 0x61, // ......B.C.....Na
	0x1a, 0xe2, 0x79, 0x86, 0x61, 0x18, 0x08, 0x82, 0x18, 0x08, 0x3a, 0x6a, 0xb8, 0xfc, 0x09, 0x7b, // ..y.a.....:j...{
	0x08, 0xc9, 0xe7, 0x36, 0xaa, 0x58, 0x89, 0xc9, 0x2f, 0x6e, 0x1b, 0x11, 0xc3, 0x30, 0x0c, 0x85, // ...6.X../n...0..
	0x90, 0x88, 0x87, 0xa0, 0xa9, 0x18, 0x0f, 0x51, 0x10, 0x84, 0x42, 0xd5, 0x40, 0xc0, 0x30, 0x02, // .......Q..B.@.0.
	0x31, 0xcc, 0xd4, 0x06, 0xe3, 0xc0, 0x0e, 0xe1, 0x30, 0x0f, 0xf3, 0xe0, 0x06, 0xb4, 0x50, 0x0e, // 1.......0.....P.
	0xf8, 0x40, 0x0f, 0xf5, 0x20, 0x0f, 0xe5, 0x20, 0x07, 0xa4, 0xc0, 0x07, 0xf6, 0x50, 0x0e, 0xe3, // .@.. .. .....P..
	0x40, 0x0f, 0xef, 0x20, 0x0f, 0x7c, 0x60, 0x0e, 0xec, 0xf0, 0x0e, 0xe1, 0x40, 0x0f, 0x6c, 0x00, // @.. .|`.....@.l.
	0x06, 0x74, 0xe0, 0x07, 0x60, 0xe0, 0x07, 0x7a, 0xa0, 0x07, 0xed, 0x90, 0x0e, 0xf0, 0x30, 0x0f, // .t..`..z......0.
	0xbf, 0x40, 0x0f, 0xf9, 0x00, 0x0f, 0xe5, 0x80, 0x02, 0x62, 0x26, 0x31, 0x18, 0x07, 0x76, 0x08, // .@.......b&1..v.
	0x87, 0x79, 0x98, 0x07, 0x37, 0xa0, 0x85, 0x72, 0xc0, 0x07, 0x7a, 0xa8, 0x07, 0x79, 0x28, 0x07, // .y..7..r..z..y(.
	0x39, 0x20, 0x05, 0x3e, 0xb0, 0x87, 0x72, 0x18, 0x07, 0x7a, 0x78, 0x07, 0x79, 0xe0, 0x03, 0x73, // 9 .>..r..zx.y..s
	0x60, 0x87, 0x77, 0x08, 0x07, 0x7a, 0x60, 0x03, 0x30, 0xa0, 0x03, 0x3f, 0x00, 0x03, 0x3f, 0x40, // `.w..z`.0..?..?@
	0x02, 0x96, 0x91, 0x36, 0x13, 0x42, 0x06, 0xa7, 0xc0, 0x0e, 0xef, 0x20, 0x0e, 0xe1, 0xc0, 0x0e, // ...6.B..... ....
	0xf3, 0x80, 0x02, 0x8c, 0xb8, 0x9b, 0xa4, 0x29, 0xa2, 0x84, 0xc9, 0x67, 0x01, 0xe6, 0x59, 0x88, // .......)...g..Y.
	0x88, 0x9d, 0x80, 0x89, 0x40, 0x01, 0x41, 0x5e, 0x3a, 0x10, 0x53, 0x00, 0x00, 0x00, 0x00, 0x00, // ....@.A^:.S.....
	0x13, 0x14, 0x72, 0xc0, 0x87, 0x74, 0x60, 0x87, 0x36, 0x68, 0x87, 0x79, 0x68, 0x03, 0x72, 0xc0, // ..r..t`.6h.yh.r.
	0x87, 0x0d, 0xaf, 0x50, 0x0e, 0x6d, 0xd0, 0x0e, 0x7a, 0x50, 0x0e, 0x6d, 0x00, 0x0f, 0x7a, 0x30, // ...P.m..zP.m..z0
	0x07, 0x72, 0xa0, 0x07, 0x73, 0x20, 0x07, 0x6d, 0x90, 0x0e, 0x71, 0xa0, 0x07, 0x73, 0x20, 0x07, // .r..s .m..q..s .
	0x6d, 0x90, 0x0e, 0x78, 0xa0, 0x07, 0x73, 0x20, 0x07, 0x6d, 0x90, 0x0e, 0x71, 0x60, 0x07, 0x7a, // m..x..s .m..q`.z
	0x30, 0x07, 0x72, 0xd0, 0x06, 0xe9, 0x30, 0x07, 0x72, 0xa0, 0x07, 0x73, 0x20, 0x07, 0x6d, 0x90, // 0.r...0.r..s .m.
	0x0e, 0x76, 0x40, 0x07, 0x7a, 0x60, 0x07, 0x74, 0xd0, 0x06, 0xe6, 0x10, 0x07, 0x76, 0xa0, 0x07, // .v@.z`.t.....v..
	0x73, 0x20, 0x07, 0x6d, 0x60, 0x0e, 0x73, 0x20, 0x07, 0x7a, 0x30, 0x07, 0x72, 0xd0, 0x06, 0xe6, // s .m`.s .z0.r...
	0x60, 0x07, 0x74, 0xa0, 0x07, 0x76, 0x40, 0x07, 0x6d, 0xe0, 0x0e, 0x78, 0xa0, 0x07, 0x71, 0x60, // `.t..v@.m..x..q`
	0x07, 0x7a, 0x30, 0x07, 0x72, 0xa0, 0x07, 0x76, 0x40, 0x07, 0x43, 0x9e, 0x00, 0x00, 0x00, 0x00, // .z0.r..v@.C.....
	0x00, 0x00, 0x00, 0x00, 0x00, 0x00, 0x00, 0x86, 0x3c, 0x06, 0x10, 0x00, 0x01, 0x00, 0x00, 0x00, // ........<.......
	0x00, 0x00, 0x00, 0x00, 0x0c, 0x79, 0x10, 0x20, 0x00, 0x04, 0x00, 0x00, 0x00, 0x00, 0x00, 0x00, // .....y. ........
	0x00, 0x18, 0xf2, 0x2c, 0x40, 0x00, 0x08, 0x00, 0x00, 0x00, 0x00, 0x00, 0x00, 0x00, 0x30, 0xe4, // ...,@.........0.
	0x81, 0x80, 0x00, 0x18, 0x00, 0x00, 0x00, 0x00, 0x00, 0x00, 0x00, 0x60, 0xc8, 0x33, 0x01, 0x01, // ...........`.3..
	0x30, 0x00, 0x00, 0x00, 0x00, 0x00, 0x00, 0x00, 0xc0, 0x90, 0xa7, 0x02, 0x02, 0x60, 0x00, 0x00, // 0............`..
	0x00, 0x00, 0x00, 0x00, 0x00, 0x80, 0x2c, 0x10, 0x11, 0x00, 0x00, 0x00, 0x32, 0x1e, 0x98, 0x14, // ......,.....2...
	0x19, 0x11, 0x4c, 0x90, 0x8c, 0x09, 0x26, 0x47, 0xc6, 0x04, 0x43, 0x22, 0x4a, 0x60, 0x04, 0xa0, // ..L...&G..C"J`..
	0x20, 0x8a, 0xa1, 0x08, 0x4a, 0xa2, 0x40, 0xca, 0xa0, 0x3c, 0xa8, 0x28, 0x89, 0x32, 0x28, 0x84, //  ...J.@..<.(.2(.
	0x11, 0x80, 0x22, 0x28, 0x10, 0xda, 0x66, 0x00, 0xa8, 0x9b, 0x01, 0xa0, 0x6f, 0x06, 0x80, 0xc0, // .."(..f.....o...
	0xb1, 0x1c, 0x86, 0x00, 0x00, 0x00, 0x08, 0x04, 0x02, 0x79, 0x1e, 0x00, 0x00, 0x00, 0x00, 0x00, // .........y......
	0x79, 0x18, 0x00, 0x00, 0x6d, 0x00, 0x00, 0x00, 0x1a, 0x03, 0x4c, 0x90, 0x46, 0x02, 0x13, 0x44, // y...m.....L.F..D
	0x8f, 0x0c, 0x6f, 0xec, 0xed, 0x4d, 0x0c, 0x24, 0xc6, 0x05, 0xc7, 0x45, 0xa6, 0x06, 0x46, 0xc6, // ..o..M.$...E..F.
	0x25, 0x26, 0x06, 0x04, 0x45, 0x66, 0x26, 0x27, 0x47, 0x26, 0xa6, 0x46, 0x46, 0x26, 0x65, 0x43, // %&..Ef&'G&.FF&eC
	0x10, 0x4c, 0x10, 0x88, 0x63, 0x82, 0x40, 0x20, 0x1b, 0x84, 0x81, 0x98, 0x20, 0x10, 0xc9, 0x06, // .L..c.@ .... ...
	0x61, 0x30, 0x28, 0xc0, 0xcd, 0x4d, 0x10, 0x08, 0x65, 0xc3, 0x80, 0x24, 0xc4, 0x04, 0x61, 0xb3, // a0(..M..e..$..a.
	0x08, 0x4c, 0x10, 0x88, 0x65, 0x82, 0x40, 0x30, 0x1b, 0x04, 0xc2, 0xd9, 0x90, 0x10, 0x0b, 0x43, // .L..e.@0.......C
	0x10, 0x43, 0x43, 0x3c, 0x1b, 0x02, 0x68, 0x82, 0xd0, 0x5d, 0x13, 0x04, 0xa2, 0xd9, 0x80, 0x10, // .CC<..h..]......
	0x12, 0x43, 0x10, 0xc3, 0x04, 0x6c, 0x08, 0xa8, 0x09, 0xc2, 0x87, 0x6d, 0x40, 0x08, 0x8b, 0x21, // .C...l.....m@..!
	0x88, 0x81, 0x00, 0x36, 0x04, 0xd7, 0x06, 0x22, 0x02, 0x2a, 0x6c, 0x82, 0x00, 0x06, 0xd9, 0x86, // ...6...".*l.....
	0x40, 0x9b, 0x20, 0x08, 0x00, 0x89, 0xb6, 0xb0, 0x34, 0x37, 0x2e, 0x53, 0x56, 0x5f, 0x50, 0x6f, // @. .....47.SV_Po
	0x73, 0x69, 0x74, 0x69, 0x6f, 0x6e, 0x13, 0x84, 0x02, 0x9a, 0x20, 0x14, 0xd1, 0x86, 0x80, 0x98, // sition.... .....
	0x20, 0x14, 0xd2, 0x04, 0xa1, 0x98, 0x36, 0x2c, 0x84, 0xf7, 0x81, 0x41, 0x18, 0x88, 0xc1, 0x20, //  .....6,...A... 
	0x06, 0xc4, 0x18, 0x00, 0x2c, 0x86, 0x9e, 0x98, 0x9e, 0xa4, 0x26, 0x08, 0x05, 0x35, 0x41, 0x20, // ....,.....&..5A 
	0x9c, 0x09, 0x02, 0xf1, 0x6c, 0x10, 0xce, 0x00, 0x0d, 0x36, 0x2c, 0x43, 0x19, 0x7c, 0x63, 0x10, // ....l....6,C.|c.
	0x06, 0x66, 0x30, 0x88, 0xc1, 0x30, 0x06, 0x69, 0x40, 0x84, 0xaa, 0x08, 0x6b, 0xe8, 0xe9, 0x49, // .f0..0.i@...k..I
	0x8a, 0x68, 0x83, 0x70, 0x06, 0x67, 0xb0, 0x61, 0x69, 0xd6, 0xe0, 0x1b, 0x83, 0x30, 0x30, 0x83, // .h.p.g.ai....00.
	0xc1, 0x0c, 0x9a, 0x31, 0x60, 0x83, 0x0d, 0xc1, 0xb0, 0x61, 0x39, 0x83, 0x35, 0xf8, 0xc6, 0xc0, // ...1`....a9.5...
	0x0d, 0xcc, 0x60, 0x30, 0x83, 0xc6, 0x0c, 0xd8, 0x60, 0x03, 0x41, 0x06, 0x6a, 0xd0, 0x06, 0x6f, // ..`0....`.A.j..o
	0xc0, 0x64, 0xca, 0xea, 0x8b, 0x2a, 0x4c, 0xee, 0xac, 0x8c, 0x6e, 0x82, 0x50, 0x54, 0x1b, 0x16, // .d...*L...n.PT..
	0x22, 0x0e, 0x3e, 0x39, 0x08, 0x83, 0x31, 0x18, 0xc4, 0x80, 0x18, 0x83, 0x34, 0xd8, 0x10, 0xcc, // ".>9..1.....4...
	0xc1, 0x86, 0x01, 0x0e, 0xe8, 0x00, 0xd8, 0x50, 0x70, 0x5d, 0x1d, 0x64, 0x40, 0x15, 0x36, 0x36, // .......Pp].d@.66
	0xbb, 0x36, 0x97, 0x34, 0xb2, 0x32, 0x37, 0xba, 0x29, 0x41, 0x50, 0x85, 0x0c, 0xcf, 0xc5, 0xae, // .6.4.27.)AP.....
	0x4c, 0x6e, 0x2e, 0xed, 0xcd, 0x6d, 0x4a, 0x40, 0x34, 0x21, 0xc3, 0x73, 0xb1, 0x0b, 0x63, 0xb3, // Ln...mJ@4!.s..c.
	0x2b, 0x93, 0x9b, 0x12, 0x18, 0x75, 0xc8, 0xf0, 0x5c, 0xe6, 0xd0, 0xc2, 0xc8, 0xca, 0xe4, 0x9a, // +....u..........
	0xde, 0xc8, 0xca, 0xd8, 0xa6, 0x04, 0x49, 0x19, 0x32, 0x3c, 0x17, 0xb9, 0xb2, 0xb9, 0xb7, 0x3a, // ......I.2<.....:
	0xb9, 0xb1, 0xb2, 0xb9, 0x29, 0x01, 0x56, 0x87, 0x0c, 0xcf, 0xc5, 0x2e, 0xad, 0xec, 0x2e, 0x89, // ....).V.........
	0x6c, 0x8a, 0x2e, 0x8c, 0xae, 0x6c, 0x4a, 0xa0, 0xd5, 0x21, 0xc3, 0x73, 0x29, 0x73, 0xa3, 0x93, // l....lJ..!.s)s..
	0xcb, 0x83, 0x7a, 0x4b, 0x73, 0xa3, 0x9b, 0x9b, 0x12, 0xd4, 0x01, 0x00, 0x79, 0x18, 0x00, 0x00, // ..zKs.......y...
	0x51, 0x00, 0x00, 0x00, 0x33, 0x08, 0x80, 0x1c, 0xc4, 0xe1, 0x1c, 0x66, 0x14, 0x01, 0x3d, 0x88, // Q...3......f..=.
	0x43, 0x38, 0x84, 0xc3, 0x8c, 0x42, 0x80, 0x07, 0x79, 0x78, 0x07, 0x73, 0x98, 0x71, 0x0c, 0xe6, // C8...B..yx.s.q..
	0x00, 0x0f, 0xed, 0x10, 0x0e, 0xf4, 0x80, 0x0e, 0x33, 0x0c, 0x42, 0x1e, 0xc2, 0xc1, 0x1d, 0xce, // ........3.B.....
	0xa1, 0x1c, 0x66, 0x30, 0x05, 0x3d, 0x88, 0x43, 0x38, 0x84, 0x83, 0x1b, 0xcc, 0x03, 0x3d, 0xc8, // ..f0.=.C8.....=.
	0x43, 0x3d, 0x8c, 0x03, 0x3d, 0xcc, 0x78, 0x8c, 0x74, 0x70, 0x07, 0x7b, 0x08, 0x07, 0x79, 0x48, // C=..=.x.tp.{..yH
	0x87, 0x70, 0x70, 0x07, 0x7a, 0x70, 0x03, 0x76, 0x78, 0x87, 0x70, 0x20, 0x87, 0x19, 0xcc, 0x11, // .pp.zp.vx.p ....
	0x0e, 0xec, 0x90, 0x0e, 0xe1, 0x30, 0x0f, 0x6e, 0x30, 0x0f, 0xe3, 0xf0, 0x0e, 0xf0, 0x50, 0x0e, // .....0.n0.....P.
	0x33, 0x10, 0xc4, 0x1d, 0xde, 0x21, 0x1c, 0xd8, 0x21, 0x1d, 0xc2, 0x61, 0x1e, 0x66, 0x30, 0x89, // 3....!..!..a.f0.
	0x3b, 0xbc, 0x83, 0x3b, 0xd0, 0x43, 0x39, 0xb4, 0x03, 0x3c, 0xbc, 0x83, 0x3c, 0x84, 0x03, 0x3b, // ;..;.C9..<..<..;
	0xcc, 0xf0, 0x14, 0x76, 0x60, 0x07, 0x7b, 0x68, 0x07, 0x37, 0x68, 0x87, 0x72, 0x68, 0x07, 0x37, // ...v`.{h.7h.rh.7
	0x80, 0x87, 0x70, 0x90, 0x87, 0x70, 0x60, 0x07, 0x76, 0x28, 0x07, 0x76, 0xf8, 0x05, 0x76, 0x78, // ..p..p`.v(.v..vx
	0x87, 0x77, 0x80, 0x87, 0x5f, 0x08, 0x87, 0x71, 0x18, 0x87, 0x72, 0x98, 0x87, 0x79, 0x98, 0x81, // .w.._..q..r..y..
	0x2c, 0xee, 0xf0, 0x0e, 0xee, 0xe0, 0x0e, 0xf5, 0xc0, 0x0e, 0xec, 0x30, 0x03, 0x62, 0xc8, 0xa1, // ,..........0.b..
	0x1c, 0xe4, 0xa1, 0x1c, 0xcc, 0xa1, 0x1c, 0xe4, 0xa1, 0x1c, 0xdc, 0x61, 0x1c, 0xca, 0x21, 0x1c, // ...........a..!.
	0xc4, 0x81, 0x1d, 0xca, 0x61, 0x06, 0xd6, 0x90, 0x43, 0x39, 0xc8, 0x43, 0x39, 0x98, 0x43, 0x39, // ....a...C9.C9.C9
	0xc8, 0x43, 0x39, 0xb8, 0xc3, 0x38, 0x94, 0x43, 0x38, 0x88, 0x03, 0x3b, 0x94, 0xc3, 0x2f, 0xbc, // .C9..8.C8..;../.
	0x83, 0x3c, 0xfc, 0x82, 0x3b, 0xd4, 0x03, 0x3b, 0xb0, 0xc3, 0x0c, 0xc4, 0x21, 0x07, 0x7c, 0x70, // .<..;..;....!.|p
	0x03, 0x7a, 0x28, 0x87, 0x76, 0x80, 0x87, 0x19, 0xd1, 0x43, 0x0e, 0xf8, 0xe0, 0x06, 0xe4, 0x20, // .z(.v....C..... 
	0x0e, 0xe7, 0xe0, 0x06, 0xf6, 0x10, 0x0e, 0xf2, 0xc0, 0x0e, 0xe1, 0x90, 0x0f, 0xef, 0x50, 0x0f, // ..............P.
	0xf4, 0x30, 0x83, 0x81, 0xc8, 0x01, 0x1f, 0xdc, 0x40, 0x1c, 0xe4, 0xa1, 0x1c, 0xc2, 0x61, 0x1d, // .0......@.....a.
	0xdc, 0x40, 0x1c, 0xe4, 0x01, 0x00, 0x00, 0x00, 0x71, 0x20, 0x00, 0x00, 0x1b, 0x00, 0x00, 0x00, // .@......q ......
	0x56, 0xb0, 0x0d, 0x97, 0xef, 0x3c, 0xbe, 0x10, 0x50, 0x45, 0x41, 0x44, 0xa5, 0x03, 0x0c, 0x25, // V....<..PEAD...%
	0x61, 0x00, 0x02, 0xe6, 0x17, 0xb7, 0x6d, 0x06, 0xd2, 0x70, 0xf9, 0xce, 0xe3, 0x0b, 0x11, 0x01, // a.....m..p......
	0x4c, 0x44, 0x08, 0x34, 0xc3, 0x42, 0xd8, 0x40, 0x33, 0x5c, 0xbe, 0xf3, 0xf8, 0x03, 0x22, 0x09, // LD.4.B.@3.....".
	0x40, 0x34, 0x58, 0xc0, 0x34, 0x5c, 0xbe, 0xf3, 0xf8, 0x8b, 0x03, 0x0c, 0x62, 0xf3, 0x50, 0x93, // @4X.4.......b.P.
	0x5f, 0xdc, 0xb6, 0x11, 0x40, 0xc3, 0xe5, 0x3b, 0x8f, 0x2f, 0x01, 0xcc, 0xb3, 0x10, 0x7e, 0x71, // _...@..;./....~q
	0xdb, 0x26, 0x50, 0x0d, 0x97, 0xef, 0x3c, 0xbe, 0x34, 0x39, 0x11, 0x81, 0x52, 0xd3, 0x43, 0x4d, // .&P...<.49..R.CM
	0x7e, 0x71, 0xdb, 0x06, 0x40, 0x30, 0x00, 0xd2, 0x00, 0x00, 0x00, 0x00, 0x61, 0x20, 0x00, 0x00, // ~q..@0......a ..
	0x5d, 0x00, 0x00, 0x00, 0x13, 0x04, 0x44, 0x2c, 0x10, 0x00, 0x00, 0x00, 0x07, 0x00, 0x00, 0x00, // ].....D,........
	0xa4, 0xd4, 0x00, 0x11, 0x33, 0x00, 0x85, 0x50, 0x0a, 0x25, 0x57, 0x76, 0x45, 0x1a, 0x50, 0x78, // ....3..P.%WvE.Px
	0x54, 0x94, 0x00, 0x29, 0x23, 0x00, 0x34, 0xcc, 0x00, 0x00, 0x00, 0x00, 0x23, 0x06, 0x09, 0x00, // T..)#.4.....#...
	0x82, 0x60, 0x50, 0x7d, 0x87, 0xd4, 0x75, 0xc2, 0x88, 0x41, 0x02, 0x80, 0x20, 0x18, 0x54, 0x60, // .`P}..u..A.. .T`
	0x80, 0x54, 0x9e, 0x37, 0x8c, 0x18, 0x24, 0x00, 0x08, 0x82, 0x41, 0x15, 0x06, 0xc9, 0xf4, 0x7d, // .T.7..$...A....}
	0xc4, 0x88, 0x41, 0x02, 0x80, 0x20, 0x18, 0x18, 0x67, 0xc0, 0x68, 0x60, 0x50, 0x35, 0x23, 0x06, // ..A.. ..g.h`P5#.
	0x09, 0x00, 0x82, 0x60, 0x60, 0xa0, 0x41, 0xb3, 0x85, 0xc1, 0xe1, 0x8c, 0x18, 0x24, 0x00, 0x08, // ...``.A......$..
	0x82, 0x81, 0x91, 0x06, 0xce, 0x27, 0x06, 0xd7, 0x33, 0x62, 0x90, 0x00, 0x20, 0x08, 0x06, 0x86, // .....'..3b.. ...
	0x1a, 0x3c, 0x60, 0x30, 0x06, 0x09, 0x34, 0x62, 0x90, 0x00, 0x20, 0x08, 0x06, 0xc6, 0x1a, 0x40, // .<`0..4b.. ....@
	0x65, 0x40, 0x06, 0x59, 0x34, 0x62, 0x90, 0x00, 0x20, 0x08, 0x06, 0x06, 0x1b, 0x44, 0x66, 0x50, // e@.Y4b.. ....DfP
	0x06, 0x8b, 0x34, 0x62, 0x90, 0x00, 0x20, 0x08, 0x06, 0x46, 0x1b, 0x48, 0x67, 0x60, 0x06, 0xda, // ..4b.. ..F.Hg`..
	0x34, 0x62, 0x90, 0x00, 0x20, 0x08, 0x06, 0x86, 0x1b, 0x4c, 0x68, 0x70, 0x06, 0x1e, 0x35, 0x62, // 4b.. ....Lhp..5b
	0x70, 0x00, 0x20, 0x08, 0x06, 0xd3, 0x1a, 0x44, 0x09, 0x1a, 0x8c, 0x26, 0x04, 0xc0, 0x68, 0x82, // p. ....D...&..h.
	0x10, 0x0c, 0x47, 0x2c, 0x02, 0xf1, 0x0d, 0x47, 0x2c, 0x02, 0xf1, 0x95, 0x10, 0xec, 0x2c, 0x83, // ..G,...G,.....,.
	0x10, 0x04, 0xa3, 0x09, 0x86, 0x30, 0x9a, 0x70, 0x0c, 0xc3, 0x11, 0x90, 0x20, 0x7c, 0xc3, 0x11, // .....0.p.... |..
	0x90, 0x20, 0x7c, 0x25, 0x04, 0x3b, 0xcb, 0x20, 0x0c, 0xc1, 0x88, 0x81, 0x01, 0x80, 0x20, 0x18, // . |%.;. ...... .
	0x2c, 0x78, 0xb0, 0x85, 0xc1, 0x2c, 0xc1, 0x30, 0x62, 0xf0, 0x00, 0x20, 0x08, 0x06, 0xd0, 0x1d, // ,x...,.0b.. ....
	0x68, 0x56, 0x15, 0x41, 0xd7, 0x35, 0x07, 0x73, 0x00, 0x06, 0xd7, 0x68, 0x42, 0x00, 0x8c, 0x26, // hV.A.5.s...hB..&
	0x08, 0xc1, 0x68, 0xc2, 0x20, 0x8c, 0x26, 0x10, 0x83, 0x11, 0x94, 0x7c, 0x8c, 0xa0, 0xe4, 0x63, // ..h. .&....|...c
	0x04, 0x25, 0x1f, 0x23, 0x28, 0xf9, 0x8c, 0x18, 0x24, 0x00, 0x08, 0x82, 0x01, 0x22, 0x0a, 0x67, // .%.#(...$....".g
	0xc0, 0x07, 0x7c, 0x10, 0x07, 0xc4, 0x88, 0x41, 0x02, 0x80, 0x20, 0x18, 0x20, 0xa2, 0x70, 0x06, // ..|....A.. . .p.
	0x7c, 0xc0, 0x07, 0x62, 0x30, 0x8c, 0x18, 0x24, 0x00, 0x08, 0x82, 0x01, 0x22, 0x0a, 0x67, 0xc0, // |..b0..$....".g.
	0x07, 0x7c, 0x00, 0x07, 0xc2, 0x88, 0x41, 0x02, 0x80, 0x20, 0x18, 0x20, 0xa2, 0x70, 0x06, 0x7c, // .|....A.. . .p.|
	0xc0, 0x07, 0x73, 0x10, 0x20, 0x00, 0x00, 0x00, 0x00, 0x00, 0x00, 0x00, 0x00, 0x00, 0x10, 0x00, // ..s. ...........
};
static const uint8_t fs_imgui_st_spv[1448] =
{
	0x46, 0x53, 0x48, 0x0c, 0x4f, 0x45, 0x98, 0x49, 0x00, 0x00, 0x00, 0x00, 0x00, 0x00, 0x00, 0x00, // FSH.OE.I........
	0x00, 0x00, 0x00, 0x00, 0x02, 0x00, 0x0a, 0x63, 0x6c, 0x69, 0x70, 0x5f, 0x70, 0x6c, 0x61, 0x6e, // .......clip_plan
	0x65, 0x12, 0x01, 0x00, 0x00, 0x01, 0x00, 0x00, 0x00, 0x00, 0x00, 0x0e, 0x74, 0x65, 0x78, 0x5f, // e...........tex_
	0x62, 0x61, 0x73, 0x65, 0x5f, 0x63, 0x6f, 0x6c, 0x6f, 0x72, 0x30, 0x00, 0x02, 0x00, 0x00, 0x00, // base_color0.....
	0x00, 0x02, 0x29, 0x00, 0x5c, 0x05, 0x00, 0x00, 0x03, 0x02, 0x23, 0x07, 0x00, 0x00, 0x01, 0x00, // ..).......#.....
	0x0b, 0x00, 0x08, 0x00, 0xdd, 0x00, 0x00, 0x00, 0x00, 0x00, 0x00, 0x00, 0x11, 0x00, 0x02, 0x00, // ................
	0x01, 0x00, 0x00, 0x00, 0x0b, 0x00, 0x06, 0x00, 0x01, 0x00, 0x00, 0x00, 0x47, 0x4c, 0x53, 0x4c, // ............GLSL
	0x2e, 0x73, 0x74, 0x64, 0x2e, 0x34, 0x35, 0x30, 0x00, 0x00, 0x00, 0x00, 0x0e, 0x00, 0x03, 0x00, // .std.450........
	0x00, 0x00, 0x00, 0x00, 0x01, 0x00, 0x00, 0x00, 0x0f, 0x00, 0x09, 0x00, 0x04, 0x00, 0x00, 0x00, // ................
	0x04, 0x00, 0x00, 0x00, 0x6d, 0x61, 0x69, 0x6e, 0x00, 0x00, 0x00, 0x00, 0x7a, 0x00, 0x00, 0x00, // ....main....z...
	0x7e, 0x00, 0x00, 0x00, 0x81, 0x00, 0x00, 0x00, 0x90, 0x00, 0x00, 0x00, 0x10, 0x00, 0x03, 0x00, // ~...............
	0x04, 0x00, 0x00, 0x00, 0x07, 0x00, 0x00, 0x00, 0x03, 0x00, 0x03, 0x00, 0x05, 0x00, 0x00, 0x00, // ................
	0xf4, 0x01, 0x00, 0x00, 0x05, 0x00, 0x04, 0x00, 0x04, 0x00, 0x00, 0x00, 0x6d, 0x61, 0x69, 0x6e, // ............main
	0x00, 0x00, 0x00, 0x00, 0x05, 0x00, 0x08, 0x00, 0x2f, 0x00, 0x00, 0x00, 0x74, 0x65, 0x78, 0x5f, // ......../...tex_
	0x62, 0x61, 0x73, 0x65, 0x5f, 0x63, 0x6f, 0x6c, 0x6f, 0x72, 0x53, 0x61, 0x6d, 0x70, 0x6c, 0x65, // base_colorSample
	0x72, 0x00, 0x00, 0x00, 0x05, 0x00, 0x08, 0x00, 0x32, 0x00, 0x00, 0x00, 0x74, 0x65, 0x78, 0x5f, // r.......2...tex_
	0x62, 0x61, 0x73, 0x65, 0x5f, 0x63, 0x6f, 0x6c, 0x6f, 0x72, 0x54, 0x65, 0x78, 0x74, 0x75, 0x72, // base_colorTextur
	0x65, 0x00, 0x00, 0x00, 0x05, 0x00, 0x06, 0x00, 0x56, 0x00, 0x00, 0x00, 0x55, 0x6e, 0x69, 0x66, // e.......V...Unif
	0x6f, 0x72, 0x6d, 0x42, 0x6c, 0x6f, 0x63, 0x6b, 0x00, 0x00, 0x00, 0x00, 0x06, 0x00, 0x06, 0x00, // ormBlock........
	0x56, 0x00, 0x00, 0x00, 0x00, 0x00, 0x00, 0x00, 0x63, 0x6c, 0x69, 0x70, 0x5f, 0x70, 0x6c, 0x61, // V.......clip_pla
	0x6e, 0x65, 0x00, 0x00, 0x05, 0x00, 0x03, 0x00, 0x58, 0x00, 0x00, 0x00, 0x00, 0x00, 0x00, 0x00, // ne......X.......
	0x05, 0x00, 0x05, 0x00, 0x7a, 0x00, 0x00, 0x00, 0x76, 0x5f, 0x63, 0x6f, 0x6c, 0x6f, 0x72, 0x30, // ....z...v_color0
	0x00, 0x00, 0x00, 0x00, 0x05, 0x00, 0x05, 0x00, 0x7e, 0x00, 0x00, 0x00, 0x76, 0x5f, 0x74, 0x65, // ........~...v_te
	0x78, 0x63, 0x6f, 0x6f, 0x72, 0x64, 0x30, 0x00, 0x05, 0x00, 0x05, 0x00, 0x81, 0x00, 0x00, 0x00, // xcoord0.........
	0x76, 0x5f, 0x74, 0x65, 0x78, 0x63, 0x6f, 0x6f, 0x72, 0x64, 0x31, 0x00, 0x05, 0x00, 0x06, 0x00, // v_texcoord1.....
	0x90, 0x00, 0x00, 0x00, 0x62, 0x67, 0x66, 0x78, 0x5f, 0x46, 0x72, 0x61, 0x67, 0x44, 0x61, 0x74, // ....bgfx_FragDat
	0x61, 0x30, 0x00, 0x00, 0x47, 0x00, 0x04, 0x00, 0x2f, 0x00, 0x00, 0x00, 0x21, 0x00, 0x00, 0x00, // a0..G.../...!...
	0x12, 0x00, 0x00, 0x00, 0x47, 0x00, 0x04, 0x00, 0x2f, 0x00, 0x00, 0x00, 0x22, 0x00, 0x00, 0x00, // ....G.../..."...
	0x00, 0x00, 0x00, 0x00, 0x47, 0x00, 0x04, 0x00, 0x32, 0x00, 0x00, 0x00, 0x21, 0x00, 0x00, 0x00, // ....G...2...!...
	0x02, 0x00, 0x00, 0x00, 0x47, 0x00, 0x04, 0x00, 0x32, 0x00, 0x00, 0x00, 0x22, 0x00, 0x00, 0x00, // ....G...2..."...
	0x00, 0x00, 0x00, 0x00, 0x47, 0x00, 0x03, 0x00, 0x56, 0x00, 0x00, 0x00, 0x02, 0x00, 0x00, 0x00, // ....G...V.......
	0x48, 0x00, 0x05, 0x00, 0x56, 0x00, 0x00, 0x00, 0x00, 0x00, 0x00, 0x00, 0x23, 0x00, 0x00, 0x00, // H...V.......#...
	0x00, 0x00, 0x00, 0x00, 0x47, 0x00, 0x04, 0x00, 0x58, 0x00, 0x00, 0x00, 0x21, 0x00, 0x00, 0x00, // ....G...X...!...
	0x01, 0x00, 0x00, 0x00, 0x47, 0x00, 0x04, 0x00, 0x58, 0x00, 0x00, 0x00, 0x22, 0x00, 0x00, 0x00, // ....G...X..."...
	0x00, 0x00, 0x00, 0x00, 0x47, 0x00, 0x04, 0x00, 0x7a, 0x00, 0x00, 0x00, 0x1e, 0x00, 0x00, 0x00, // ....G...z.......
	0x00, 0x00, 0x00, 0x00, 0x47, 0x00, 0x04, 0x00, 0x7e, 0x00, 0x00, 0x00, 0x1e, 0x00, 0x00, 0x00, // ....G...~.......
	0x01, 0x00, 0x00, 0x00, 0x47, 0x00, 0x04, 0x00, 0x81, 0x00, 0x00, 0x00, 0x1e, 0x00, 0x00, 0x00, // ....G...........
	0x02, 0x00, 0x00, 0x00, 0x47, 0x00, 0x04, 0x00, 0x90, 0x00, 0x00, 0x00, 0x1e, 0x00, 0x00, 0x00, // ....G...........
	0x00, 0x00, 0x00, 0x00, 0x13, 0x00, 0x02, 0x00, 0x02, 0x00, 0x00, 0x00, 0x21, 0x00, 0x03, 0x00, // ............!...
	0x03, 0x00, 0x00, 0x00, 0x02, 0x00, 0x00, 0x00, 0x1a, 0x00, 0x02, 0x00, 0x06, 0x00, 0x00, 0x00, // ................
	0x16, 0x00, 0x03, 0x00, 0x07, 0x00, 0x00, 0x00, 0x20, 0x00, 0x00, 0x00, 0x19, 0x00, 0x09, 0x00, // ........ .......
	0x08, 0x00, 0x00, 0x00, 0x07, 0x00, 0x00, 0x00, 0x01, 0x00, 0x00, 0x00, 0x00, 0x00, 0x00, 0x00, // ................
	0x00, 0x00, 0x00, 0x00, 0x00, 0x00, 0x00, 0x00, 0x01, 0x00, 0x00, 0x00, 0x00, 0x00, 0x00, 0x00, // ................
	0x17, 0x00, 0x04, 0x00, 0x0b, 0x00, 0x00, 0x00, 0x07, 0x00, 0x00, 0x00, 0x02, 0x00, 0x00, 0x00, // ................
	0x17, 0x00, 0x04, 0x00, 0x0d, 0x00, 0x00, 0x00, 0x07, 0x00, 0x00, 0x00, 0x04, 0x00, 0x00, 0x00, // ................
	0x14, 0x00, 0x02, 0x00, 0x13, 0x00, 0x00, 0x00, 0x17, 0x00, 0x04, 0x00, 0x14, 0x00, 0x00, 0x00, // ................
	0x13, 0x00, 0x00, 0x00, 0x02, 0x00, 0x00, 0x00, 0x20, 0x00, 0x04, 0x00, 0x2e, 0x00, 0x00, 0x00, // ........ .......
	0x00, 0x00, 0x00, 0x00, 0x06, 0x00, 0x00, 0x00, 0x3b, 0x00, 0x04, 0x00, 0x2e, 0x00, 0x00, 0x00, // ........;.......
	0x2f, 0x00, 0x00, 0x00, 0x00, 0x00, 0x00, 0x00, 0x20, 0x00, 0x04, 0x00, 0x31, 0x00, 0x00, 0x00, // /....... ...1...
	0x00, 0x00, 0x00, 0x00, 0x08, 0x00, 0x00, 0x00, 0x3b, 0x00, 0x04, 0x00, 0x31, 0x00, 0x00, 0x00, // ........;...1...
	0x32, 0x00, 0x00, 0x00, 0x00, 0x00, 0x00, 0x00, 0x15, 0x00, 0x04, 0x00, 0x35, 0x00, 0x00, 0x00, // 2...........5...
	0x20, 0x00, 0x00, 0x00, 0x01, 0x00, 0x00, 0x00, 0x2b, 0x00, 0x04, 0x00, 0x35, 0x00, 0x00, 0x00, //  .......+...5...
	0x3a, 0x00, 0x00, 0x00, 0x00, 0x00, 0x00, 0x00, 0x1b, 0x00, 0x03, 0x00, 0x3e, 0x00, 0x00, 0x00, // :...........>...
	0x08, 0x00, 0x00, 0x00, 0x1e, 0x00, 0x03, 0x00, 0x56, 0x00, 0x00, 0x00, 0x0d, 0x00, 0x00, 0x00, // ........V.......
	0x20, 0x00, 0x04, 0x00, 0x57, 0x00, 0x00, 0x00, 0x02, 0x00, 0x00, 0x00, 0x56, 0x00, 0x00, 0x00, //  ...W.......V...
	0x3b, 0x00, 0x04, 0x00, 0x57, 0x00, 0x00, 0x00, 0x58, 0x00, 0x00, 0x00, 0x02, 0x00, 0x00, 0x00, // ;...W...X.......
	0x20, 0x00, 0x04, 0x00, 0x5c, 0x00, 0x00, 0x00, 0x02, 0x00, 0x00, 0x00, 0x0d, 0x00, 0x00, 0x00, //  ...............
	0x20, 0x00, 0x04, 0x00, 0x76, 0x00, 0x00, 0x00, 0x01, 0x00, 0x00, 0x00, 0x0d, 0x00, 0x00, 0x00, //  ...v...........
	0x3b, 0x00, 0x04, 0x00, 0x76, 0x00, 0x00, 0x00, 0x7a, 0x00, 0x00, 0x00, 0x01, 0x00, 0x00, 0x00, // ;...v...z.......
	0x20, 0x00, 0x04, 0x00, 0x7d, 0x00, 0x00, 0x00, 0x01, 0x00, 0x00, 0x00, 0x0b, 0x00, 0x00, 0x00, //  ...}...........
	0x3b, 0x00, 0x04, 0x00, 0x7d, 0x00, 0x00, 0x00, 0x7e, 0x00, 0x00, 0x00, 0x01, 0x00, 0x00, 0x00, // ;...}...~.......
	0x3b, 0x00, 0x04, 0x00, 0x7d, 0x00, 0x00, 0x00, 0x81, 0x00, 0x00, 0x00, 0x01, 0x00, 0x00, 0x00, // ;...}...........
	0x20, 0x00, 0x04, 0x00, 0x8f, 0x00, 0x00, 0x00, 0x03, 0x00, 0x00, 0x00, 0x0d, 0x00, 0x00, 0x00, //  ...............
	0x3b, 0x00, 0x04, 0x00, 0x8f, 0x00, 0x00, 0x00, 0x90, 0x00, 0x00, 0x00, 0x03, 0x00, 0x00, 0x00, // ;...............
	0x36, 0x00, 0x05, 0x00, 0x02, 0x00, 0x00, 0x00, 0x04, 0x00, 0x00, 0x00, 0x00, 0x00, 0x00, 0x00, // 6...............
	0x03, 0x00, 0x00, 0x00, 0xf8, 0x00, 0x02, 0x00, 0x05, 0x00, 0x00, 0x00, 0x3d, 0x00, 0x04, 0x00, // ............=...
	0x06, 0x00, 0x00, 0x00, 0x30, 0x00, 0x00, 0x00, 0x2f, 0x00, 0x00, 0x00, 0x3d, 0x00, 0x04, 0x00, // ....0.../...=...
	0x08, 0x00, 0x00, 0x00, 0x33, 0x00, 0x00, 0x00, 0x32, 0x00, 0x00, 0x00, 0x3d, 0x00, 0x04, 0x00, // ....3...2...=...
	0x0d, 0x00, 0x00, 0x00, 0x7b, 0x00, 0x00, 0x00, 0x7a, 0x00, 0x00, 0x00, 0x3d, 0x00, 0x04, 0x00, // ....{...z...=...
	0x0b, 0x00, 0x00, 0x00, 0x7f, 0x00, 0x00, 0x00, 0x7e, 0x00, 0x00, 0x00, 0x3d, 0x00, 0x04, 0x00, // ........~...=...
	0x0b, 0x00, 0x00, 0x00, 0x82, 0x00, 0x00, 0x00, 0x81, 0x00, 0x00, 0x00, 0x41, 0x00, 0x05, 0x00, // ............A...
	0x5c, 0x00, 0x00, 0x00, 0xb1, 0x00, 0x00, 0x00, 0x58, 0x00, 0x00, 0x00, 0x3a, 0x00, 0x00, 0x00, // ........X...:...
	0x3d, 0x00, 0x04, 0x00, 0x0d, 0x00, 0x00, 0x00, 0xb2, 0x00, 0x00, 0x00, 0xb1, 0x00, 0x00, 0x00, // =...............
	0x4f, 0x00, 0x07, 0x00, 0x0b, 0x00, 0x00, 0x00, 0xb3, 0x00, 0x00, 0x00, 0xb2, 0x00, 0x00, 0x00, // O...............
	0xb2, 0x00, 0x00, 0x00, 0x00, 0x00, 0x00, 0x00, 0x01, 0x00, 0x00, 0x00, 0xb8, 0x00, 0x05, 0x00, // ................
	0x14, 0x00, 0x00, 0x00, 0xce, 0x00, 0x00, 0x00, 0x82, 0x00, 0x00, 0x00, 0xb3, 0x00, 0x00, 0x00, // ................
	0x9a, 0x00, 0x04, 0x00, 0x13, 0x00, 0x00, 0x00, 0xb5, 0x00, 0x00, 0x00, 0xce, 0x00, 0x00, 0x00, // ................
	0x4f, 0x00, 0x07, 0x00, 0x0b, 0x00, 0x00, 0x00, 0xb9, 0x00, 0x00, 0x00, 0xb2, 0x00, 0x00, 0x00, // O...............
	0xb2, 0x00, 0x00, 0x00, 0x02, 0x00, 0x00, 0x00, 0x03, 0x00, 0x00, 0x00, 0xba, 0x00, 0x05, 0x00, // ................
	0x14, 0x00, 0x00, 0x00, 0xd3, 0x00, 0x00, 0x00, 0x82, 0x00, 0x00, 0x00, 0xb9, 0x00, 0x00, 0x00, // ................
	0x9a, 0x00, 0x04, 0x00, 0x13, 0x00, 0x00, 0x00, 0xbb, 0x00, 0x00, 0x00, 0xd3, 0x00, 0x00, 0x00, // ................
	0xa6, 0x00, 0x05, 0x00, 0x13, 0x00, 0x00, 0x00, 0xbc, 0x00, 0x00, 0x00, 0xb5, 0x00, 0x00, 0x00, // ................
	0xbb, 0x00, 0x00, 0x00, 0xf7, 0x00, 0x03, 0x00, 0xbe, 0x00, 0x00, 0x00, 0x00, 0x00, 0x00, 0x00, // ................
	0xfa, 0x00, 0x04, 0x00, 0xbc, 0x00, 0x00, 0x00, 0xbd, 0x00, 0x00, 0x00, 0xbe, 0x00, 0x00, 0x00, // ................
	0xf8, 0x00, 0x02, 0x00, 0xbd, 0x00, 0x00, 0x00, 0xfc, 0x00, 0x01, 0x00, 0xf8, 0x00, 0x02, 0x00, // ................
	0xbe, 0x00, 0x00, 0x00, 0x56, 0x00, 0x05, 0x00, 0x3e, 0x00, 0x00, 0x00, 0xda, 0x00, 0x00, 0x00, // ....V...>.......
	0x33, 0x00, 0x00, 0x00, 0x30, 0x00, 0x00, 0x00, 0x57, 0x00, 0x05, 0x00, 0x0d, 0x00, 0x00, 0x00, // 3...0...W.......
	0xdc, 0x00, 0x00, 0x00, 0xda, 0x00, 0x00, 0x00, 0x7f, 0x00, 0x00, 0x00, 0x85, 0x00, 0x05, 0x00, // ................
	0x0d, 0x00, 0x00, 0x00, 0xc3, 0x00, 0x00, 0x00, 0xdc, 0x00, 0x00, 0x00, 0x7b, 0x00, 0x00, 0x00, // ............{...
	0x3e, 0x00, 0x03, 0x00, 0x90, 0x00, 0x00, 0x00, 0xc3, 0x00, 0x00, 0x00, 0xfd, 0x00, 0x01, 0x00, // >...............
	0x38, 0x00, 0x01, 0x00, 0x00, 0x00, 0x10, 0x00,                                                 // 8.......
};
static const bgfx::EmbeddedShader fs_imgui_st = BGFX_EMBEDDED_SHADER(fs_imgui_st);
